geo,country,year,estimate,measure,value
AL,Albania,2014,False,core_nat_currency_2021_m,20446.0
AL,Albania,2015,False,core_nat_currency_2021_m,18003.0
AL,Albania,2016,False,core_nat_currency_2021_m,17702.0
AL,Albania,2017,False,core_nat_currency_2021_m,18238.0
AL,Albania,2018,False,core_nat_currency_2021_m,19854.0
AL,Albania,2019,False,core_nat_currency_2021_m,22426.0
AL,Albania,2020,False,core_nat_currency_2021_m,22083.0
AL,Albania,2021,False,core_nat_currency_2021_m,23072.0
AL,Albania,2022,False,core_nat_currency_2021_m,23528.0
AL,Albania,2023,False,core_nat_currency_2021_m,26297.0
AL,Albania,2024,False,core_nat_currency_2021_m,28665.0
AL,Albania,2025,True,core_nat_currency_2021_m,32452.0
AL,Albania,2026,True,core_nat_currency_2021_m,48689.0
BE,Belgio,2014,False,core_nat_currency_2021_m,4445.0
BE,Belgio,2015,False,core_nat_currency_2021_m,4256.0
BE,Belgio,2016,False,core_nat_currency_2021_m,4242.0
BE,Belgio,2017,False,core_nat_currency_2021_m,4251.0
BE,Belgio,2018,False,core_nat_currency_2021_m,4358.0
BE,Belgio,2019,False,core_nat_currency_2021_m,4437.0
BE,Belgio,2020,False,core_nat_currency_2021_m,4790.0
BE,Belgio,2021,False,core_nat_currency_2021_m,5276.0
BE,Belgio,2022,False,core_nat_currency_2021_m,6140.0
BE,Belgio,2023,False,core_nat_currency_2021_m,6197.0
BE,Belgio,2024,False,core_nat_currency_2021_m,6889.0
BE,Belgio,2025,True,core_nat_currency_2021_m,10920.0
BE,Belgio,2026,True,core_nat_currency_2021_m,11007.0
BG,Bulgaria,2014,False,core_nat_currency_2021_m,769.0
BG,Bulgaria,2015,False,core_nat_currency_2021_m,757.0
BG,Bulgaria,2016,False,core_nat_currency_2021_m,778.0
BG,Bulgaria,2017,False,core_nat_currency_2021_m,786.0
BG,Bulgaria,2018,False,core_nat_currency_2021_m,957.0
BG,Bulgaria,2019,False,core_nat_currency_2021_m,2152.0
BG,Bulgaria,2020,False,core_nat_currency_2021_m,1050.0
BG,Bulgaria,2021,False,core_nat_currency_2021_m,1078.0
BG,Bulgaria,2022,False,core_nat_currency_2021_m,1179.0
BG,Bulgaria,2023,False,core_nat_currency_2021_m,1471.0
BG,Bulgaria,2024,False,core_nat_currency_2021_m,1510.0
BG,Bulgaria,2025,True,core_nat_currency_2021_m,1716.0
BG,Bulgaria,2026,True,core_nat_currency_2021_m,1833.0
CA,Canada,2014,False,core_nat_currency_2021_m,23120.0
CA,Canada,2015,False,core_nat_currency_2021_m,27764.0
CA,Canada,2016,False,core_nat_currency_2021_m,27076.0
CA,Canada,2017,False,core_nat_currency_2021_m,34591.0
CA,Canada,2018,False,core_nat_currency_2021_m,32108.0
CA,Canada,2019,False,core_nat_currency_2021_m,32626.0
CA,Canada,2020,False,core_nat_currency_2021_m,33725.0
CA,Canada,2021,False,core_nat_currency_2021_m,31976.0
CA,Canada,2022,False,core_nat_currency_2021_m,31244.0
CA,Canada,2023,False,core_nat_currency_2021_m,35039.0
CA,Canada,2024,False,core_nat_currency_2021_m,39022.0
CA,Canada,2025,True,core_nat_currency_2021_m,57099.0
CA,Canada,2026,True,core_nat_currency_2021_m,60495.0
CZ,Cechia,2014,False,core_nat_currency_2021_m,49725.0
CZ,Cechia,2015,False,core_nat_currency_2021_m,56618.0
CZ,Cechia,2016,False,core_nat_currency_2021_m,53820.0
CZ,Cechia,2017,False,core_nat_currency_2021_m,61300.0
CZ,Cechia,2018,False,core_nat_currency_2021_m,67467.0
CZ,Cechia,2019,False,core_nat_currency_2021_m,74346.0
CZ,Cechia,2020,False,core_nat_currency_2021_m,77254.0
CZ,Cechia,2021,False,core_nat_currency_2021_m,84864.0
CZ,Cechia,2022,False,core_nat_currency_2021_m,83707.0
CZ,Cechia,2023,False,core_nat_currency_2021_m,85351.0
CZ,Cechia,2024,False,core_nat_currency_2021_m,130438.0
CZ,Cechia,2025,True,core_nat_currency_2021_m,125164.0
CZ,Cechia,2026,True,core_nat_currency_2021_m,138339.0
DE,Germania,2014,False,core_nat_currency_2021_m,39448.0
DE,Germania,2015,False,core_nat_currency_2021_m,40054.0
DE,Germania,2016,False,core_nat_currency_2021_m,41429.0
DE,Germania,2017,False,core_nat_currency_2021_m,43724.0
DE,Germania,2018,False,core_nat_currency_2021_m,44905.0
DE,Germania,2019,False,core_nat_currency_2021_m,49043.0
DE,Germania,2020,False,core_nat_currency_2021_m,52774.0
DE,Germania,2021,False,core_nat_currency_2021_m,52431.0
DE,Germania,2022,False,core_nat_currency_2021_m,54751.0
DE,Germania,2023,False,core_nat_currency_2021_m,59554.0
DE,Germania,2024,False,core_nat_currency_2021_m,74002.0
DE,Germania,2025,True,core_nat_currency_2021_m,82331.0
DE,Germania,2026,True,core_nat_currency_2021_m,100681.0
DK,Danimarca,2014,False,core_nat_currency_2021_m,24976.0
DK,Danimarca,2015,False,core_nat_currency_2021_m,24726.0
DK,Danimarca,2016,False,core_nat_currency_2021_m,26314.0
DK,Danimarca,2017,False,core_nat_currency_2021_m,26858.0
DK,Danimarca,2018,False,core_nat_currency_2021_m,30792.0
DK,Danimarca,2019,False,core_nat_currency_2021_m,31712.0
DK,Danimarca,2020,False,core_nat_currency_2021_m,32935.0
DK,Danimarca,2021,False,core_nat_currency_2021_m,33161.0
DK,Danimarca,2022,False,core_nat_currency_2021_m,35079.0
DK,Danimarca,2023,False,core_nat_currency_2021_m,51903.0
DK,Danimarca,2024,False,core_nat_currency_2021_m,61130.0
DK,Danimarca,2025,True,core_nat_currency_2021_m,89908.0
DK,Danimarca,2026,True,core_nat_currency_2021_m,98398.0
EE,Estonia,2014,False,core_nat_currency_2021_m,474.0
EE,Estonia,2015,False,core_nat_currency_2021_m,508.0
EE,Estonia,2016,False,core_nat_currency_2021_m,533.0
EE,Estonia,2017,False,core_nat_currency_2021_m,547.0
EE,Estonia,2018,False,core_nat_currency_2021_m,567.0
EE,Estonia,2019,False,core_nat_currency_2021_m,596.0
EE,Estonia,2020,False,core_nat_currency_2021_m,657.0
EE,Estonia,2021,False,core_nat_currency_2021_m,633.0
EE,Estonia,2022,False,core_nat_currency_2021_m,666.0
EE,Estonia,2023,False,core_nat_currency_2021_m,900.0
EE,Estonia,2024,False,core_nat_currency_2021_m,996.0
EE,Estonia,2025,True,core_nat_currency_2021_m,1189.0
EE,Estonia,2026,True,core_nat_currency_2021_m,1574.0
EL,Grecia,2014,False,core_nat_currency_2021_m,3961.0
EL,Grecia,2015,False,core_nat_currency_2021_m,4103.0
EL,Grecia,2016,False,core_nat_currency_2021_m,4242.0
EL,Grecia,2017,False,core_nat_currency_2021_m,4252.0
EL,Grecia,2018,False,core_nat_currency_2021_m,4618.0
EL,Grecia,2019,False,core_nat_currency_2021_m,4529.0
EL,Grecia,2020,False,core_nat_currency_2021_m,4879.0
EL,Grecia,2021,False,core_nat_currency_2021_m,6764.0
EL,Grecia,2022,False,core_nat_currency_2021_m,7578.0
EL,Grecia,2023,False,core_nat_currency_2021_m,5510.0
EL,Grecia,2024,False,core_nat_currency_2021_m,5631.0
EL,Grecia,2025,True,core_nat_currency_2021_m,5791.0
EL,Grecia,2026,True,core_nat_currency_2021_m,7711.0
ES,Spagna,2014,False,core_nat_currency_2021_m,10343.0
ES,Spagna,2015,False,core_nat_currency_2021_m,10819.0
ES,Spagna,2016,False,core_nat_currency_2021_m,9716.0
ES,Spagna,2017,False,core_nat_currency_2021_m,11207.0
ES,Spagna,2018,False,core_nat_currency_2021_m,11753.0
ES,Spagna,2019,False,core_nat_currency_2021_m,11701.0
ES,Spagna,2020,False,core_nat_currency_2021_m,11527.0
ES,Spagna,2021,False,core_nat_currency_2021_m,12546.0
ES,Spagna,2022,False,core_nat_currency_2021_m,14910.0
ES,Spagna,2023,False,core_nat_currency_2021_m,15689.0
ES,Spagna,2024,False,core_nat_currency_2021_m,19828.0
ES,Spagna,2025,True,core_nat_currency_2021_m,28648.0
ES,Spagna,2026,True,core_nat_currency_2021_m,29276.0
FI,Finlandia,2014,False,core_nat_currency_2021_m,3320.0
FI,Finlandia,2015,False,core_nat_currency_2021_m,3334.0
FI,Finlandia,2016,False,core_nat_currency_2021_m,3358.0
FI,Finlandia,2017,False,core_nat_currency_2021_m,3375.0
FI,Finlandia,2018,False,core_nat_currency_2021_m,3423.0
FI,Finlandia,2019,False,core_nat_currency_2021_m,3628.0
FI,Finlandia,2020,False,core_nat_currency_2021_m,3732.0
FI,Finlandia,2021,False,core_nat_currency_2021_m,3503.0
FI,Finlandia,2022,False,core_nat_currency_2021_m,4224.0
FI,Finlandia,2023,False,core_nat_currency_2021_m,5252.0
FI,Finlandia,2024,False,core_nat_currency_2021_m,5241.0
FI,Finlandia,2025,True,core_nat_currency_2021_m,6850.0
FI,Finlandia,2026,True,core_nat_currency_2021_m,6637.0
FR,Francia,2014,False,core_nat_currency_2021_m,42703.0
FR,Francia,2015,False,core_nat_currency_2021_m,42278.0
FR,Francia,2016,False,core_nat_currency_2021_m,42864.0
FR,Francia,2017,False,core_nat_currency_2021_m,43579.0
FR,Francia,2018,False,core_nat_currency_2021_m,45099.0
FR,Francia,2019,False,core_nat_currency_2021_m,46079.0
FR,Francia,2020,False,core_nat_currency_2021_m,46579.0
FR,Francia,2021,False,core_nat_currency_2021_m,47702.0
FR,Francia,2022,False,core_nat_currency_2021_m,48114.0
FR,Francia,2023,False,core_nat_currency_2021_m,49116.0
FR,Francia,2024,False,core_nat_currency_2021_m,53843.0
FR,Francia,2025,True,core_nat_currency_2021_m,54589.0
FR,Francia,2026,True,core_nat_currency_2021_m,59543.0
HR,Croazia,2014,False,core_nat_currency_2021_m,881.0
HR,Croazia,2015,False,core_nat_currency_2021_m,871.0
HR,Croazia,2016,False,core_nat_currency_2021_m,819.0
HR,Croazia,2017,False,core_nat_currency_2021_m,870.0
HR,Croazia,2018,False,core_nat_currency_2021_m,845.0
HR,Croazia,2019,False,core_nat_currency_2021_m,906.0
HR,Croazia,2020,False,core_nat_currency_2021_m,879.0
HR,Croazia,2021,False,core_nat_currency_2021_m,1150.0
HR,Croazia,2022,False,core_nat_currency_2021_m,1128.0
HR,Croazia,2023,False,core_nat_currency_2021_m,1069.0
HR,Croazia,2024,False,core_nat_currency_2021_m,1246.0
HR,Croazia,2025,True,core_nat_currency_2021_m,1441.0
HR,Croazia,2026,True,core_nat_currency_2021_m,1455.0
HU,Ungheria,2014,False,core_nat_currency_2021_m,378458.0
HU,Ungheria,2015,False,core_nat_currency_2021_m,413810.0
HU,Ungheria,2016,False,core_nat_currency_2021_m,468392.0
HU,Ungheria,2017,False,core_nat_currency_2021_m,581715.0
HU,Ungheria,2018,False,core_nat_currency_2021_m,516642.0
HU,Ungheria,2019,False,core_nat_currency_2021_m,719255.0
HU,Ungheria,2020,False,core_nat_currency_2021_m,904883.0
HU,Ungheria,2021,False,core_nat_currency_2021_m,730691.0
HU,Ungheria,2022,False,core_nat_currency_2021_m,1064259.0
HU,Ungheria,2023,False,core_nat_currency_2021_m,1149588.0
HU,Ungheria,2024,False,core_nat_currency_2021_m,1278913.0
HU,Ungheria,2025,True,core_nat_currency_2021_m,1198705.0
HU,Ungheria,2026,True,core_nat_currency_2021_m,1235833.0
IT,Italia,2014,False,core_nat_currency_2021_m,20025.0
IT,Italia,2015,False,core_nat_currency_2021_m,18857.0
IT,Italia,2016,False,core_nat_currency_2021_m,21130.0
IT,Italia,2017,False,core_nat_currency_2021_m,21924.0
IT,Italia,2018,False,core_nat_currency_2021_m,22561.0
IT,Italia,2019,False,core_nat_currency_2021_m,21648.0
IT,Italia,2020,False,core_nat_currency_2021_m,26698.0
IT,Italia,2021,False,core_nat_currency_2021_m,28001.0
IT,Italia,2022,False,core_nat_currency_2021_m,28903.0
IT,Italia,2023,False,core_nat_currency_2021_m,28474.0
IT,Italia,2024,False,core_nat_currency_2021_m,29797.0
IT,Italia,2025,True,core_nat_currency_2021_m,41269.0
IT,Italia,2026,True,core_nat_currency_2021_m,41684.0
LT,Lituania,2014,False,core_nat_currency_2021_m,388.0
LT,Lituania,2015,False,core_nat_currency_2021_m,513.0
LT,Lituania,2016,False,core_nat_currency_2021_m,686.0
LT,Lituania,2017,False,core_nat_currency_2021_m,831.0
LT,Lituania,2018,False,core_nat_currency_2021_m,991.0
LT,Lituania,2019,False,core_nat_currency_2021_m,1057.0
LT,Lituania,2020,False,core_nat_currency_2021_m,1092.0
LT,Lituania,2021,False,core_nat_currency_2021_m,1105.0
LT,Lituania,2022,False,core_nat_currency_2021_m,1428.0
LT,Lituania,2023,False,core_nat_currency_2021_m,1577.0
LT,Lituania,2024,False,core_nat_currency_2021_m,1853.0
LT,Lituania,2025,True,core_nat_currency_2021_m,2503.0
LT,Lituania,2026,True,core_nat_currency_2021_m,3405.0
LU,Lussemburgo,2014,False,core_nat_currency_2021_m,222.0
LU,Lussemburgo,2015,False,core_nat_currency_2021_m,256.0
LU,Lussemburgo,2016,False,core_nat_currency_2021_m,246.0
LU,Lussemburgo,2017,False,core_nat_currency_2021_m,325.0
LU,Lussemburgo,2018,False,core_nat_currency_2021_m,334.0
LU,Lussemburgo,2019,False,core_nat_currency_2021_m,375.0
LU,Lussemburgo,2020,False,core_nat_currency_2021_m,394.0
LU,Lussemburgo,2021,False,core_nat_currency_2021_m,341.0
LU,Lussemburgo,2022,False,core_nat_currency_2021_m,410.0
LU,Lussemburgo,2023,False,core_nat_currency_2021_m,523.0
LU,Lussemburgo,2024,False,core_nat_currency_2021_m,610.0
LU,Lussemburgo,2025,True,core_nat_currency_2021_m,980.0
LU,Lussemburgo,2026,True,core_nat_currency_2021_m,1004.0
LV,Lettonia,2014,False,core_nat_currency_2021_m,262.0
LV,Lettonia,2015,False,core_nat_currency_2021_m,300.0
LV,Lettonia,2016,False,core_nat_currency_2021_m,428.0
LV,Lettonia,2017,False,core_nat_currency_2021_m,492.0
LV,Lettonia,2018,False,core_nat_currency_2021_m,663.0
LV,Lettonia,2019,False,core_nat_currency_2021_m,654.0
LV,Lettonia,2020,False,core_nat_currency_2021_m,672.0
LV,Lettonia,2021,False,core_nat_currency_2021_m,696.0
LV,Lettonia,2022,False,core_nat_currency_2021_m,741.0
LV,Lettonia,2023,False,core_nat_currency_2021_m,955.0
LV,Lettonia,2024,False,core_nat_currency_2021_m,1067.0
LV,Lettonia,2025,True,core_nat_currency_2021_m,1220.0
LV,Lettonia,2026,True,core_nat_currency_2021_m,1669.0
ME,Montenegro,2014,False,core_nat_currency_2021_m,65.0
ME,Montenegro,2015,False,core_nat_currency_2021_m,62.0
ME,Montenegro,2016,False,core_nat_currency_2021_m,65.0
ME,Montenegro,2017,False,core_nat_currency_2021_m,64.0
ME,Montenegro,2018,False,core_nat_currency_2021_m,68.0
ME,Montenegro,2019,False,core_nat_currency_2021_m,69.0
ME,Montenegro,2020,False,core_nat_currency_2021_m,76.0
ME,Montenegro,2021,False,core_nat_currency_2021_m,77.0
ME,Montenegro,2022,False,core_nat_currency_2021_m,73.0
ME,Montenegro,2023,False,core_nat_currency_2021_m,85.0
ME,Montenegro,2024,False,core_nat_currency_2021_m,97.0
ME,Montenegro,2025,True,core_nat_currency_2021_m,122.0
ME,Montenegro,2026,True,core_nat_currency_2021_m,133.0
MK,Macedonia del Nord,2014,False,core_nat_currency_2021_m,6905.0
MK,Macedonia del Nord,2015,False,core_nat_currency_2021_m,6899.0
MK,Macedonia del Nord,2016,False,core_nat_currency_2021_m,6574.0
MK,Macedonia del Nord,2017,False,core_nat_currency_2021_m,6131.0
MK,Macedonia del Nord,2018,False,core_nat_currency_2021_m,6646.0
MK,Macedonia del Nord,2019,False,core_nat_currency_2021_m,8488.0
MK,Macedonia del Nord,2020,False,core_nat_currency_2021_m,8659.0
MK,Macedonia del Nord,2021,False,core_nat_currency_2021_m,10604.0
MK,Macedonia del Nord,2022,False,core_nat_currency_2021_m,11848.0
MK,Macedonia del Nord,2023,False,core_nat_currency_2021_m,12840.0
MK,Macedonia del Nord,2024,False,core_nat_currency_2021_m,14589.0
MK,Macedonia del Nord,2025,True,core_nat_currency_2021_m,17188.0
MK,Macedonia del Nord,2026,True,core_nat_currency_2021_m,17679.0
NL,Paesi Bassi,2014,False,core_nat_currency_2021_m,8721.0
NL,Paesi Bassi,2015,False,core_nat_currency_2021_m,8744.0
NL,Paesi Bassi,2016,False,core_nat_currency_2021_m,9131.0
NL,Paesi Bassi,2017,False,core_nat_currency_2021_m,9330.0
NL,Paesi Bassi,2018,False,core_nat_currency_2021_m,10114.0
NL,Paesi Bassi,2019,False,core_nat_currency_2021_m,11217.0
NL,Paesi Bassi,2020,False,core_nat_currency_2021_m,11461.0
NL,Paesi Bassi,2021,False,core_nat_currency_2021_m,11758.0
NL,Paesi Bassi,2022,False,core_nat_currency_2021_m,12972.0
NL,Paesi Bassi,2023,False,core_nat_currency_2021_m,13561.0
NL,Paesi Bassi,2024,False,core_nat_currency_2021_m,18959.0
NL,Paesi Bassi,2025,True,core_nat_currency_2021_m,24209.0
NL,Paesi Bassi,2026,True,core_nat_currency_2021_m,24936.0
NO,Norvegia,2014,False,core_nat_currency_2021_m,59967.0
NO,Norvegia,2015,False,core_nat_currency_2021_m,62663.0
NO,Norvegia,2016,False,core_nat_currency_2021_m,69477.0
NO,Norvegia,2017,False,core_nat_currency_2021_m,70061.0
NO,Norvegia,2018,False,core_nat_currency_2021_m,71329.0
NO,Norvegia,2019,False,core_nat_currency_2021_m,77477.0
NO,Norvegia,2020,False,core_nat_currency_2021_m,81347.0
NO,Norvegia,2021,False,core_nat_currency_2021_m,72483.0
NO,Norvegia,2022,False,core_nat_currency_2021_m,65678.0
NO,Norvegia,2023,False,core_nat_currency_2021_m,81997.0
NO,Norvegia,2024,False,core_nat_currency_2021_m,102579.0
NO,Norvegia,2025,True,core_nat_currency_2021_m,151831.0
NO,Norvegia,2026,True,core_nat_currency_2021_m,154146.0
PL,Polonia,2014,False,core_nat_currency_2021_m,37721.0
PL,Polonia,2015,False,core_nat_currency_2021_m,46658.0
PL,Polonia,2016,False,core_nat_currency_2021_m,43255.0
PL,Polonia,2017,False,core_nat_currency_2021_m,43124.0
PL,Polonia,2018,False,core_nat_currency_2021_m,48558.0
PL,Polonia,2019,False,core_nat_currency_2021_m,49961.0
PL,Polonia,2020,False,core_nat_currency_2021_m,54953.0
PL,Polonia,2021,False,core_nat_currency_2021_m,58304.0
PL,Polonia,2022,False,core_nat_currency_2021_m,62023.0
PL,Polonia,2023,False,core_nat_currency_2021_m,91718.0
PL,Polonia,2024,False,core_nat_currency_2021_m,108720.0
PL,Polonia,2025,True,core_nat_currency_2021_m,127752.0
PL,Polonia,2026,True,core_nat_currency_2021_m,144864.0
PT,Portogallo,2014,False,core_nat_currency_2021_m,2578.0
PT,Portogallo,2015,False,core_nat_currency_2021_m,2663.0
PT,Portogallo,2016,False,core_nat_currency_2021_m,2593.0
PT,Portogallo,2017,False,core_nat_currency_2021_m,2619.0
PT,Portogallo,2018,False,core_nat_currency_2021_m,2917.0
PT,Portogallo,2019,False,core_nat_currency_2021_m,3069.0
PT,Portogallo,2020,False,core_nat_currency_2021_m,2925.0
PT,Portogallo,2021,False,core_nat_currency_2021_m,3295.0
PT,Portogallo,2022,False,core_nat_currency_2021_m,3224.0
PT,Portogallo,2023,False,core_nat_currency_2021_m,3147.0
PT,Portogallo,2024,False,core_nat_currency_2021_m,3775.0
PT,Portogallo,2025,True,core_nat_currency_2021_m,5000.0
PT,Portogallo,2026,True,core_nat_currency_2021_m,5313.0
RO,Romania,2014,False,core_nat_currency_2021_m,12483.0
RO,Romania,2015,False,core_nat_currency_2021_m,13862.0
RO,Romania,2016,False,core_nat_currency_2021_m,14033.0
RO,Romania,2017,False,core_nat_currency_2021_m,18437.0
RO,Romania,2018,False,core_nat_currency_2021_m,20207.0
RO,Romania,2019,False,core_nat_currency_2021_m,21468.0
RO,Romania,2020,False,core_nat_currency_2021_m,22632.0
RO,Romania,2021,False,core_nat_currency_2021_m,22029.0
RO,Romania,2022,False,core_nat_currency_2021_m,21702.0
RO,Romania,2023,False,core_nat_currency_2021_m,20375.0
RO,Romania,2024,False,core_nat_currency_2021_m,27700.0
RO,Romania,2025,True,core_nat_currency_2021_m,28100.0
RO,Romania,2026,True,core_nat_currency_2021_m,31109.0
SE,Svezia,2014,False,core_nat_currency_2021_m,49746.0
SE,Svezia,2015,False,core_nat_currency_2021_m,49167.0
SE,Svezia,2016,False,core_nat_currency_2021_m,48250.0
SE,Svezia,2017,False,core_nat_currency_2021_m,49121.0
SE,Svezia,2018,False,core_nat_currency_2021_m,50238.0
SE,Svezia,2019,False,core_nat_currency_2021_m,54992.0
SE,Svezia,2020,False,core_nat_currency_2021_m,56603.0
SE,Svezia,2021,False,core_nat_currency_2021_m,77794.0
SE,Svezia,2022,False,core_nat_currency_2021_m,81686.0
SE,Svezia,2023,False,core_nat_currency_2021_m,93354.0
SE,Svezia,2024,False,core_nat_currency_2021_m,121562.0
SE,Svezia,2025,True,core_nat_currency_2021_m,160496.0
SE,Svezia,2026,True,core_nat_currency_2021_m,184720.0
SI,Slovenia,2014,False,core_nat_currency_2021_m,410.0
SI,Slovenia,2015,False,core_nat_currency_2021_m,401.0
SI,Slovenia,2016,False,core_nat_currency_2021_m,447.0
SI,Slovenia,2017,False,core_nat_currency_2021_m,459.0
SI,Slovenia,2018,False,core_nat_currency_2021_m,492.0
SI,Slovenia,2019,False,core_nat_currency_2021_m,531.0
SI,Slovenia,2020,False,core_nat_currency_2021_m,511.0
SI,Slovenia,2021,False,core_nat_currency_2021_m,645.0
SI,Slovenia,2022,False,core_nat_currency_2021_m,692.0
SI,Slovenia,2023,False,core_nat_currency_2021_m,719.0
SI,Slovenia,2024,False,core_nat_currency_2021_m,748.0
SI,Slovenia,2025,True,core_nat_currency_2021_m,883.0
SI,Slovenia,2026,True,core_nat_currency_2021_m,921.0
SK,Slovacchia,2014,False,core_nat_currency_2021_m,828.0
SK,Slovacchia,2015,False,core_nat_currency_2021_m,981.0
SK,Slovacchia,2016,False,core_nat_currency_2021_m,1005.0
SK,Slovacchia,2017,False,core_nat_currency_2021_m,1023.0
SK,Slovacchia,2018,False,core_nat_currency_2021_m,1178.0
SK,Slovacchia,2019,False,core_nat_currency_2021_m,1685.0
SK,Slovacchia,2020,False,core_nat_currency_2021_m,1836.0
SK,Slovacchia,2021,False,core_nat_currency_2021_m,1746.0
SK,Slovacchia,2022,False,core_nat_currency_2021_m,1848.0
SK,Slovacchia,2023,False,core_nat_currency_2021_m,1816.0
SK,Slovacchia,2024,False,core_nat_currency_2021_m,2120.0
SK,Slovacchia,2025,True,core_nat_currency_2021_m,2179.0
SK,Slovacchia,2026,True,core_nat_currency_2021_m,2184.0
TR,Turchia,2014,False,core_nat_currency_2021_m,76190.0
TR,Turchia,2015,False,core_nat_currency_2021_m,77264.0
TR,Turchia,2016,False,core_nat_currency_2021_m,83939.0
TR,Turchia,2017,False,core_nat_currency_2021_m,93560.0
TR,Turchia,2018,False,core_nat_currency_2021_m,115676.0
TR,Turchia,2019,False,core_nat_currency_2021_m,118668.0
TR,Turchia,2020,False,core_nat_currency_2021_m,121431.0
TR,Turchia,2021,False,core_nat_currency_2021_m,116482.0
TR,Turchia,2022,False,core_nat_currency_2021_m,104183.0
TR,Turchia,2023,False,core_nat_currency_2021_m,119698.0
TR,Turchia,2024,False,core_nat_currency_2021_m,177098.0
TR,Turchia,2025,True,core_nat_currency_2021_m,205725.0
TR,Turchia,2026,True,core_nat_currency_2021_m,258920.0
UK,Regno Unito,2014,False,core_nat_currency_2021_m,45775.0
UK,Regno Unito,2015,False,core_nat_currency_2021_m,44375.0
UK,Regno Unito,2016,False,core_nat_currency_2021_m,46586.0
UK,Regno Unito,2017,False,core_nat_currency_2021_m,47718.0
UK,Regno Unito,2018,False,core_nat_currency_2021_m,48903.0
UK,Regno Unito,2019,False,core_nat_currency_2021_m,49108.0
UK,Regno Unito,2020,False,core_nat_currency_2021_m,49847.0
UK,Regno Unito,2021,False,core_nat_currency_2021_m,52283.0
UK,Regno Unito,2022,False,core_nat_currency_2021_m,54192.0
UK,Regno Unito,2023,False,core_nat_currency_2021_m,54424.0
UK,Regno Unito,2024,False,core_nat_currency_2021_m,56357.0
UK,Regno Unito,2025,True,core_nat_currency_2021_m,58244.0
UK,Regno Unito,2026,True,core_nat_currency_2021_m,64869.0
US,Stati Uniti,2014,False,core_nat_currency_2021_m,747296.0
US,Stati Uniti,2015,False,core_nat_currency_2021_m,726058.0
US,Stati Uniti,2016,False,core_nat_currency_2021_m,735829.0
US,Stati Uniti,2017,False,core_nat_currency_2021_m,708421.0
US,Stati Uniti,2018,False,core_nat_currency_2021_m,724140.0
US,Stati Uniti,2019,False,core_nat_currency_2021_m,795707.0
US,Stati Uniti,2020,False,core_nat_currency_2021_m,805815.0
US,Stati Uniti,2021,False,core_nat_currency_2021_m,824094.0
US,Stati Uniti,2022,False,core_nat_currency_2021_m,779533.0
US,Stati Uniti,2023,False,core_nat_currency_2021_m,788293.0
US,Stati Uniti,2024,False,core_nat_currency_2021_m,850110.0
US,Stati Uniti,2025,True,core_nat_currency_2021_m,833638.0
US,Stati Uniti,2026,True,core_nat_currency_2021_m,850211.0
AL,Albania,2014,False,core_nat_currency_current_m,18788.0
AL,Albania,2015,False,core_nat_currency_current_m,16671.0
AL,Albania,2016,False,core_nat_currency_current_m,16250.0
AL,Albania,2017,False,core_nat_currency_current_m,17199.0
AL,Albania,2018,False,core_nat_currency_current_m,18995.0
AL,Albania,2019,False,core_nat_currency_current_m,21670.0
AL,Albania,2020,False,core_nat_currency_current_m,21348.0
AL,Albania,2021,False,core_nat_currency_current_m,23072.0
AL,Albania,2022,False,core_nat_currency_current_m,25848.0
AL,Albania,2023,False,core_nat_currency_current_m,30547.0
AL,Albania,2024,False,core_nat_currency_current_m,34081.0
AL,Albania,2025,True,core_nat_currency_current_m,39543.0
AL,Albania,2026,True,core_nat_currency_current_m,61258.0
BE,Belgio,2014,False,core_nat_currency_current_m,3913.0
BE,Belgio,2015,False,core_nat_currency_current_m,3789.0
BE,Belgio,2016,False,core_nat_currency_current_m,3848.0
BE,Belgio,2017,False,core_nat_currency_current_m,3932.0
BE,Belgio,2018,False,core_nat_currency_current_m,4101.0
BE,Belgio,2019,False,core_nat_currency_current_m,4253.0
BE,Belgio,2020,False,core_nat_currency_current_m,4665.0
BE,Belgio,2021,False,core_nat_currency_current_m,5276.0
BE,Belgio,2022,False,core_nat_currency_current_m,6551.0
BE,Belgio,2023,False,core_nat_currency_current_m,6976.0
BE,Belgio,2024,False,core_nat_currency_current_m,7901.0
BE,Belgio,2025,True,core_nat_currency_current_m,12845.0
BE,Belgio,2026,True,core_nat_currency_current_m,13296.0
BG,Bulgaria,2014,False,core_nat_currency_current_m,563.0
BG,Bulgaria,2015,False,core_nat_currency_current_m,571.0
BG,Bulgaria,2016,False,core_nat_currency_current_m,606.0
BG,Bulgaria,2017,False,core_nat_currency_current_m,642.0
BG,Bulgaria,2018,False,core_nat_currency_current_m,814.0
BG,Bulgaria,2019,False,core_nat_currency_current_m,1928.0
BG,Bulgaria,2020,False,core_nat_currency_current_m,982.0
BG,Bulgaria,2021,False,core_nat_currency_current_m,1078.0
BG,Bulgaria,2022,False,core_nat_currency_current_m,1366.0
BG,Bulgaria,2023,False,core_nat_currency_current_m,1841.0
BG,Bulgaria,2024,False,core_nat_currency_current_m,2027.0
BG,Bulgaria,2025,True,core_nat_currency_current_m,2474.0
BG,Bulgaria,2026,True,core_nat_currency_current_m,2693.0
CA,Canada,2014,False,core_nat_currency_current_m,20076.0
CA,Canada,2015,False,core_nat_currency_current_m,23900.0
CA,Canada,2016,False,core_nat_currency_current_m,23474.0
CA,Canada,2017,False,core_nat_currency_current_m,30761.0
CA,Canada,2018,False,core_nat_currency_current_m,29025.0
CA,Canada,2019,False,core_nat_currency_current_m,29949.0
CA,Canada,2020,False,core_nat_currency_current_m,31289.0
CA,Canada,2021,False,core_nat_currency_current_m,31976.0
CA,Canada,2022,False,core_nat_currency_current_m,33707.0
CA,Canada,2023,False,core_nat_currency_current_m,38385.0
CA,Canada,2024,False,core_nat_currency_current_m,43917.0
CA,Canada,2025,True,core_nat_currency_current_m,65901.0
CA,Canada,2026,True,core_nat_currency_current_m,71517.0
CZ,Cechia,2014,False,core_nat_currency_current_m,41003.0
CZ,Cechia,2015,False,core_nat_currency_current_m,47264.0
CZ,Cechia,2016,False,core_nat_currency_current_m,45598.0
CZ,Cechia,2017,False,core_nat_currency_current_m,52805.0
CZ,Cechia,2018,False,core_nat_currency_current_m,59752.0
CZ,Cechia,2019,False,core_nat_currency_current_m,68373.0
CZ,Cechia,2020,False,core_nat_currency_current_m,74257.0
CZ,Cechia,2021,False,core_nat_currency_current_m,84864.0
CZ,Cechia,2022,False,core_nat_currency_current_m,90969.0
CZ,Cechia,2023,False,core_nat_currency_current_m,100735.0
CZ,Cechia,2024,False,core_nat_currency_current_m,159946.0
CZ,Cechia,2025,True,core_nat_currency_current_m,158870.0
CZ,Cechia,2026,True,core_nat_currency_current_m,179760.0
DE,Germania,2014,False,core_nat_currency_current_m,34749.0
DE,Germania,2015,False,core_nat_currency_current_m,35898.0
DE,Germania,2016,False,core_nat_currency_current_m,37598.0
DE,Germania,2017,False,core_nat_currency_current_m,40265.0
DE,Germania,2018,False,core_nat_currency_current_m,42127.0
DE,Germania,2019,False,core_nat_currency_current_m,46936.0
DE,Germania,2020,False,core_nat_currency_current_m,51392.0
DE,Germania,2021,False,core_nat_currency_current_m,52431.0
DE,Germania,2022,False,core_nat_currency_current_m,58266.0
DE,Germania,2023,False,core_nat_currency_current_m,67621.0
DE,Germania,2024,False,core_nat_currency_current_m,86638.0
DE,Germania,2025,True,core_nat_currency_current_m,99298.0
DE,Germania,2026,True,core_nat_currency_current_m,124660.0
DK,Danimarca,2014,False,core_nat_currency_current_m,22769.0
DK,Danimarca,2015,False,core_nat_currency_current_m,22633.0
DK,Danimarca,2016,False,core_nat_currency_current_m,24190.0
DK,Danimarca,2017,False,core_nat_currency_current_m,24961.0
DK,Danimarca,2018,False,core_nat_currency_current_m,28787.0
DK,Danimarca,2019,False,core_nat_currency_current_m,29929.0
DK,Danimarca,2020,False,core_nat_currency_current_m,31962.0
DK,Danimarca,2021,False,core_nat_currency_current_m,33161.0
DK,Danimarca,2022,False,core_nat_currency_current_m,38726.0
DK,Danimarca,2023,False,core_nat_currency_current_m,56084.0
DK,Danimarca,2024,False,core_nat_currency_current_m,67015.0
DK,Danimarca,2025,True,core_nat_currency_current_m,100206.0
DK,Danimarca,2026,True,core_nat_currency_current_m,111326.0
EE,Estonia,2014,False,core_nat_currency_current_m,386.0
EE,Estonia,2015,False,core_nat_currency_current_m,418.0
EE,Estonia,2016,False,core_nat_currency_current_m,450.0
EE,Estonia,2017,False,core_nat_currency_current_m,479.0
EE,Estonia,2018,False,core_nat_currency_current_m,521.0
EE,Estonia,2019,False,core_nat_currency_current_m,569.0
EE,Estonia,2020,False,core_nat_currency_current_m,630.0
EE,Estonia,2021,False,core_nat_currency_current_m,633.0
EE,Estonia,2022,False,core_nat_currency_current_m,778.0
EE,Estonia,2023,False,core_nat_currency_current_m,1144.0
EE,Estonia,2024,False,core_nat_currency_current_m,1317.0
EE,Estonia,2025,True,core_nat_currency_current_m,1633.0
EE,Estonia,2026,True,core_nat_currency_current_m,2242.0
EL,Grecia,2014,False,core_nat_currency_current_m,3939.0
EL,Grecia,2015,False,core_nat_currency_current_m,4073.0
EL,Grecia,2016,False,core_nat_currency_current_m,4190.0
EL,Grecia,2017,False,core_nat_currency_current_m,4208.0
EL,Grecia,2018,False,core_nat_currency_current_m,4560.0
EL,Grecia,2019,False,core_nat_currency_current_m,4483.0
EL,Grecia,2020,False,core_nat_currency_current_m,4812.0
EL,Grecia,2021,False,core_nat_currency_current_m,6764.0
EL,Grecia,2022,False,core_nat_currency_current_m,8054.0
EL,Grecia,2023,False,core_nat_currency_current_m,6224.0
EL,Grecia,2024,False,core_nat_currency_current_m,6565.0
EL,Grecia,2025,True,core_nat_currency_current_m,6938.0
EL,Grecia,2026,True,core_nat_currency_current_m,9561.0
ES,Spagna,2014,False,core_nat_currency_current_m,9508.0
ES,Spagna,2015,False,core_nat_currency_current_m,10000.0
ES,Spagna,2016,False,core_nat_currency_current_m,9014.0
ES,Spagna,2017,False,core_nat_currency_current_m,10528.0
ES,Spagna,2018,False,core_nat_currency_current_m,11172.0
ES,Spagna,2019,False,core_nat_currency_current_m,11281.0
ES,Spagna,2020,False,core_nat_currency_current_m,11240.0
ES,Spagna,2021,False,core_nat_currency_current_m,12546.0
ES,Spagna,2022,False,core_nat_currency_current_m,15610.0
ES,Spagna,2023,False,core_nat_currency_current_m,17451.0
ES,Spagna,2024,False,core_nat_currency_current_m,22693.0
ES,Spagna,2025,True,core_nat_currency_current_m,33743.0
ES,Spagna,2026,True,core_nat_currency_current_m,35419.0
FI,Finlandia,2014,False,core_nat_currency_current_m,3004.0
FI,Finlandia,2015,False,core_nat_currency_current_m,3065.0
FI,Finlandia,2016,False,core_nat_currency_current_m,3089.0
FI,Finlandia,2017,False,core_nat_currency_current_m,3131.0
FI,Finlandia,2018,False,core_nat_currency_current_m,3238.0
FI,Finlandia,2019,False,core_nat_currency_current_m,3483.0
FI,Finlandia,2020,False,core_nat_currency_current_m,3642.0
FI,Finlandia,2021,False,core_nat_currency_current_m,3503.0
FI,Finlandia,2022,False,core_nat_currency_current_m,4485.0
FI,Finlandia,2023,False,core_nat_currency_current_m,5795.0
FI,Finlandia,2024,False,core_nat_currency_current_m,5824.0
FI,Finlandia,2025,True,core_nat_currency_current_m,7725.0
FI,Finlandia,2026,True,core_nat_currency_current_m,7655.0
FR,Francia,2014,False,core_nat_currency_current_m,39149.0
FR,Francia,2015,False,core_nat_currency_current_m,39199.0
FR,Francia,2016,False,core_nat_currency_current_m,39950.0
FR,Francia,2017,False,core_nat_currency_current_m,40852.0
FR,Francia,2018,False,core_nat_currency_current_m,42748.0
FR,Francia,2019,False,core_nat_currency_current_m,44206.0
FR,Francia,2020,False,core_nat_currency_current_m,46018.0
FR,Francia,2021,False,core_nat_currency_current_m,47702.0
FR,Francia,2022,False,core_nat_currency_current_m,49567.0
FR,Francia,2023,False,core_nat_currency_current_m,53123.0
FR,Francia,2024,False,core_nat_currency_current_m,59454.0
FR,Francia,2025,True,core_nat_currency_current_m,61002.0
FR,Francia,2026,True,core_nat_currency_current_m,67632.0
HR,Croazia,2014,False,core_nat_currency_current_m,811.0
HR,Croazia,2015,False,core_nat_currency_current_m,804.0
HR,Croazia,2016,False,core_nat_currency_current_m,756.0
HR,Croazia,2017,False,core_nat_currency_current_m,812.0
HR,Croazia,2018,False,core_nat_currency_current_m,805.0
HR,Croazia,2019,False,core_nat_currency_current_m,881.0
HR,Croazia,2020,False,core_nat_currency_current_m,861.0
HR,Croazia,2021,False,core_nat_currency_current_m,1150.0
HR,Croazia,2022,False,core_nat_currency_current_m,1219.0
HR,Croazia,2023,False,core_nat_currency_current_m,1304.0
HR,Croazia,2024,False,core_nat_currency_current_m,1588.0
HR,Croazia,2025,True,core_nat_currency_current_m,1921.0
HR,Croazia,2026,True,core_nat_currency_current_m,2033.0
HU,Ungheria,2014,False,core_nat_currency_current_m,281402.0
HU,Ungheria,2015,False,core_nat_currency_current_m,316338.0
HU,Ungheria,2016,False,core_nat_currency_current_m,362798.0
HU,Ungheria,2017,False,core_nat_currency_current_m,468765.0
HU,Ungheria,2018,False,core_nat_currency_current_m,436500.0
HU,Ungheria,2019,False,core_nat_currency_current_m,636566.0
HU,Ungheria,2020,False,core_nat_currency_current_m,852321.0
HU,Ungheria,2021,False,core_nat_currency_current_m,730691.0
HU,Ungheria,2022,False,core_nat_currency_current_m,1212914.0
HU,Ungheria,2023,False,core_nat_currency_current_m,1506584.0
HU,Ungheria,2024,False,core_nat_currency_current_m,1803117.0
HU,Ungheria,2025,True,core_nat_currency_current_m,1796019.0
HU,Ungheria,2026,True,core_nat_currency_current_m,1917474.0
IT,Italia,2014,False,core_nat_currency_current_m,18427.0
IT,Italia,2015,False,core_nat_currency_current_m,17642.0
IT,Italia,2016,False,core_nat_currency_current_m,20226.0
IT,Italia,2017,False,core_nat_currency_current_m,21166.0
IT,Italia,2018,False,core_nat_currency_current_m,21702.0
IT,Italia,2019,False,core_nat_currency_current_m,21042.0
IT,Italia,2020,False,core_nat_currency_current_m,26360.0
IT,Italia,2021,False,core_nat_currency_current_m,28001.0
IT,Italia,2022,False,core_nat_currency_current_m,29901.0
IT,Italia,2023,False,core_nat_currency_current_m,31302.0
IT,Italia,2024,False,core_nat_currency_current_m,33402.0
IT,Italia,2025,True,core_nat_currency_current_m,47183.0
IT,Italia,2026,True,core_nat_currency_current_m,48310.0
LT,Lituania,2014,False,core_nat_currency_current_m,322.0
LT,Lituania,2015,False,core_nat_currency_current_m,425.0
LT,Lituania,2016,False,core_nat_currency_current_m,575.0
LT,Lituania,2017,False,core_nat_currency_current_m,724.0
LT,Lituania,2018,False,core_nat_currency_current_m,895.0
LT,Lituania,2019,False,core_nat_currency_current_m,977.0
LT,Lituania,2020,False,core_nat_currency_current_m,1030.0
LT,Lituania,2021,False,core_nat_currency_current_m,1105.0
LT,Lituania,2022,False,core_nat_currency_current_m,1649.0
LT,Lituania,2023,False,core_nat_currency_current_m,2002.0
LT,Lituania,2024,False,core_nat_currency_current_m,2427.0
LT,Lituania,2025,True,core_nat_currency_current_m,3398.0
LT,Lituania,2026,True,core_nat_currency_current_m,4792.0
LU,Lussemburgo,2014,False,core_nat_currency_current_m,190.0
LU,Lussemburgo,2015,False,core_nat_currency_current_m,225.0
LU,Lussemburgo,2016,False,core_nat_currency_current_m,213.0
LU,Lussemburgo,2017,False,core_nat_currency_current_m,288.0
LU,Lussemburgo,2018,False,core_nat_currency_current_m,301.0
LU,Lussemburgo,2019,False,core_nat_currency_current_m,341.0
LU,Lussemburgo,2020,False,core_nat_currency_current_m,373.0
LU,Lussemburgo,2021,False,core_nat_currency_current_m,341.0
LU,Lussemburgo,2022,False,core_nat_currency_current_m,438.0
LU,Lussemburgo,2023,False,core_nat_currency_current_m,594.0
LU,Lussemburgo,2024,False,core_nat_currency_current_m,725.0
LU,Lussemburgo,2025,True,core_nat_currency_current_m,1201.0
LU,Lussemburgo,2026,True,core_nat_currency_current_m,1265.0
LV,Lettonia,2014,False,core_nat_currency_current_m,221.0
LV,Lettonia,2015,False,core_nat_currency_current_m,254.0
LV,Lettonia,2016,False,core_nat_currency_current_m,364.0
LV,Lettonia,2017,False,core_nat_currency_current_m,430.0
LV,Lettonia,2018,False,core_nat_currency_current_m,601.0
LV,Lettonia,2019,False,core_nat_currency_current_m,618.0
LV,Lettonia,2020,False,core_nat_currency_current_m,651.0
LV,Lettonia,2021,False,core_nat_currency_current_m,696.0
LV,Lettonia,2022,False,core_nat_currency_current_m,813.0
LV,Lettonia,2023,False,core_nat_currency_current_m,1160.0
LV,Lettonia,2024,False,core_nat_currency_current_m,1331.0
LV,Lettonia,2025,True,core_nat_currency_current_m,1577.0
LV,Lettonia,2026,True,core_nat_currency_current_m,2236.0
ME,Montenegro,2014,False,core_nat_currency_current_m,52.0
ME,Montenegro,2015,False,core_nat_currency_current_m,51.0
ME,Montenegro,2016,False,core_nat_currency_current_m,56.0
ME,Montenegro,2017,False,core_nat_currency_current_m,58.0
ME,Montenegro,2018,False,core_nat_currency_current_m,64.0
ME,Montenegro,2019,False,core_nat_currency_current_m,66.0
ME,Montenegro,2020,False,core_nat_currency_current_m,72.0
ME,Montenegro,2021,False,core_nat_currency_current_m,77.0
ME,Montenegro,2022,False,core_nat_currency_current_m,82.0
ME,Montenegro,2023,False,core_nat_currency_current_m,106.0
ME,Montenegro,2024,False,core_nat_currency_current_m,127.0
ME,Montenegro,2025,True,core_nat_currency_current_m,167.0
ME,Montenegro,2026,True,core_nat_currency_current_m,188.0
MK,Macedonia del Nord,2014,False,core_nat_currency_current_m,5743.0
MK,Macedonia del Nord,2015,False,core_nat_currency_current_m,5853.0
MK,Macedonia del Nord,2016,False,core_nat_currency_current_m,5770.0
MK,Macedonia del Nord,2017,False,core_nat_currency_current_m,5532.0
MK,Macedonia del Nord,2018,False,core_nat_currency_current_m,6232.0
MK,Macedonia del Nord,2019,False,core_nat_currency_current_m,8029.0
MK,Macedonia del Nord,2020,False,core_nat_currency_current_m,8303.0
MK,Macedonia del Nord,2021,False,core_nat_currency_current_m,10604.0
MK,Macedonia del Nord,2022,False,core_nat_currency_current_m,12899.0
MK,Macedonia del Nord,2023,False,core_nat_currency_current_m,15081.0
MK,Macedonia del Nord,2024,False,core_nat_currency_current_m,17765.0
MK,Macedonia del Nord,2025,True,core_nat_currency_current_m,21899.0
MK,Macedonia del Nord,2026,True,core_nat_currency_current_m,23619.0
NL,Paesi Bassi,2014,False,core_nat_currency_current_m,7788.0
NL,Paesi Bassi,2015,False,core_nat_currency_current_m,7816.0
NL,Paesi Bassi,2016,False,core_nat_currency_current_m,8234.0
NL,Paesi Bassi,2017,False,core_nat_currency_current_m,8539.0
NL,Paesi Bassi,2018,False,core_nat_currency_current_m,9456.0
NL,Paesi Bassi,2019,False,core_nat_currency_current_m,10778.0
NL,Paesi Bassi,2020,False,core_nat_currency_current_m,11249.0
NL,Paesi Bassi,2021,False,core_nat_currency_current_m,11758.0
NL,Paesi Bassi,2022,False,core_nat_currency_current_m,13189.0
NL,Paesi Bassi,2023,False,core_nat_currency_current_m,14000.0
NL,Paesi Bassi,2024,False,core_nat_currency_current_m,20225.0
NL,Paesi Bassi,2025,True,core_nat_currency_current_m,26400.0
NL,Paesi Bassi,2026,True,core_nat_currency_current_m,27900.0
NO,Norvegia,2014,False,core_nat_currency_current_m,48660.0
NO,Norvegia,2015,False,core_nat_currency_current_m,49529.0
NO,Norvegia,2016,False,core_nat_currency_current_m,54022.0
NO,Norvegia,2017,False,core_nat_currency_current_m,56664.0
NO,Norvegia,2018,False,core_nat_currency_current_m,61349.0
NO,Norvegia,2019,False,core_nat_currency_current_m,66318.0
NO,Norvegia,2020,False,core_nat_currency_current_m,68054.0
NO,Norvegia,2021,False,core_nat_currency_current_m,72483.0
NO,Norvegia,2022,False,core_nat_currency_current_m,83589.0
NO,Norvegia,2023,False,core_nat_currency_current_m,92951.0
NO,Norvegia,2024,False,core_nat_currency_current_m,116326.0
NO,Norvegia,2025,True,core_nat_currency_current_m,174608.0
NO,Norvegia,2026,True,core_nat_currency_current_m,186211.0
PL,Polonia,2014,False,core_nat_currency_current_m,31874.0
PL,Polonia,2015,False,core_nat_currency_current_m,39940.0
PL,Polonia,2016,False,core_nat_currency_current_m,37082.0
PL,Polonia,2017,False,core_nat_currency_current_m,37558.0
PL,Polonia,2018,False,core_nat_currency_current_m,42824.0
PL,Polonia,2019,False,core_nat_currency_current_m,45404.0
PL,Polonia,2020,False,core_nat_currency_current_m,52110.0
PL,Polonia,2021,False,core_nat_currency_current_m,58304.0
PL,Polonia,2022,False,core_nat_currency_current_m,68361.0
PL,Polonia,2023,False,core_nat_currency_current_m,111224.0
PL,Polonia,2024,False,core_nat_currency_current_m,137176.0
PL,Polonia,2025,True,core_nat_currency_current_m,166029.0
PL,Polonia,2026,True,core_nat_currency_current_m,193789.0
PT,Portogallo,2014,False,core_nat_currency_current_m,2263.0
PT,Portogallo,2015,False,core_nat_currency_current_m,2384.0
PT,Portogallo,2016,False,core_nat_currency_current_m,2364.0
PT,Portogallo,2017,False,core_nat_currency_current_m,2424.0
PT,Portogallo,2018,False,core_nat_currency_current_m,2750.0
PT,Portogallo,2019,False,core_nat_currency_current_m,2947.0
PT,Portogallo,2020,False,core_nat_currency_current_m,2867.0
PT,Portogallo,2021,False,core_nat_currency_current_m,3295.0
PT,Portogallo,2022,False,core_nat_currency_current_m,3395.0
PT,Portogallo,2023,False,core_nat_currency_current_m,3563.0
PT,Portogallo,2024,False,core_nat_currency_current_m,4482.0
PT,Portogallo,2025,True,core_nat_currency_current_m,6169.0
PT,Portogallo,2026,True,core_nat_currency_current_m,6748.0
RO,Romania,2014,False,core_nat_currency_current_m,9014.0
RO,Romania,2015,False,core_nat_currency_current_m,10337.0
RO,Romania,2016,False,core_nat_currency_current_m,10738.0
RO,Romania,2017,False,core_nat_currency_current_m,14765.0
RO,Romania,2018,False,core_nat_currency_current_m,17183.0
RO,Romania,2019,False,core_nat_currency_current_m,19527.0
RO,Romania,2020,False,core_nat_currency_current_m,21431.0
RO,Romania,2021,False,core_nat_currency_current_m,22029.0
RO,Romania,2022,False,core_nat_currency_current_m,24317.0
RO,Romania,2023,False,core_nat_currency_current_m,25651.0
RO,Romania,2024,False,core_nat_currency_current_m,38214.0
RO,Romania,2025,True,core_nat_currency_current_m,41946.0
RO,Romania,2026,True,core_nat_currency_current_m,50109.0
SE,Svezia,2014,False,core_nat_currency_current_m,42574.0
SE,Svezia,2015,False,core_nat_currency_current_m,43045.0
SE,Svezia,2016,False,core_nat_currency_current_m,42955.0
SE,Svezia,2017,False,core_nat_currency_current_m,44700.0
SE,Svezia,2018,False,core_nat_currency_current_m,46905.0
SE,Svezia,2019,False,core_nat_currency_current_m,52586.0
SE,Svezia,2020,False,core_nat_currency_current_m,55118.0
SE,Svezia,2021,False,core_nat_currency_current_m,77794.0
SE,Svezia,2022,False,core_nat_currency_current_m,86596.0
SE,Svezia,2023,False,core_nat_currency_current_m,104776.0
SE,Svezia,2024,False,core_nat_currency_current_m,140549.0
SE,Svezia,2025,True,core_nat_currency_current_m,187790.0
SE,Svezia,2026,True,core_nat_currency_current_m,217902.0
SI,Slovenia,2014,False,core_nat_currency_current_m,366.0
SI,Slovenia,2015,False,core_nat_currency_current_m,361.0
SI,Slovenia,2016,False,core_nat_currency_current_m,406.0
SI,Slovenia,2017,False,core_nat_currency_current_m,422.0
SI,Slovenia,2018,False,core_nat_currency_current_m,463.0
SI,Slovenia,2019,False,core_nat_currency_current_m,511.0
SI,Slovenia,2020,False,core_nat_currency_current_m,498.0
SI,Slovenia,2021,False,core_nat_currency_current_m,645.0
SI,Slovenia,2022,False,core_nat_currency_current_m,737.0
SI,Slovenia,2023,False,core_nat_currency_current_m,842.0
SI,Slovenia,2024,False,core_nat_currency_current_m,906.0
SI,Slovenia,2025,True,core_nat_currency_current_m,1107.0
SI,Slovenia,2026,True,core_nat_currency_current_m,1180.0
SK,Slovacchia,2014,False,core_nat_currency_current_m,752.0
SK,Slovacchia,2015,False,core_nat_currency_current_m,889.0
SK,Slovacchia,2016,False,core_nat_currency_current_m,907.0
SK,Slovacchia,2017,False,core_nat_currency_current_m,935.0
SK,Slovacchia,2018,False,core_nat_currency_current_m,1098.0
SK,Slovacchia,2019,False,core_nat_currency_current_m,1610.0
SK,Slovacchia,2020,False,core_nat_currency_current_m,1796.0
SK,Slovacchia,2021,False,core_nat_currency_current_m,1746.0
SK,Slovacchia,2022,False,core_nat_currency_current_m,1983.0
SK,Slovacchia,2023,False,core_nat_currency_current_m,2145.0
SK,Slovacchia,2024,False,core_nat_currency_current_m,2588.0
SK,Slovacchia,2025,True,core_nat_currency_current_m,2772.0
SK,Slovacchia,2026,True,core_nat_currency_current_m,2886.0
TR,Turchia,2014,False,core_nat_currency_current_m,29727.0
TR,Turchia,2015,False,core_nat_currency_current_m,32522.0
TR,Turchia,2016,False,core_nat_currency_current_m,38203.0
TR,Turchia,2017,False,core_nat_currency_current_m,47323.0
TR,Turchia,2018,False,core_nat_currency_current_m,68300.0
TR,Turchia,2019,False,core_nat_currency_current_m,79987.0
TR,Turchia,2020,False,core_nat_currency_current_m,93910.0
TR,Turchia,2021,False,core_nat_currency_current_m,116482.0
TR,Turchia,2022,False,core_nat_currency_current_m,203704.0
TR,Turchia,2023,False,core_nat_currency_current_m,393841.0
TR,Turchia,2024,False,core_nat_currency_current_m,928134.0
TR,Turchia,2025,True,core_nat_currency_current_m,1470887.0
TR,Turchia,2026,True,core_nat_currency_current_m,2361913.0
UK,Regno Unito,2014,False,core_nat_currency_current_m,39902.0
UK,Regno Unito,2015,False,core_nat_currency_current_m,38940.0
UK,Regno Unito,2016,False,core_nat_currency_current_m,41590.0
UK,Regno Unito,2017,False,core_nat_currency_current_m,43257.0
UK,Regno Unito,2018,False,core_nat_currency_current_m,45202.0
UK,Regno Unito,2019,False,core_nat_currency_current_m,46509.0
UK,Regno Unito,2020,False,core_nat_currency_current_m,49495.0
UK,Regno Unito,2021,False,core_nat_currency_current_m,52283.0
UK,Regno Unito,2022,False,core_nat_currency_current_m,57269.0
UK,Regno Unito,2023,False,core_nat_currency_current_m,61164.0
UK,Regno Unito,2024,False,core_nat_currency_current_m,65841.0
UK,Regno Unito,2025,True,core_nat_currency_current_m,70511.0
UK,Regno Unito,2026,True,core_nat_currency_current_m,81117.0
US,Stati Uniti,2014,False,core_nat_currency_current_m,653942.0
US,Stati Uniti,2015,False,core_nat_currency_current_m,641253.0
US,Stati Uniti,2016,False,core_nat_currency_current_m,656059.0
US,Stati Uniti,2017,False,core_nat_currency_current_m,642933.0
US,Stati Uniti,2018,False,core_nat_currency_current_m,672255.0
US,Stati Uniti,2019,False,core_nat_currency_current_m,750886.0
US,Stati Uniti,2020,False,core_nat_currency_current_m,770650.0
US,Stati Uniti,2021,False,core_nat_currency_current_m,824094.0
US,Stati Uniti,2022,False,core_nat_currency_current_m,834977.0
US,Stati Uniti,2023,False,core_nat_currency_current_m,875603.0
US,Stati Uniti,2024,False,core_nat_currency_current_m,967707.0
US,Stati Uniti,2025,True,core_nat_currency_current_m,975824.0
US,Stati Uniti,2026,True,core_nat_currency_current_m,1032849.0
AL,Albania,2014,False,core_per_capita_2021_usd,68.0
AL,Albania,2015,False,core_per_capita_2021_usd,60.0
AL,Albania,2016,False,core_per_capita_2021_usd,59.0
AL,Albania,2017,False,core_per_capita_2021_usd,61.0
AL,Albania,2018,False,core_per_capita_2021_usd,67.0
AL,Albania,2019,False,core_per_capita_2021_usd,76.0
AL,Albania,2020,False,core_per_capita_2021_usd,75.0
AL,Albania,2021,False,core_per_capita_2021_usd,79.0
AL,Albania,2022,False,core_per_capita_2021_usd,82.0
AL,Albania,2023,False,core_per_capita_2021_usd,92.0
AL,Albania,2024,False,core_per_capita_2021_usd,101.0
AL,Albania,2025,True,core_per_capita_2021_usd,116.0
AL,Albania,2026,True,core_per_capita_2021_usd,176.0
BE,Belgio,2014,False,core_per_capita_2021_usd,469.0
BE,Belgio,2015,False,core_per_capita_2021_usd,447.0
BE,Belgio,2016,False,core_per_capita_2021_usd,443.0
BE,Belgio,2017,False,core_per_capita_2021_usd,442.0
BE,Belgio,2018,False,core_per_capita_2021_usd,451.0
BE,Belgio,2019,False,core_per_capita_2021_usd,457.0
BE,Belgio,2020,False,core_per_capita_2021_usd,491.0
BE,Belgio,2021,False,core_per_capita_2021_usd,539.0
BE,Belgio,2022,False,core_per_capita_2021_usd,622.0
BE,Belgio,2023,False,core_per_capita_2021_usd,623.0
BE,Belgio,2024,False,core_per_capita_2021_usd,688.0
BE,Belgio,2025,True,core_per_capita_2021_usd,1086.0
BE,Belgio,2026,True,core_per_capita_2021_usd,1093.0
BG,Bulgaria,2014,False,core_per_capita_2021_usd,129.0
BG,Bulgaria,2015,False,core_per_capita_2021_usd,128.0
BG,Bulgaria,2016,False,core_per_capita_2021_usd,134.0
BG,Bulgaria,2017,False,core_per_capita_2021_usd,137.0
BG,Bulgaria,2018,False,core_per_capita_2021_usd,169.0
BG,Bulgaria,2019,False,core_per_capita_2021_usd,385.0
BG,Bulgaria,2020,False,core_per_capita_2021_usd,190.0
BG,Bulgaria,2021,False,core_per_capita_2021_usd,196.0
BG,Bulgaria,2022,False,core_per_capita_2021_usd,216.0
BG,Bulgaria,2023,False,core_per_capita_2021_usd,270.0
BG,Bulgaria,2024,False,core_per_capita_2021_usd,277.0
BG,Bulgaria,2025,True,core_per_capita_2021_usd,317.0
BG,Bulgaria,2026,True,core_per_capita_2021_usd,340.0
CA,Canada,2014,False,core_per_capita_2021_usd,520.0
CA,Canada,2015,False,core_per_capita_2021_usd,620.0
CA,Canada,2016,False,core_per_capita_2021_usd,598.0
CA,Canada,2017,False,core_per_capita_2021_usd,755.0
CA,Canada,2018,False,core_per_capita_2021_usd,691.0
CA,Canada,2019,False,core_per_capita_2021_usd,692.0
CA,Canada,2020,False,core_per_capita_2021_usd,707.0
CA,Canada,2021,False,core_per_capita_2021_usd,667.0
CA,Canada,2022,False,core_per_capita_2021_usd,640.0
CA,Canada,2023,False,core_per_capita_2021_usd,698.0
CA,Canada,2024,False,core_per_capita_2021_usd,754.0
CA,Canada,2025,True,core_per_capita_2021_usd,1093.0
CA,Canada,2026,True,core_per_capita_2021_usd,1146.0
CZ,Cechia,2014,False,core_per_capita_2021_usd,218.0
CZ,Cechia,2015,False,core_per_capita_2021_usd,249.0
CZ,Cechia,2016,False,core_per_capita_2021_usd,236.0
CZ,Cechia,2017,False,core_per_capita_2021_usd,269.0
CZ,Cechia,2018,False,core_per_capita_2021_usd,295.0
CZ,Cechia,2019,False,core_per_capita_2021_usd,325.0
CZ,Cechia,2020,False,core_per_capita_2021_usd,339.0
CZ,Cechia,2021,False,core_per_capita_2021_usd,373.0
CZ,Cechia,2022,False,core_per_capita_2021_usd,359.0
CZ,Cechia,2023,False,core_per_capita_2021_usd,362.0
CZ,Cechia,2024,False,core_per_capita_2021_usd,552.0
CZ,Cechia,2025,True,core_per_capita_2021_usd,530.0
CZ,Cechia,2026,True,core_per_capita_2021_usd,586.0
DE,Germania,2014,False,core_per_capita_2021_usd,578.0
DE,Germania,2015,False,core_per_capita_2021_usd,583.0
DE,Germania,2016,False,core_per_capita_2021_usd,599.0
DE,Germania,2017,False,core_per_capita_2021_usd,631.0
DE,Germania,2018,False,core_per_capita_2021_usd,647.0
DE,Germania,2019,False,core_per_capita_2021_usd,706.0
DE,Germania,2020,False,core_per_capita_2021_usd,761.0
DE,Germania,2021,False,core_per_capita_2021_usd,757.0
DE,Germania,2022,False,core_per_capita_2021_usd,785.0
DE,Germania,2023,False,core_per_capita_2021_usd,846.0
DE,Germania,2024,False,core_per_capita_2021_usd,1049.0
DE,Germania,2025,True,core_per_capita_2021_usd,1167.0
DE,Germania,2026,True,core_per_capita_2021_usd,1427.0
DK,Danimarca,2014,False,core_per_capita_2021_usd,704.0
DK,Danimarca,2015,False,core_per_capita_2021_usd,692.0
DK,Danimarca,2016,False,core_per_capita_2021_usd,731.0
DK,Danimarca,2017,False,core_per_capita_2021_usd,741.0
DK,Danimarca,2018,False,core_per_capita_2021_usd,845.0
DK,Danimarca,2019,False,core_per_capita_2021_usd,867.0
DK,Danimarca,2020,False,core_per_capita_2021_usd,899.0
DK,Danimarca,2021,False,core_per_capita_2021_usd,901.0
DK,Danimarca,2022,False,core_per_capita_2021_usd,945.0
DK,Danimarca,2023,False,core_per_capita_2021_usd,1388.0
DK,Danimarca,2024,False,core_per_capita_2021_usd,1627.0
DK,Danimarca,2025,True,core_per_capita_2021_usd,2380.0
DK,Danimarca,2026,True,core_per_capita_2021_usd,2595.0
EE,Estonia,2014,False,core_per_capita_2021_usd,426.0
EE,Estonia,2015,False,core_per_capita_2021_usd,458.0
EE,Estonia,2016,False,core_per_capita_2021_usd,479.0
EE,Estonia,2017,False,core_per_capita_2021_usd,492.0
EE,Estonia,2018,False,core_per_capita_2021_usd,509.0
EE,Estonia,2019,False,core_per_capita_2021_usd,532.0
EE,Estonia,2020,False,core_per_capita_2021_usd,585.0
EE,Estonia,2021,False,core_per_capita_2021_usd,563.0
EE,Estonia,2022,False,core_per_capita_2021_usd,591.0
EE,Estonia,2023,False,core_per_capita_2021_usd,780.0
EE,Estonia,2024,False,core_per_capita_2021_usd,863.0
EE,Estonia,2025,True,core_per_capita_2021_usd,1040.0
EE,Estonia,2026,True,core_per_capita_2021_usd,1397.0
EL,Grecia,2014,False,core_per_capita_2021_usd,430.0
EL,Grecia,2015,False,core_per_capita_2021_usd,449.0
EL,Grecia,2016,False,core_per_capita_2021_usd,466.0
EL,Grecia,2017,False,core_per_capita_2021_usd,468.0
EL,Grecia,2018,False,core_per_capita_2021_usd,509.0
EL,Grecia,2019,False,core_per_capita_2021_usd,500.0
EL,Grecia,2020,False,core_per_capita_2021_usd,540.0
EL,Grecia,2021,False,core_per_capita_2021_usd,752.0
EL,Grecia,2022,False,core_per_capita_2021_usd,848.0
EL,Grecia,2023,False,core_per_capita_2021_usd,618.0
EL,Grecia,2024,False,core_per_capita_2021_usd,633.0
EL,Grecia,2025,True,core_per_capita_2021_usd,650.0
EL,Grecia,2026,True,core_per_capita_2021_usd,870.0
ES,Spagna,2014,False,core_per_capita_2021_usd,264.0
ES,Spagna,2015,False,core_per_capita_2021_usd,276.0
ES,Spagna,2016,False,core_per_capita_2021_usd,248.0
ES,Spagna,2017,False,core_per_capita_2021_usd,285.0
ES,Spagna,2018,False,core_per_capita_2021_usd,298.0
ES,Spagna,2019,False,core_per_capita_2021_usd,294.0
ES,Spagna,2020,False,core_per_capita_2021_usd,288.0
ES,Spagna,2021,False,core_per_capita_2021_usd,314.0
ES,Spagna,2022,False,core_per_capita_2021_usd,369.0
ES,Spagna,2023,False,core_per_capita_2021_usd,384.0
ES,Spagna,2024,False,core_per_capita_2021_usd,480.0
ES,Spagna,2025,True,core_per_capita_2021_usd,688.0
ES,Spagna,2026,True,core_per_capita_2021_usd,700.0
FI,Finlandia,2014,False,core_per_capita_2021_usd,719.0
FI,Finlandia,2015,False,core_per_capita_2021_usd,720.0
FI,Finlandia,2016,False,core_per_capita_2021_usd,723.0
FI,Finlandia,2017,False,core_per_capita_2021_usd,725.0
FI,Finlandia,2018,False,core_per_capita_2021_usd,734.0
FI,Finlandia,2019,False,core_per_capita_2021_usd,778.0
FI,Finlandia,2020,False,core_per_capita_2021_usd,799.0
FI,Finlandia,2021,False,core_per_capita_2021_usd,748.0
FI,Finlandia,2022,False,core_per_capita_2021_usd,900.0
FI,Finlandia,2023,False,core_per_capita_2021_usd,1114.0
FI,Finlandia,2024,False,core_per_capita_2021_usd,1104.0
FI,Finlandia,2025,True,core_per_capita_2021_usd,1433.0
FI,Finlandia,2026,True,core_per_capita_2021_usd,1382.0
FR,Francia,2014,False,core_per_capita_2021_usd,766.0
FR,Francia,2015,False,core_per_capita_2021_usd,755.0
FR,Francia,2016,False,core_per_capita_2021_usd,762.0
FR,Francia,2017,False,core_per_capita_2021_usd,772.0
FR,Francia,2018,False,core_per_capita_2021_usd,795.0
FR,Francia,2019,False,core_per_capita_2021_usd,809.0
FR,Francia,2020,False,core_per_capita_2021_usd,815.0
FR,Francia,2021,False,core_per_capita_2021_usd,831.0
FR,Francia,2022,False,core_per_capita_2021_usd,835.0
FR,Francia,2023,False,core_per_capita_2021_usd,850.0
FR,Francia,2024,False,core_per_capita_2021_usd,930.0
FR,Francia,2025,True,core_per_capita_2021_usd,940.0
FR,Francia,2026,True,core_per_capita_2021_usd,1022.0
HR,Croazia,2014,False,core_per_capita_2021_usd,248.0
HR,Croazia,2015,False,core_per_capita_2021_usd,248.0
HR,Croazia,2016,False,core_per_capita_2021_usd,236.0
HR,Croazia,2017,False,core_per_capita_2021_usd,255.0
HR,Croazia,2018,False,core_per_capita_2021_usd,251.0
HR,Croazia,2019,False,core_per_capita_2021_usd,272.0
HR,Croazia,2020,False,core_per_capita_2021_usd,266.0
HR,Croazia,2021,False,core_per_capita_2021_usd,351.0
HR,Croazia,2022,False,core_per_capita_2021_usd,346.0
HR,Croazia,2023,False,core_per_capita_2021_usd,328.0
HR,Croazia,2024,False,core_per_capita_2021_usd,384.0
HR,Croazia,2025,True,core_per_capita_2021_usd,447.0
HR,Croazia,2026,True,core_per_capita_2021_usd,454.0
HU,Ungheria,2014,False,core_per_capita_2021_usd,127.0
HU,Ungheria,2015,False,core_per_capita_2021_usd,139.0
HU,Ungheria,2016,False,core_per_capita_2021_usd,158.0
HU,Ungheria,2017,False,core_per_capita_2021_usd,197.0
HU,Ungheria,2018,False,core_per_capita_2021_usd,176.0
HU,Ungheria,2019,False,core_per_capita_2021_usd,245.0
HU,Ungheria,2020,False,core_per_capita_2021_usd,309.0
HU,Ungheria,2021,False,core_per_capita_2021_usd,250.0
HU,Ungheria,2022,False,core_per_capita_2021_usd,366.0
HU,Ungheria,2023,False,core_per_capita_2021_usd,395.0
HU,Ungheria,2024,False,core_per_capita_2021_usd,441.0
HU,Ungheria,2025,True,core_per_capita_2021_usd,416.0
HU,Ungheria,2026,True,core_per_capita_2021_usd,430.0
IT,Italia,2014,False,core_per_capita_2021_usd,393.0
IT,Italia,2015,False,core_per_capita_2021_usd,371.0
IT,Italia,2016,False,core_per_capita_2021_usd,416.0
IT,Italia,2017,False,core_per_capita_2021_usd,432.0
IT,Italia,2018,False,core_per_capita_2021_usd,446.0
IT,Italia,2019,False,core_per_capita_2021_usd,429.0
IT,Italia,2020,False,core_per_capita_2021_usd,532.0
IT,Italia,2021,False,core_per_capita_2021_usd,560.0
IT,Italia,2022,False,core_per_capita_2021_usd,580.0
IT,Italia,2023,False,core_per_capita_2021_usd,571.0
IT,Italia,2024,False,core_per_capita_2021_usd,598.0
IT,Italia,2025,True,core_per_capita_2021_usd,829.0
IT,Italia,2026,True,core_per_capita_2021_usd,839.0
LT,Lituania,2014,False,core_per_capita_2021_usd,156.0
LT,Lituania,2015,False,core_per_capita_2021_usd,208.0
LT,Lituania,2016,False,core_per_capita_2021_usd,282.0
LT,Lituania,2017,False,core_per_capita_2021_usd,346.0
LT,Lituania,2018,False,core_per_capita_2021_usd,416.0
LT,Lituania,2019,False,core_per_capita_2021_usd,445.0
LT,Lituania,2020,False,core_per_capita_2021_usd,460.0
LT,Lituania,2021,False,core_per_capita_2021_usd,466.0
LT,Lituania,2022,False,core_per_capita_2021_usd,597.0
LT,Lituania,2023,False,core_per_capita_2021_usd,650.0
LT,Lituania,2024,False,core_per_capita_2021_usd,759.0
LT,Lituania,2025,True,core_per_capita_2021_usd,1026.0
LT,Lituania,2026,True,core_per_capita_2021_usd,1406.0
LU,Lussemburgo,2014,False,core_per_capita_2021_usd,470.0
LU,Lussemburgo,2015,False,core_per_capita_2021_usd,531.0
LU,Lussemburgo,2016,False,core_per_capita_2021_usd,498.0
LU,Lussemburgo,2017,False,core_per_capita_2021_usd,643.0
LU,Lussemburgo,2018,False,core_per_capita_2021_usd,648.0
LU,Lussemburgo,2019,False,core_per_capita_2021_usd,713.0
LU,Lussemburgo,2020,False,core_per_capita_2021_usd,740.0
LU,Lussemburgo,2021,False,core_per_capita_2021_usd,629.0
LU,Lussemburgo,2022,False,core_per_capita_2021_usd,741.0
LU,Lussemburgo,2023,False,core_per_capita_2021_usd,927.0
LU,Lussemburgo,2024,False,core_per_capita_2021_usd,1064.0
LU,Lussemburgo,2025,True,core_per_capita_2021_usd,1688.0
LU,Lussemburgo,2026,True,core_per_capita_2021_usd,1707.0
LV,Lettonia,2014,False,core_per_capita_2021_usd,156.0
LV,Lettonia,2015,False,core_per_capita_2021_usd,180.0
LV,Lettonia,2016,False,core_per_capita_2021_usd,259.0
LV,Lettonia,2017,False,core_per_capita_2021_usd,300.0
LV,Lettonia,2018,False,core_per_capita_2021_usd,407.0
LV,Lettonia,2019,False,core_per_capita_2021_usd,405.0
LV,Lettonia,2020,False,core_per_capita_2021_usd,418.0
LV,Lettonia,2021,False,core_per_capita_2021_usd,437.0
LV,Lettonia,2022,False,core_per_capita_2021_usd,465.0
LV,Lettonia,2023,False,core_per_capita_2021_usd,601.0
LV,Lettonia,2024,False,core_per_capita_2021_usd,677.0
LV,Lettonia,2025,True,core_per_capita_2021_usd,785.0
LV,Lettonia,2026,True,core_per_capita_2021_usd,1083.0
ME,Montenegro,2014,False,core_per_capita_2021_usd,123.0
ME,Montenegro,2015,False,core_per_capita_2021_usd,119.0
ME,Montenegro,2016,False,core_per_capita_2021_usd,123.0
ME,Montenegro,2017,False,core_per_capita_2021_usd,121.0
ME,Montenegro,2018,False,core_per_capita_2021_usd,130.0
ME,Montenegro,2019,False,core_per_capita_2021_usd,131.0
ME,Montenegro,2020,False,core_per_capita_2021_usd,145.0
ME,Montenegro,2021,False,core_per_capita_2021_usd,147.0
ME,Montenegro,2022,False,core_per_capita_2021_usd,140.0
ME,Montenegro,2023,False,core_per_capita_2021_usd,161.0
ME,Montenegro,2024,False,core_per_capita_2021_usd,184.0
ME,Montenegro,2025,True,core_per_capita_2021_usd,233.0
ME,Montenegro,2026,True,core_per_capita_2021_usd,255.0
MK,Macedonia del Nord,2014,False,core_per_capita_2021_usd,69.0
MK,Macedonia del Nord,2015,False,core_per_capita_2021_usd,69.0
MK,Macedonia del Nord,2016,False,core_per_capita_2021_usd,66.0
MK,Macedonia del Nord,2017,False,core_per_capita_2021_usd,62.0
MK,Macedonia del Nord,2018,False,core_per_capita_2021_usd,68.0
MK,Macedonia del Nord,2019,False,core_per_capita_2021_usd,87.0
MK,Macedonia del Nord,2020,False,core_per_capita_2021_usd,89.0
MK,Macedonia del Nord,2021,False,core_per_capita_2021_usd,111.0
MK,Macedonia del Nord,2022,False,core_per_capita_2021_usd,124.0
MK,Macedonia del Nord,2023,False,core_per_capita_2021_usd,135.0
MK,Macedonia del Nord,2024,False,core_per_capita_2021_usd,154.0
MK,Macedonia del Nord,2025,True,core_per_capita_2021_usd,178.0
MK,Macedonia del Nord,2026,True,core_per_capita_2021_usd,178.0
NATO_EUR_CAN,NATO Europa e Canada,2014,False,core_per_capita_2021_usd,466.0
NATO_EUR_CAN,NATO Europa e Canada,2015,False,core_per_capita_2021_usd,471.0
NATO_EUR_CAN,NATO Europa e Canada,2016,False,core_per_capita_2021_usd,482.0
NATO_EUR_CAN,NATO Europa e Canada,2017,False,core_per_capita_2021_usd,509.0
NATO_EUR_CAN,NATO Europa e Canada,2018,False,core_per_capita_2021_usd,526.0
NATO_EUR_CAN,NATO Europa e Canada,2019,False,core_per_capita_2021_usd,544.0
NATO_EUR_CAN,NATO Europa e Canada,2020,False,core_per_capita_2021_usd,568.0
NATO_EUR_CAN,NATO Europa e Canada,2021,False,core_per_capita_2021_usd,581.0
NATO_EUR_CAN,NATO Europa e Canada,2022,False,core_per_capita_2021_usd,598.0
NATO_EUR_CAN,NATO Europa e Canada,2023,False,core_per_capita_2021_usd,637.0
NATO_EUR_CAN,NATO Europa e Canada,2024,False,core_per_capita_2021_usd,744.0
NATO_EUR_CAN,NATO Europa e Canada,2025,True,core_per_capita_2021_usd,882.0
NATO_EUR_CAN,NATO Europa e Canada,2026,True,core_per_capita_2021_usd,976.0
NATO_TOTAL,NATO totale,2014,False,core_per_capita_2021_usd,1117.0
NATO_TOTAL,NATO totale,2015,False,core_per_capita_2021_usd,1093.0
NATO_TOTAL,NATO totale,2016,False,core_per_capita_2021_usd,1105.0
NATO_TOTAL,NATO totale,2017,False,core_per_capita_2021_usd,1088.0
NATO_TOTAL,NATO totale,2018,False,core_per_capita_2021_usd,1112.0
NATO_TOTAL,NATO totale,2019,False,core_per_capita_2021_usd,1196.0
NATO_TOTAL,NATO totale,2020,False,core_per_capita_2021_usd,1219.0
NATO_TOTAL,NATO totale,2021,False,core_per_capita_2021_usd,1245.0
NATO_TOTAL,NATO totale,2022,False,core_per_capita_2021_usd,1204.0
NATO_TOTAL,NATO totale,2023,False,core_per_capita_2021_usd,1229.0
NATO_TOTAL,NATO totale,2024,False,core_per_capita_2021_usd,1350.0
NATO_TOTAL,NATO totale,2025,True,core_per_capita_2021_usd,1420.0
NATO_TOTAL,NATO totale,2026,True,core_per_capita_2021_usd,1496.0
NL,Paesi Bassi,2014,False,core_per_capita_2021_usd,612.0
NL,Paesi Bassi,2015,False,core_per_capita_2021_usd,611.0
NL,Paesi Bassi,2016,False,core_per_capita_2021_usd,635.0
NL,Paesi Bassi,2017,False,core_per_capita_2021_usd,645.0
NL,Paesi Bassi,2018,False,core_per_capita_2021_usd,695.0
NL,Paesi Bassi,2019,False,core_per_capita_2021_usd,765.0
NL,Paesi Bassi,2020,False,core_per_capita_2021_usd,778.0
NL,Paesi Bassi,2021,False,core_per_capita_2021_usd,794.0
NL,Paesi Bassi,2022,False,core_per_capita_2021_usd,867.0
NL,Paesi Bassi,2023,False,core_per_capita_2021_usd,898.0
NL,Paesi Bassi,2024,False,core_per_capita_2021_usd,1247.0
NL,Paesi Bassi,2025,True,core_per_capita_2021_usd,1582.0
NL,Paesi Bassi,2026,True,core_per_capita_2021_usd,1620.0
NO,Norvegia,2014,False,core_per_capita_2021_usd,1359.0
NO,Norvegia,2015,False,core_per_capita_2021_usd,1406.0
NO,Norvegia,2016,False,core_per_capita_2021_usd,1545.0
NO,Norvegia,2017,False,core_per_capita_2021_usd,1546.0
NO,Norvegia,2018,False,core_per_capita_2021_usd,1563.0
NO,Norvegia,2019,False,core_per_capita_2021_usd,1687.0
NO,Norvegia,2020,False,core_per_capita_2021_usd,1761.0
NO,Norvegia,2021,False,core_per_capita_2021_usd,1560.0
NO,Norvegia,2022,False,core_per_capita_2021_usd,1401.0
NO,Norvegia,2023,False,core_per_capita_2021_usd,1729.0
NO,Norvegia,2024,False,core_per_capita_2021_usd,2143.0
NO,Norvegia,2025,True,core_per_capita_2021_usd,3142.0
NO,Norvegia,2026,True,core_per_capita_2021_usd,3168.0
PL,Polonia,2014,False,core_per_capita_2021_usd,257.0
PL,Polonia,2015,False,core_per_capita_2021_usd,318.0
PL,Polonia,2016,False,core_per_capita_2021_usd,295.0
PL,Polonia,2017,False,core_per_capita_2021_usd,294.0
PL,Polonia,2018,False,core_per_capita_2021_usd,331.0
PL,Polonia,2019,False,core_per_capita_2021_usd,341.0
PL,Polonia,2020,False,core_per_capita_2021_usd,383.0
PL,Polonia,2021,False,core_per_capita_2021_usd,408.0
PL,Polonia,2022,False,core_per_capita_2021_usd,425.0
PL,Polonia,2023,False,core_per_capita_2021_usd,631.0
PL,Polonia,2024,False,core_per_capita_2021_usd,750.0
PL,Polonia,2025,True,core_per_capita_2021_usd,885.0
PL,Polonia,2026,True,core_per_capita_2021_usd,1007.0
PT,Portogallo,2014,False,core_per_capita_2021_usd,293.0
PT,Portogallo,2015,False,core_per_capita_2021_usd,304.0
PT,Portogallo,2016,False,core_per_capita_2021_usd,296.0
PT,Portogallo,2017,False,core_per_capita_2021_usd,300.0
PT,Portogallo,2018,False,core_per_capita_2021_usd,334.0
PT,Portogallo,2019,False,core_per_capita_2021_usd,351.0
PT,Portogallo,2020,False,core_per_capita_2021_usd,333.0
PT,Portogallo,2021,False,core_per_capita_2021_usd,375.0
PT,Portogallo,2022,False,core_per_capita_2021_usd,364.0
PT,Portogallo,2023,False,core_per_capita_2021_usd,352.0
PT,Portogallo,2024,False,core_per_capita_2021_usd,418.0
PT,Portogallo,2025,True,core_per_capita_2021_usd,549.0
PT,Portogallo,2026,True,core_per_capita_2021_usd,580.0
RO,Romania,2014,False,core_per_capita_2021_usd,151.0
RO,Romania,2015,False,core_per_capita_2021_usd,168.0
RO,Romania,2016,False,core_per_capita_2021_usd,171.0
RO,Romania,2017,False,core_per_capita_2021_usd,226.0
RO,Romania,2018,False,core_per_capita_2021_usd,249.0
RO,Romania,2019,False,core_per_capita_2021_usd,266.0
RO,Romania,2020,False,core_per_capita_2021_usd,282.0
RO,Romania,2021,False,core_per_capita_2021_usd,277.0
RO,Romania,2022,False,core_per_capita_2021_usd,274.0
RO,Romania,2023,False,core_per_capita_2021_usd,257.0
RO,Romania,2024,False,core_per_capita_2021_usd,350.0
RO,Romania,2025,True,core_per_capita_2021_usd,355.0
RO,Romania,2026,True,core_per_capita_2021_usd,395.0
SE,Svezia,2014,False,core_per_capita_2021_usd,598.0
SE,Svezia,2015,False,core_per_capita_2021_usd,585.0
SE,Svezia,2016,False,core_per_capita_2021_usd,567.0
SE,Svezia,2017,False,core_per_capita_2021_usd,569.0
SE,Svezia,2018,False,core_per_capita_2021_usd,576.0
SE,Svezia,2019,False,core_per_capita_2021_usd,623.0
SE,Svezia,2020,False,core_per_capita_2021_usd,637.0
SE,Svezia,2021,False,core_per_capita_2021_usd,871.0
SE,Svezia,2022,False,core_per_capita_2021_usd,905.0
SE,Svezia,2023,False,core_per_capita_2021_usd,1027.0
SE,Svezia,2024,False,core_per_capita_2021_usd,1333.0
SE,Svezia,2025,True,core_per_capita_2021_usd,1752.0
SE,Svezia,2026,True,core_per_capita_2021_usd,2007.0
SI,Slovenia,2014,False,core_per_capita_2021_usd,236.0
SI,Slovenia,2015,False,core_per_capita_2021_usd,230.0
SI,Slovenia,2016,False,core_per_capita_2021_usd,256.0
SI,Slovenia,2017,False,core_per_capita_2021_usd,263.0
SI,Slovenia,2018,False,core_per_capita_2021_usd,281.0
SI,Slovenia,2019,False,core_per_capita_2021_usd,301.0
SI,Slovenia,2020,False,core_per_capita_2021_usd,288.0
SI,Slovenia,2021,False,core_per_capita_2021_usd,362.0
SI,Slovenia,2022,False,core_per_capita_2021_usd,389.0
SI,Slovenia,2023,False,core_per_capita_2021_usd,401.0
SI,Slovenia,2024,False,core_per_capita_2021_usd,416.0
SI,Slovenia,2025,True,core_per_capita_2021_usd,490.0
SI,Slovenia,2026,True,core_per_capita_2021_usd,511.0
SK,Slovacchia,2014,False,core_per_capita_2021_usd,181.0
SK,Slovacchia,2015,False,core_per_capita_2021_usd,214.0
SK,Slovacchia,2016,False,core_per_capita_2021_usd,219.0
SK,Slovacchia,2017,False,core_per_capita_2021_usd,223.0
SK,Slovacchia,2018,False,core_per_capita_2021_usd,256.0
SK,Slovacchia,2019,False,core_per_capita_2021_usd,366.0
SK,Slovacchia,2020,False,core_per_capita_2021_usd,398.0
SK,Slovacchia,2021,False,core_per_capita_2021_usd,380.0
SK,Slovacchia,2022,False,core_per_capita_2021_usd,401.0
SK,Slovacchia,2023,False,core_per_capita_2021_usd,394.0
SK,Slovacchia,2024,False,core_per_capita_2021_usd,460.0
SK,Slovacchia,2025,True,core_per_capita_2021_usd,473.0
SK,Slovacchia,2026,True,core_per_capita_2021_usd,474.0
TR,Turchia,2014,False,core_per_capita_2021_usd,109.0
TR,Turchia,2015,False,core_per_capita_2021_usd,107.0
TR,Turchia,2016,False,core_per_capita_2021_usd,114.0
TR,Turchia,2017,False,core_per_capita_2021_usd,125.0
TR,Turchia,2018,False,core_per_capita_2021_usd,152.0
TR,Turchia,2019,False,core_per_capita_2021_usd,153.0
TR,Turchia,2020,False,core_per_capita_2021_usd,155.0
TR,Turchia,2021,False,core_per_capita_2021_usd,148.0
TR,Turchia,2022,False,core_per_capita_2021_usd,131.0
TR,Turchia,2023,False,core_per_capita_2021_usd,150.0
TR,Turchia,2024,False,core_per_capita_2021_usd,222.0
TR,Turchia,2025,True,core_per_capita_2021_usd,256.0
TR,Turchia,2026,True,core_per_capita_2021_usd,319.0
UK,Regno Unito,2014,False,core_per_capita_2021_usd,975.0
UK,Regno Unito,2015,False,core_per_capita_2021_usd,938.0
UK,Regno Unito,2016,False,core_per_capita_2021_usd,977.0
UK,Regno Unito,2017,False,core_per_capita_2021_usd,995.0
UK,Regno Unito,2018,False,core_per_capita_2021_usd,1015.0
UK,Regno Unito,2019,False,core_per_capita_2021_usd,1014.0
UK,Regno Unito,2020,False,core_per_capita_2021_usd,1028.0
UK,Regno Unito,2021,False,core_per_capita_2021_usd,1074.0
UK,Regno Unito,2022,False,core_per_capita_2021_usd,1102.0
UK,Regno Unito,2023,False,core_per_capita_2021_usd,1093.0
UK,Regno Unito,2024,False,core_per_capita_2021_usd,1120.0
UK,Regno Unito,2025,True,core_per_capita_2021_usd,1150.0
UK,Regno Unito,2026,True,core_per_capita_2021_usd,1274.0
US,Stati Uniti,2014,False,core_per_capita_2021_usd,2338.0
US,Stati Uniti,2015,False,core_per_capita_2021_usd,2254.0
US,Stati Uniti,2016,False,core_per_capita_2021_usd,2267.0
US,Stati Uniti,2017,False,core_per_capita_2021_usd,2167.0
US,Stati Uniti,2018,False,core_per_capita_2021_usd,2202.0
US,Stati Uniti,2019,False,core_per_capita_2021_usd,2407.0
US,Stati Uniti,2020,False,core_per_capita_2021_usd,2428.0
US,Stati Uniti,2021,False,core_per_capita_2021_usd,2478.0
US,Stati Uniti,2022,False,core_per_capita_2021_usd,2331.0
US,Stati Uniti,2023,False,core_per_capita_2021_usd,2339.0
US,Stati Uniti,2024,False,core_per_capita_2021_usd,2500.0
US,Stati Uniti,2025,True,core_per_capita_2021_usd,2438.0
US,Stati Uniti,2026,True,core_per_capita_2021_usd,2481.0
AL,Albania,2014,False,core_real_change_pct,-2.63
AL,Albania,2015,False,core_real_change_pct,-11.95
AL,Albania,2016,False,core_real_change_pct,-1.67
AL,Albania,2017,False,core_real_change_pct,3.03
AL,Albania,2018,False,core_real_change_pct,8.86
AL,Albania,2019,False,core_real_change_pct,12.95
AL,Albania,2020,False,core_real_change_pct,-1.53
AL,Albania,2021,False,core_real_change_pct,4.48
AL,Albania,2022,False,core_real_change_pct,1.97
AL,Albania,2023,False,core_real_change_pct,11.77
AL,Albania,2024,False,core_real_change_pct,9.01
AL,Albania,2025,True,core_real_change_pct,13.21
AL,Albania,2026,True,core_real_change_pct,50.03
BE,Belgio,2014,False,core_real_change_pct,-2.11
BE,Belgio,2015,False,core_real_change_pct,-4.25
BE,Belgio,2016,False,core_real_change_pct,-0.34
BE,Belgio,2017,False,core_real_change_pct,0.21
BE,Belgio,2018,False,core_real_change_pct,2.52
BE,Belgio,2019,False,core_real_change_pct,1.82
BE,Belgio,2020,False,core_real_change_pct,7.96
BE,Belgio,2021,False,core_real_change_pct,10.14
BE,Belgio,2022,False,core_real_change_pct,16.36
BE,Belgio,2023,False,core_real_change_pct,0.93
BE,Belgio,2024,False,core_real_change_pct,11.17
BE,Belgio,2025,True,core_real_change_pct,58.52
BE,Belgio,2026,True,core_real_change_pct,0.79
BG,Bulgaria,2014,False,core_real_change_pct,-9.08
BG,Bulgaria,2015,False,core_real_change_pct,-1.56
BG,Bulgaria,2016,False,core_real_change_pct,2.8
BG,Bulgaria,2017,False,core_real_change_pct,0.96
BG,Bulgaria,2018,False,core_real_change_pct,21.79
BG,Bulgaria,2019,False,core_real_change_pct,124.85
BG,Bulgaria,2020,False,core_real_change_pct,-51.2
BG,Bulgaria,2021,False,core_real_change_pct,2.65
BG,Bulgaria,2022,False,core_real_change_pct,9.32
BG,Bulgaria,2023,False,core_real_change_pct,24.81
BG,Bulgaria,2024,False,core_real_change_pct,2.66
BG,Bulgaria,2025,True,core_real_change_pct,13.65
BG,Bulgaria,2026,True,core_real_change_pct,6.8
CA,Canada,2014,False,core_real_change_pct,4.95
CA,Canada,2015,False,core_real_change_pct,20.09
CA,Canada,2016,False,core_real_change_pct,-2.48
CA,Canada,2017,False,core_real_change_pct,27.76
CA,Canada,2018,False,core_real_change_pct,-7.18
CA,Canada,2019,False,core_real_change_pct,1.61
CA,Canada,2020,False,core_real_change_pct,3.37
CA,Canada,2021,False,core_real_change_pct,-5.18
CA,Canada,2022,False,core_real_change_pct,-2.29
CA,Canada,2023,False,core_real_change_pct,12.15
CA,Canada,2024,False,core_real_change_pct,11.37
CA,Canada,2025,True,core_real_change_pct,46.32
CA,Canada,2026,True,core_real_change_pct,5.95
CZ,Cechia,2014,False,core_real_change_pct,-5.03
CZ,Cechia,2015,False,core_real_change_pct,13.86
CZ,Cechia,2016,False,core_real_change_pct,-4.94
CZ,Cechia,2017,False,core_real_change_pct,13.9
CZ,Cechia,2018,False,core_real_change_pct,10.06
CZ,Cechia,2019,False,core_real_change_pct,10.2
CZ,Cechia,2020,False,core_real_change_pct,3.91
CZ,Cechia,2021,False,core_real_change_pct,9.85
CZ,Cechia,2022,False,core_real_change_pct,-1.36
CZ,Cechia,2023,False,core_real_change_pct,1.96
CZ,Cechia,2024,False,core_real_change_pct,52.83
CZ,Cechia,2025,True,core_real_change_pct,-4.04
CZ,Cechia,2026,True,core_real_change_pct,10.53
DE,Germania,2014,False,core_real_change_pct,-1.42
DE,Germania,2015,False,core_real_change_pct,1.54
DE,Germania,2016,False,core_real_change_pct,3.43
DE,Germania,2017,False,core_real_change_pct,5.54
DE,Germania,2018,False,core_real_change_pct,2.7
DE,Germania,2019,False,core_real_change_pct,9.22
DE,Germania,2020,False,core_real_change_pct,7.61
DE,Germania,2021,False,core_real_change_pct,-0.65
DE,Germania,2022,False,core_real_change_pct,4.42
DE,Germania,2023,False,core_real_change_pct,8.77
DE,Germania,2024,False,core_real_change_pct,24.26
DE,Germania,2025,True,core_real_change_pct,11.26
DE,Germania,2026,True,core_real_change_pct,22.29
DK,Danimarca,2014,False,core_real_change_pct,-4.82
DK,Danimarca,2015,False,core_real_change_pct,-1.0
DK,Danimarca,2016,False,core_real_change_pct,6.43
DK,Danimarca,2017,False,core_real_change_pct,2.07
DK,Danimarca,2018,False,core_real_change_pct,14.65
DK,Danimarca,2019,False,core_real_change_pct,2.99
DK,Danimarca,2020,False,core_real_change_pct,3.86
DK,Danimarca,2021,False,core_real_change_pct,0.68
DK,Danimarca,2022,False,core_real_change_pct,5.78
DK,Danimarca,2023,False,core_real_change_pct,47.96
DK,Danimarca,2024,False,core_real_change_pct,17.78
DK,Danimarca,2025,True,core_real_change_pct,47.08
DK,Danimarca,2026,True,core_real_change_pct,9.44
EE,Estonia,2014,False,core_real_change_pct,3.78
EE,Estonia,2015,False,core_real_change_pct,7.14
EE,Estonia,2016,False,core_real_change_pct,5.0
EE,Estonia,2017,False,core_real_change_pct,2.54
EE,Estonia,2018,False,core_real_change_pct,3.69
EE,Estonia,2019,False,core_real_change_pct,5.15
EE,Estonia,2020,False,core_real_change_pct,10.29
EE,Estonia,2021,False,core_real_change_pct,-3.7
EE,Estonia,2022,False,core_real_change_pct,5.13
EE,Estonia,2023,False,core_real_change_pct,35.22
EE,Estonia,2024,False,core_real_change_pct,10.71
EE,Estonia,2025,True,core_real_change_pct,19.31
EE,Estonia,2026,True,core_real_change_pct,32.41
EL,Grecia,2014,False,core_real_change_pct,0.42
EL,Grecia,2015,False,core_real_change_pct,3.6
EL,Grecia,2016,False,core_real_change_pct,3.38
EL,Grecia,2017,False,core_real_change_pct,0.23
EL,Grecia,2018,False,core_real_change_pct,8.62
EL,Grecia,2019,False,core_real_change_pct,-1.94
EL,Grecia,2020,False,core_real_change_pct,7.73
EL,Grecia,2021,False,core_real_change_pct,38.64
EL,Grecia,2022,False,core_real_change_pct,12.03
EL,Grecia,2023,False,core_real_change_pct,-27.28
EL,Grecia,2024,False,core_real_change_pct,2.2
EL,Grecia,2025,True,core_real_change_pct,2.83
EL,Grecia,2026,True,core_real_change_pct,33.17
ES,Spagna,2014,False,core_real_change_pct,0.36
ES,Spagna,2015,False,core_real_change_pct,4.6
ES,Spagna,2016,False,core_real_change_pct,-10.19
ES,Spagna,2017,False,core_real_change_pct,15.35
ES,Spagna,2018,False,core_real_change_pct,4.87
ES,Spagna,2019,False,core_real_change_pct,-0.45
ES,Spagna,2020,False,core_real_change_pct,-1.48
ES,Spagna,2021,False,core_real_change_pct,8.84
ES,Spagna,2022,False,core_real_change_pct,18.84
ES,Spagna,2023,False,core_real_change_pct,5.23
ES,Spagna,2024,False,core_real_change_pct,26.38
ES,Spagna,2025,True,core_real_change_pct,44.49
ES,Spagna,2026,True,core_real_change_pct,2.19
FI,Finlandia,2014,False,core_real_change_pct,-6.05
FI,Finlandia,2015,False,core_real_change_pct,0.4
FI,Finlandia,2016,False,core_real_change_pct,0.72
FI,Finlandia,2017,False,core_real_change_pct,0.53
FI,Finlandia,2018,False,core_real_change_pct,1.4
FI,Finlandia,2019,False,core_real_change_pct,6.0
FI,Finlandia,2020,False,core_real_change_pct,2.87
FI,Finlandia,2021,False,core_real_change_pct,-6.16
FI,Finlandia,2022,False,core_real_change_pct,20.59
FI,Finlandia,2023,False,core_real_change_pct,24.33
FI,Finlandia,2024,False,core_real_change_pct,-0.2
FI,Finlandia,2025,True,core_real_change_pct,30.7
FI,Finlandia,2026,True,core_real_change_pct,-3.11
FR,Francia,2014,False,core_real_change_pct,-1.2
FR,Francia,2015,False,core_real_change_pct,-1.0
FR,Francia,2016,False,core_real_change_pct,1.39
FR,Francia,2017,False,core_real_change_pct,1.67
FR,Francia,2018,False,core_real_change_pct,3.49
FR,Francia,2019,False,core_real_change_pct,2.17
FR,Francia,2020,False,core_real_change_pct,1.08
FR,Francia,2021,False,core_real_change_pct,2.41
FR,Francia,2022,False,core_real_change_pct,0.86
FR,Francia,2023,False,core_real_change_pct,2.08
FR,Francia,2024,False,core_real_change_pct,9.63
FR,Francia,2025,True,core_real_change_pct,1.39
FR,Francia,2026,True,core_real_change_pct,9.07
HR,Croazia,2014,False,core_real_change_pct,25.94
HR,Croazia,2015,False,core_real_change_pct,-1.04
HR,Croazia,2016,False,core_real_change_pct,-5.99
HR,Croazia,2017,False,core_real_change_pct,6.15
HR,Croazia,2018,False,core_real_change_pct,-2.82
HR,Croazia,2019,False,core_real_change_pct,7.2
HR,Croazia,2020,False,core_real_change_pct,-2.99
HR,Croazia,2021,False,core_real_change_pct,30.88
HR,Croazia,2022,False,core_real_change_pct,-1.9
HR,Croazia,2023,False,core_real_change_pct,-5.24
HR,Croazia,2024,False,core_real_change_pct,16.56
HR,Croazia,2025,True,core_real_change_pct,15.6
HR,Croazia,2026,True,core_real_change_pct,1.01
HU,Ungheria,2014,False,core_real_change_pct,-5.22
HU,Ungheria,2015,False,core_real_change_pct,9.34
HU,Ungheria,2016,False,core_real_change_pct,13.19
HU,Ungheria,2017,False,core_real_change_pct,24.19
HU,Ungheria,2018,False,core_real_change_pct,-11.19
HU,Ungheria,2019,False,core_real_change_pct,39.22
HU,Ungheria,2020,False,core_real_change_pct,25.81
HU,Ungheria,2021,False,core_real_change_pct,-19.25
HU,Ungheria,2022,False,core_real_change_pct,45.65
HU,Ungheria,2023,False,core_real_change_pct,8.02
HU,Ungheria,2024,False,core_real_change_pct,11.25
HU,Ungheria,2025,True,core_real_change_pct,-6.27
HU,Ungheria,2026,True,core_real_change_pct,3.1
IT,Italia,2014,False,core_real_change_pct,-9.81
IT,Italia,2015,False,core_real_change_pct,-5.83
IT,Italia,2016,False,core_real_change_pct,12.05
IT,Italia,2017,False,core_real_change_pct,3.75
IT,Italia,2018,False,core_real_change_pct,2.91
IT,Italia,2019,False,core_real_change_pct,-4.05
IT,Italia,2020,False,core_real_change_pct,23.33
IT,Italia,2021,False,core_real_change_pct,4.88
IT,Italia,2022,False,core_real_change_pct,3.22
IT,Italia,2023,False,core_real_change_pct,-1.48
IT,Italia,2024,False,core_real_change_pct,4.65
IT,Italia,2025,True,core_real_change_pct,38.5
IT,Italia,2026,True,core_real_change_pct,1.01
LT,Lituania,2014,False,core_real_change_pct,19.65
LT,Lituania,2015,False,core_real_change_pct,32.05
LT,Lituania,2016,False,core_real_change_pct,33.91
LT,Lituania,2017,False,core_real_change_pct,21.01
LT,Lituania,2018,False,core_real_change_pct,19.3
LT,Lituania,2019,False,core_real_change_pct,6.65
LT,Lituania,2020,False,core_real_change_pct,3.37
LT,Lituania,2021,False,core_real_change_pct,1.15
LT,Lituania,2022,False,core_real_change_pct,29.27
LT,Lituania,2023,False,core_real_change_pct,10.39
LT,Lituania,2024,False,core_real_change_pct,17.51
LT,Lituania,2025,True,core_real_change_pct,35.1
LT,Lituania,2026,True,core_real_change_pct,36.04
LU,Lussemburgo,2014,False,core_real_change_pct,4.88
LU,Lussemburgo,2015,False,core_real_change_pct,15.34
LU,Lussemburgo,2016,False,core_real_change_pct,-3.73
LU,Lussemburgo,2017,False,core_real_change_pct,31.9
LU,Lussemburgo,2018,False,core_real_change_pct,2.77
LU,Lussemburgo,2019,False,core_real_change_pct,12.35
LU,Lussemburgo,2020,False,core_real_change_pct,5.27
LU,Lussemburgo,2021,False,core_real_change_pct,-13.59
LU,Lussemburgo,2022,False,core_real_change_pct,20.43
LU,Lussemburgo,2023,False,core_real_change_pct,27.41
LU,Lussemburgo,2024,False,core_real_change_pct,16.66
LU,Lussemburgo,2025,True,core_real_change_pct,60.66
LU,Lussemburgo,2026,True,core_real_change_pct,2.42
LV,Lettonia,2014,False,core_real_change_pct,2.64
LV,Lettonia,2015,False,core_real_change_pct,14.35
LV,Lettonia,2016,False,core_real_change_pct,42.65
LV,Lettonia,2017,False,core_real_change_pct,14.88
LV,Lettonia,2018,False,core_real_change_pct,34.73
LV,Lettonia,2019,False,core_real_change_pct,-1.31
LV,Lettonia,2020,False,core_real_change_pct,2.77
LV,Lettonia,2021,False,core_real_change_pct,3.57
LV,Lettonia,2022,False,core_real_change_pct,6.49
LV,Lettonia,2023,False,core_real_change_pct,28.85
LV,Lettonia,2024,False,core_real_change_pct,11.71
LV,Lettonia,2025,True,core_real_change_pct,14.32
LV,Lettonia,2026,True,core_real_change_pct,36.81
ME,Montenegro,2014,False,core_real_change_pct,4.39
ME,Montenegro,2015,False,core_real_change_pct,-3.57
ME,Montenegro,2016,False,core_real_change_pct,4.16
ME,Montenegro,2017,False,core_real_change_pct,-2.13
ME,Montenegro,2018,False,core_real_change_pct,7.21
ME,Montenegro,2019,False,core_real_change_pct,1.39
ME,Montenegro,2020,False,core_real_change_pct,10.33
ME,Montenegro,2021,False,core_real_change_pct,1.15
ME,Montenegro,2022,False,core_real_change_pct,-5.46
ME,Montenegro,2023,False,core_real_change_pct,16.02
ME,Montenegro,2024,False,core_real_change_pct,14.75
ME,Montenegro,2025,True,core_real_change_pct,25.89
ME,Montenegro,2026,True,core_real_change_pct,9.28
MK,Macedonia del Nord,2014,False,core_real_change_pct,-3.58
MK,Macedonia del Nord,2015,False,core_real_change_pct,-0.09
MK,Macedonia del Nord,2016,False,core_real_change_pct,-4.71
MK,Macedonia del Nord,2017,False,core_real_change_pct,-6.75
MK,Macedonia del Nord,2018,False,core_real_change_pct,8.4
MK,Macedonia del Nord,2019,False,core_real_change_pct,27.73
MK,Macedonia del Nord,2020,False,core_real_change_pct,2.01
MK,Macedonia del Nord,2021,False,core_real_change_pct,22.46
MK,Macedonia del Nord,2022,False,core_real_change_pct,11.73
MK,Macedonia del Nord,2023,False,core_real_change_pct,8.37
MK,Macedonia del Nord,2024,False,core_real_change_pct,13.62
MK,Macedonia del Nord,2025,True,core_real_change_pct,17.82
MK,Macedonia del Nord,2026,True,core_real_change_pct,2.85
NATO_EUR_CAN,NATO Europa e Canada,2014,False,core_real_change_pct,-0.96
NATO_EUR_CAN,NATO Europa e Canada,2015,False,core_real_change_pct,1.83
NATO_EUR_CAN,NATO Europa e Canada,2016,False,core_real_change_pct,2.87
NATO_EUR_CAN,NATO Europa e Canada,2017,False,core_real_change_pct,6.03
NATO_EUR_CAN,NATO Europa e Canada,2018,False,core_real_change_pct,3.9
NATO_EUR_CAN,NATO Europa e Canada,2019,False,core_real_change_pct,3.8
NATO_EUR_CAN,NATO Europa e Canada,2020,False,core_real_change_pct,4.8
NATO_EUR_CAN,NATO Europa e Canada,2021,False,core_real_change_pct,2.45
NATO_EUR_CAN,NATO Europa e Canada,2022,False,core_real_change_pct,3.74
NATO_EUR_CAN,NATO Europa e Canada,2023,False,core_real_change_pct,8.14
NATO_EUR_CAN,NATO Europa e Canada,2024,False,core_real_change_pct,19.28
NATO_EUR_CAN,NATO Europa e Canada,2025,True,core_real_change_pct,19.02
NATO_EUR_CAN,NATO Europa e Canada,2026,True,core_real_change_pct,10.98
NATO_TOTAL,NATO totale,2014,False,core_real_change_pct,-4.38
NATO_TOTAL,NATO totale,2015,False,core_real_change_pct,-1.57
NATO_TOTAL,NATO totale,2016,False,core_real_change_pct,1.77
NATO_TOTAL,NATO totale,2017,False,core_real_change_pct,-0.95
NATO_TOTAL,NATO totale,2018,False,core_real_change_pct,2.73
NATO_TOTAL,NATO totale,2019,False,core_real_change_pct,8.01
NATO_TOTAL,NATO totale,2020,False,core_real_change_pct,2.31
NATO_TOTAL,NATO totale,2021,False,core_real_change_pct,2.32
NATO_TOTAL,NATO totale,2022,False,core_real_change_pct,-2.63
NATO_TOTAL,NATO totale,2023,False,core_real_change_pct,3.39
NATO_TOTAL,NATO totale,2024,False,core_real_change_pct,11.71
NATO_TOTAL,NATO totale,2025,True,core_real_change_pct,5.63
NATO_TOTAL,NATO totale,2026,True,core_real_change_pct,5.64
NL,Paesi Bassi,2014,False,core_real_change_pct,0.19
NL,Paesi Bassi,2015,False,core_real_change_pct,0.26
NL,Paesi Bassi,2016,False,core_real_change_pct,4.43
NL,Paesi Bassi,2017,False,core_real_change_pct,2.17
NL,Paesi Bassi,2018,False,core_real_change_pct,8.41
NL,Paesi Bassi,2019,False,core_real_change_pct,10.9
NL,Paesi Bassi,2020,False,core_real_change_pct,2.18
NL,Paesi Bassi,2021,False,core_real_change_pct,2.59
NL,Paesi Bassi,2022,False,core_real_change_pct,10.33
NL,Paesi Bassi,2023,False,core_real_change_pct,4.54
NL,Paesi Bassi,2024,False,core_real_change_pct,39.81
NL,Paesi Bassi,2025,True,core_real_change_pct,27.69
NL,Paesi Bassi,2026,True,core_real_change_pct,3.0
NO,Norvegia,2014,False,core_real_change_pct,5.3
NO,Norvegia,2015,False,core_real_change_pct,4.49
NO,Norvegia,2016,False,core_real_change_pct,10.88
NO,Norvegia,2017,False,core_real_change_pct,0.84
NO,Norvegia,2018,False,core_real_change_pct,1.81
NO,Norvegia,2019,False,core_real_change_pct,8.62
NO,Norvegia,2020,False,core_real_change_pct,4.99
NO,Norvegia,2021,False,core_real_change_pct,-10.9
NO,Norvegia,2022,False,core_real_change_pct,-9.39
NO,Norvegia,2023,False,core_real_change_pct,24.85
NO,Norvegia,2024,False,core_real_change_pct,25.1
NO,Norvegia,2025,True,core_real_change_pct,48.01
NO,Norvegia,2026,True,core_real_change_pct,1.52
PL,Polonia,2014,False,core_real_change_pct,11.34
PL,Polonia,2015,False,core_real_change_pct,23.69
PL,Polonia,2016,False,core_real_change_pct,-7.29
PL,Polonia,2017,False,core_real_change_pct,-0.3
PL,Polonia,2018,False,core_real_change_pct,12.6
PL,Polonia,2019,False,core_real_change_pct,2.89
PL,Polonia,2020,False,core_real_change_pct,9.99
PL,Polonia,2021,False,core_real_change_pct,6.1
PL,Polonia,2022,False,core_real_change_pct,6.38
PL,Polonia,2023,False,core_real_change_pct,47.88
PL,Polonia,2024,False,core_real_change_pct,18.54
PL,Polonia,2025,True,core_real_change_pct,17.51
PL,Polonia,2026,True,core_real_change_pct,13.39
PT,Portogallo,2014,False,core_real_change_pct,-8.54
PT,Portogallo,2015,False,core_real_change_pct,3.31
PT,Portogallo,2016,False,core_real_change_pct,-2.65
PT,Portogallo,2017,False,core_real_change_pct,1.01
PT,Portogallo,2018,False,core_real_change_pct,11.36
PT,Portogallo,2019,False,core_real_change_pct,5.23
PT,Portogallo,2020,False,core_real_change_pct,-4.69
PT,Portogallo,2021,False,core_real_change_pct,12.63
PT,Portogallo,2022,False,core_real_change_pct,-2.16
PT,Portogallo,2023,False,core_real_change_pct,-2.37
PT,Portogallo,2024,False,core_real_change_pct,19.95
PT,Portogallo,2025,True,core_real_change_pct,32.46
PT,Portogallo,2026,True,core_real_change_pct,6.26
RO,Romania,2014,False,core_real_change_pct,8.6
RO,Romania,2015,False,core_real_change_pct,11.05
RO,Romania,2016,False,core_real_change_pct,1.23
RO,Romania,2017,False,core_real_change_pct,31.38
RO,Romania,2018,False,core_real_change_pct,9.6
RO,Romania,2019,False,core_real_change_pct,6.24
RO,Romania,2020,False,core_real_change_pct,5.42
RO,Romania,2021,False,core_real_change_pct,-2.66
RO,Romania,2022,False,core_real_change_pct,-1.48
RO,Romania,2023,False,core_real_change_pct,-6.11
RO,Romania,2024,False,core_real_change_pct,35.95
RO,Romania,2025,True,core_real_change_pct,1.45
RO,Romania,2026,True,core_real_change_pct,10.71
SE,Svezia,2014,False,core_real_change_pct,4.17
SE,Svezia,2015,False,core_real_change_pct,-1.16
SE,Svezia,2016,False,core_real_change_pct,-1.86
SE,Svezia,2017,False,core_real_change_pct,1.81
SE,Svezia,2018,False,core_real_change_pct,2.27
SE,Svezia,2019,False,core_real_change_pct,9.46
SE,Svezia,2020,False,core_real_change_pct,2.93
SE,Svezia,2021,False,core_real_change_pct,37.44
SE,Svezia,2022,False,core_real_change_pct,5.0
SE,Svezia,2023,False,core_real_change_pct,14.28
SE,Svezia,2024,False,core_real_change_pct,30.22
SE,Svezia,2025,True,core_real_change_pct,32.03
SE,Svezia,2026,True,core_real_change_pct,15.09
SI,Slovenia,2014,False,core_real_change_pct,-4.58
SI,Slovenia,2015,False,core_real_change_pct,-2.24
SI,Slovenia,2016,False,core_real_change_pct,11.41
SI,Slovenia,2017,False,core_real_change_pct,2.63
SI,Slovenia,2018,False,core_real_change_pct,7.24
SI,Slovenia,2019,False,core_real_change_pct,7.98
SI,Slovenia,2020,False,core_real_change_pct,-3.74
SI,Slovenia,2021,False,core_real_change_pct,26.09
SI,Slovenia,2022,False,core_real_change_pct,7.39
SI,Slovenia,2023,False,core_real_change_pct,3.84
SI,Slovenia,2024,False,core_real_change_pct,4.01
SI,Slovenia,2025,True,core_real_change_pct,18.13
SI,Slovenia,2026,True,core_real_change_pct,4.31
SK,Slovacchia,2014,False,core_real_change_pct,3.19
SK,Slovacchia,2015,False,core_real_change_pct,18.57
SK,Slovacchia,2016,False,core_real_change_pct,2.38
SK,Slovacchia,2017,False,core_real_change_pct,1.83
SK,Slovacchia,2018,False,core_real_change_pct,15.09
SK,Slovacchia,2019,False,core_real_change_pct,43.1
SK,Slovacchia,2020,False,core_real_change_pct,8.93
SK,Slovacchia,2021,False,core_real_change_pct,-4.89
SK,Slovacchia,2022,False,core_real_change_pct,5.84
SK,Slovacchia,2023,False,core_real_change_pct,-1.7
SK,Slovacchia,2024,False,core_real_change_pct,16.69
SK,Slovacchia,2025,True,core_real_change_pct,2.79
SK,Slovacchia,2026,True,core_real_change_pct,0.23
TR,Turchia,2014,False,core_real_change_pct,0.55
TR,Turchia,2015,False,core_real_change_pct,1.41
TR,Turchia,2016,False,core_real_change_pct,8.64
TR,Turchia,2017,False,core_real_change_pct,11.46
TR,Turchia,2018,False,core_real_change_pct,23.64
TR,Turchia,2019,False,core_real_change_pct,2.59
TR,Turchia,2020,False,core_real_change_pct,2.33
TR,Turchia,2021,False,core_real_change_pct,-4.08
TR,Turchia,2022,False,core_real_change_pct,-10.56
TR,Turchia,2023,False,core_real_change_pct,14.89
TR,Turchia,2024,False,core_real_change_pct,47.95
TR,Turchia,2025,True,core_real_change_pct,16.16
TR,Turchia,2026,True,core_real_change_pct,25.86
UK,Regno Unito,2014,False,core_real_change_pct,-1.38
UK,Regno Unito,2015,False,core_real_change_pct,-3.06
UK,Regno Unito,2016,False,core_real_change_pct,4.98
UK,Regno Unito,2017,False,core_real_change_pct,2.43
UK,Regno Unito,2018,False,core_real_change_pct,2.48
UK,Regno Unito,2019,False,core_real_change_pct,0.42
UK,Regno Unito,2020,False,core_real_change_pct,1.5
UK,Regno Unito,2021,False,core_real_change_pct,4.89
UK,Regno Unito,2022,False,core_real_change_pct,3.65
UK,Regno Unito,2023,False,core_real_change_pct,0.43
UK,Regno Unito,2024,False,core_real_change_pct,3.55
UK,Regno Unito,2025,True,core_real_change_pct,3.35
UK,Regno Unito,2026,True,core_real_change_pct,11.37
US,Stati Uniti,2014,False,core_real_change_pct,-5.6
US,Stati Uniti,2015,False,core_real_change_pct,-2.84
US,Stati Uniti,2016,False,core_real_change_pct,1.35
US,Stati Uniti,2017,False,core_real_change_pct,-3.72
US,Stati Uniti,2018,False,core_real_change_pct,2.22
US,Stati Uniti,2019,False,core_real_change_pct,9.88
US,Stati Uniti,2020,False,core_real_change_pct,1.27
US,Stati Uniti,2021,False,core_real_change_pct,2.27
US,Stati Uniti,2022,False,core_real_change_pct,-5.41
US,Stati Uniti,2023,False,core_real_change_pct,1.12
US,Stati Uniti,2024,False,core_real_change_pct,7.84
US,Stati Uniti,2025,True,core_real_change_pct,-1.94
US,Stati Uniti,2026,True,core_real_change_pct,1.99
AL,Albania,2014,False,core_share_gdp,1.34
AL,Albania,2015,False,core_share_gdp,1.15
AL,Albania,2016,False,core_share_gdp,1.09
AL,Albania,2017,False,core_share_gdp,1.09
AL,Albania,2018,False,core_share_gdp,1.14
AL,Albania,2019,False,core_share_gdp,1.27
AL,Albania,2020,False,core_share_gdp,1.29
AL,Albania,2021,False,core_share_gdp,1.24
AL,Albania,2022,False,core_share_gdp,1.2
AL,Albania,2023,False,core_share_gdp,1.29
AL,Albania,2024,False,core_share_gdp,1.35
AL,Albania,2025,True,core_share_gdp,1.48
AL,Albania,2026,True,core_share_gdp,2.15
BE,Belgio,2014,False,core_share_gdp,0.97
BE,Belgio,2015,False,core_share_gdp,0.91
BE,Belgio,2016,False,core_share_gdp,0.9
BE,Belgio,2017,False,core_share_gdp,0.89
BE,Belgio,2018,False,core_share_gdp,0.89
BE,Belgio,2019,False,core_share_gdp,0.89
BE,Belgio,2020,False,core_share_gdp,1.01
BE,Belgio,2021,False,core_share_gdp,1.04
BE,Belgio,2022,False,core_share_gdp,1.17
BE,Belgio,2023,False,core_share_gdp,1.16
BE,Belgio,2024,False,core_share_gdp,1.27
BE,Belgio,2025,True,core_share_gdp,2.0
BE,Belgio,2026,True,core_share_gdp,2.0
BG,Bulgaria,2014,False,core_share_gdp,1.31
BG,Bulgaria,2015,False,core_share_gdp,1.25
BG,Bulgaria,2016,False,core_share_gdp,1.24
BG,Bulgaria,2017,False,core_share_gdp,1.22
BG,Bulgaria,2018,False,core_share_gdp,1.45
BG,Bulgaria,2019,False,core_share_gdp,3.15
BG,Bulgaria,2020,False,core_share_gdp,1.59
BG,Bulgaria,2021,False,core_share_gdp,1.51
BG,Bulgaria,2022,False,core_share_gdp,1.59
BG,Bulgaria,2023,False,core_share_gdp,1.95
BG,Bulgaria,2024,False,core_share_gdp,1.93
BG,Bulgaria,2025,True,core_share_gdp,2.13
BG,Bulgaria,2026,True,core_share_gdp,2.22
CA,Canada,2014,False,core_share_gdp,1.01
CA,Canada,2015,False,core_share_gdp,1.2
CA,Canada,2016,False,core_share_gdp,1.16
CA,Canada,2017,False,core_share_gdp,1.44
CA,Canada,2018,False,core_share_gdp,1.3
CA,Canada,2019,False,core_share_gdp,1.29
CA,Canada,2020,False,core_share_gdp,1.41
CA,Canada,2021,False,core_share_gdp,1.26
CA,Canada,2022,False,core_share_gdp,1.18
CA,Canada,2023,False,core_share_gdp,1.29
CA,Canada,2024,False,core_share_gdp,1.41
CA,Canada,2025,True,core_share_gdp,2.03
CA,Canada,2026,True,core_share_gdp,2.13
CZ,Cechia,2014,False,core_share_gdp,0.94
CZ,Cechia,2015,False,core_share_gdp,1.02
CZ,Cechia,2016,False,core_share_gdp,0.94
CZ,Cechia,2017,False,core_share_gdp,1.02
CZ,Cechia,2018,False,core_share_gdp,1.09
CZ,Cechia,2019,False,core_share_gdp,1.16
CZ,Cechia,2020,False,core_share_gdp,1.27
CZ,Cechia,2021,False,core_share_gdp,1.35
CZ,Cechia,2022,False,core_share_gdp,1.29
CZ,Cechia,2023,False,core_share_gdp,1.31
CZ,Cechia,2024,False,core_share_gdp,1.99
CZ,Cechia,2025,True,core_share_gdp,1.86
CZ,Cechia,2026,True,core_share_gdp,2.01
DE,Germania,2014,False,core_share_gdp,1.16
DE,Germania,2015,False,core_share_gdp,1.16
DE,Germania,2016,False,core_share_gdp,1.18
DE,Germania,2017,False,core_share_gdp,1.21
DE,Germania,2018,False,core_share_gdp,1.23
DE,Germania,2019,False,core_share_gdp,1.32
DE,Germania,2020,False,core_share_gdp,1.49
DE,Germania,2021,False,core_share_gdp,1.43
DE,Germania,2022,False,core_share_gdp,1.46
DE,Germania,2023,False,core_share_gdp,1.6
DE,Germania,2024,False,core_share_gdp,2.0
DE,Germania,2025,True,core_share_gdp,2.22
DE,Germania,2026,True,core_share_gdp,2.69
DK,Danimarca,2014,False,core_share_gdp,1.15
DK,Danimarca,2015,False,core_share_gdp,1.11
DK,Danimarca,2016,False,core_share_gdp,1.15
DK,Danimarca,2017,False,core_share_gdp,1.14
DK,Danimarca,2018,False,core_share_gdp,1.28
DK,Danimarca,2019,False,core_share_gdp,1.3
DK,Danimarca,2020,False,core_share_gdp,1.37
DK,Danimarca,2021,False,core_share_gdp,1.3
DK,Danimarca,2022,False,core_share_gdp,1.37
DK,Danimarca,2023,False,core_share_gdp,2.01
DK,Danimarca,2024,False,core_share_gdp,2.29
DK,Danimarca,2025,True,core_share_gdp,3.27
DK,Danimarca,2026,True,core_share_gdp,3.49
EE,Estonia,2014,False,core_share_gdp,1.9
EE,Estonia,2015,False,core_share_gdp,1.99
EE,Estonia,2016,False,core_share_gdp,2.03
EE,Estonia,2017,False,core_share_gdp,1.97
EE,Estonia,2018,False,core_share_gdp,1.97
EE,Estonia,2019,False,core_share_gdp,2.0
EE,Estonia,2020,False,core_share_gdp,2.26
EE,Estonia,2021,False,core_share_gdp,2.02
EE,Estonia,2022,False,core_share_gdp,2.14
EE,Estonia,2023,False,core_share_gdp,2.98
EE,Estonia,2024,False,core_share_gdp,3.31
EE,Estonia,2025,True,core_share_gdp,3.93
EE,Estonia,2026,True,core_share_gdp,5.1
EL,Grecia,2014,False,core_share_gdp,2.24
EL,Grecia,2015,False,core_share_gdp,2.32
EL,Grecia,2016,False,core_share_gdp,2.4
EL,Grecia,2017,False,core_share_gdp,2.37
EL,Grecia,2018,False,core_share_gdp,2.52
EL,Grecia,2019,False,core_share_gdp,2.42
EL,Grecia,2020,False,core_share_gdp,2.87
EL,Grecia,2021,False,core_share_gdp,3.66
EL,Grecia,2022,False,core_share_gdp,3.89
EL,Grecia,2023,False,core_share_gdp,2.77
EL,Grecia,2024,False,core_share_gdp,2.77
EL,Grecia,2025,True,core_share_gdp,2.79
EL,Grecia,2026,True,core_share_gdp,3.65
ES,Spagna,2014,False,core_share_gdp,0.92
ES,Spagna,2015,False,core_share_gdp,0.92
ES,Spagna,2016,False,core_share_gdp,0.8
ES,Spagna,2017,False,core_share_gdp,0.9
ES,Spagna,2018,False,core_share_gdp,0.92
ES,Spagna,2019,False,core_share_gdp,0.9
ES,Spagna,2020,False,core_share_gdp,1.0
ES,Spagna,2021,False,core_share_gdp,1.02
ES,Spagna,2022,False,core_share_gdp,1.13
ES,Spagna,2023,False,core_share_gdp,1.17
ES,Spagna,2024,False,core_share_gdp,1.42
ES,Spagna,2025,True,core_share_gdp,2.0
ES,Spagna,2026,True,core_share_gdp,2.0
FI,Finlandia,2014,False,core_share_gdp,1.46
FI,Finlandia,2015,False,core_share_gdp,1.46
FI,Finlandia,2016,False,core_share_gdp,1.43
FI,Finlandia,2017,False,core_share_gdp,1.39
FI,Finlandia,2018,False,core_share_gdp,1.4
FI,Finlandia,2019,False,core_share_gdp,1.46
FI,Finlandia,2020,False,core_share_gdp,1.54
FI,Finlandia,2021,False,core_share_gdp,1.41
FI,Finlandia,2022,False,core_share_gdp,1.69
FI,Finlandia,2023,False,core_share_gdp,2.12
FI,Finlandia,2024,False,core_share_gdp,2.11
FI,Finlandia,2025,True,core_share_gdp,2.75
FI,Finlandia,2026,True,core_share_gdp,2.65
FR,Francia,2014,False,core_share_gdp,1.82
FR,Francia,2015,False,core_share_gdp,1.78
FR,Francia,2016,False,core_share_gdp,1.79
FR,Francia,2017,False,core_share_gdp,1.78
FR,Francia,2018,False,core_share_gdp,1.81
FR,Francia,2019,False,core_share_gdp,1.82
FR,Francia,2020,False,core_share_gdp,1.99
FR,Francia,2021,False,core_share_gdp,1.9
FR,Francia,2022,False,core_share_gdp,1.87
FR,Francia,2023,False,core_share_gdp,1.88
FR,Francia,2024,False,core_share_gdp,2.04
FR,Francia,2025,True,core_share_gdp,2.04
FR,Francia,2026,True,core_share_gdp,2.22
HR,Croazia,2014,False,core_share_gdp,1.81
HR,Croazia,2015,False,core_share_gdp,1.75
HR,Croazia,2016,False,core_share_gdp,1.59
HR,Croazia,2017,False,core_share_gdp,1.63
HR,Croazia,2018,False,core_share_gdp,1.54
HR,Croazia,2019,False,core_share_gdp,1.6
HR,Croazia,2020,False,core_share_gdp,1.7
HR,Croazia,2021,False,core_share_gdp,1.97
HR,Croazia,2022,False,core_share_gdp,1.8
HR,Croazia,2023,False,core_share_gdp,1.65
HR,Croazia,2024,False,core_share_gdp,1.85
HR,Croazia,2025,True,core_share_gdp,2.07
HR,Croazia,2026,True,core_share_gdp,2.03
HU,Ungheria,2014,False,core_share_gdp,0.86
HU,Ungheria,2015,False,core_share_gdp,0.9
HU,Ungheria,2016,False,core_share_gdp,1.0
HU,Ungheria,2017,False,core_share_gdp,1.19
HU,Ungheria,2018,False,core_share_gdp,1.0
HU,Ungheria,2019,False,core_share_gdp,1.33
HU,Ungheria,2020,False,core_share_gdp,1.75
HU,Ungheria,2021,False,core_share_gdp,1.32
HU,Ungheria,2022,False,core_share_gdp,1.84
HU,Ungheria,2023,False,core_share_gdp,2.0
HU,Ungheria,2024,False,core_share_gdp,2.21
HU,Ungheria,2025,True,core_share_gdp,2.06
HU,Ungheria,2026,True,core_share_gdp,2.09
IT,Italia,2014,False,core_share_gdp,1.13
IT,Italia,2015,False,core_share_gdp,1.06
IT,Italia,2016,False,core_share_gdp,1.17
IT,Italia,2017,False,core_share_gdp,1.2
IT,Italia,2018,False,core_share_gdp,1.22
IT,Italia,2019,False,core_share_gdp,1.17
IT,Italia,2020,False,core_share_gdp,1.58
IT,Italia,2021,False,core_share_gdp,1.52
IT,Italia,2022,False,core_share_gdp,1.5
IT,Italia,2023,False,core_share_gdp,1.46
IT,Italia,2024,False,core_share_gdp,1.52
IT,Italia,2025,True,core_share_gdp,2.09
IT,Italia,2026,True,core_share_gdp,2.1
LT,Lituania,2014,False,core_share_gdp,0.88
LT,Lituania,2015,False,core_share_gdp,1.13
LT,Lituania,2016,False,core_share_gdp,1.48
LT,Lituania,2017,False,core_share_gdp,1.71
LT,Lituania,2018,False,core_share_gdp,1.95
LT,Lituania,2019,False,core_share_gdp,1.98
LT,Lituania,2020,False,core_share_gdp,2.05
LT,Lituania,2021,False,core_share_gdp,1.95
LT,Lituania,2022,False,core_share_gdp,2.46
LT,Lituania,2023,False,core_share_gdp,2.69
LT,Lituania,2024,False,core_share_gdp,3.07
LT,Lituania,2025,True,core_share_gdp,4.03
LT,Lituania,2026,True,core_share_gdp,5.33
LU,Lussemburgo,2014,False,core_share_gdp,0.37
LU,Lussemburgo,2015,False,core_share_gdp,0.41
LU,Lussemburgo,2016,False,core_share_gdp,0.38
LU,Lussemburgo,2017,False,core_share_gdp,0.49
LU,Lussemburgo,2018,False,core_share_gdp,0.5
LU,Lussemburgo,2019,False,core_share_gdp,0.55
LU,Lussemburgo,2020,False,core_share_gdp,0.58
LU,Lussemburgo,2021,False,core_share_gdp,0.47
LU,Lussemburgo,2022,False,core_share_gdp,0.57
LU,Lussemburgo,2023,False,core_share_gdp,1.07
LU,Lussemburgo,2024,False,core_share_gdp,1.29
LU,Lussemburgo,2025,True,core_share_gdp,2.01
LU,Lussemburgo,2026,True,core_share_gdp,2.03
LV,Lettonia,2014,False,core_share_gdp,0.97
LV,Lettonia,2015,False,core_share_gdp,1.07
LV,Lettonia,2016,False,core_share_gdp,1.49
LV,Lettonia,2017,False,core_share_gdp,1.65
LV,Lettonia,2018,False,core_share_gdp,2.13
LV,Lettonia,2019,False,core_share_gdp,2.09
LV,Lettonia,2020,False,core_share_gdp,2.23
LV,Lettonia,2021,False,core_share_gdp,2.16
LV,Lettonia,2022,False,core_share_gdp,2.25
LV,Lettonia,2023,False,core_share_gdp,2.93
LV,Lettonia,2024,False,core_share_gdp,3.28
LV,Lettonia,2025,True,core_share_gdp,3.67
LV,Lettonia,2026,True,core_share_gdp,4.92
ME,Montenegro,2014,False,core_share_gdp,1.51
ME,Montenegro,2015,False,core_share_gdp,1.42
ME,Montenegro,2016,False,core_share_gdp,1.43
ME,Montenegro,2017,False,core_share_gdp,1.36
ME,Montenegro,2018,False,core_share_gdp,1.39
ME,Montenegro,2019,False,core_share_gdp,1.35
ME,Montenegro,2020,False,core_share_gdp,1.75
ME,Montenegro,2021,False,core_share_gdp,1.56
ME,Montenegro,2022,False,core_share_gdp,1.37
ME,Montenegro,2023,False,core_share_gdp,1.5
ME,Montenegro,2024,False,core_share_gdp,1.66
ME,Montenegro,2025,True,core_share_gdp,2.04
ME,Montenegro,2026,True,core_share_gdp,2.17
MK,Macedonia del Nord,2014,False,core_share_gdp,1.09
MK,Macedonia del Nord,2015,False,core_share_gdp,1.05
MK,Macedonia del Nord,2016,False,core_share_gdp,0.97
MK,Macedonia del Nord,2017,False,core_share_gdp,0.89
MK,Macedonia del Nord,2018,False,core_share_gdp,0.94
MK,Macedonia del Nord,2019,False,core_share_gdp,1.16
MK,Macedonia del Nord,2020,False,core_share_gdp,1.24
MK,Macedonia del Nord,2021,False,core_share_gdp,1.45
MK,Macedonia del Nord,2022,False,core_share_gdp,1.58
MK,Macedonia del Nord,2023,False,core_share_gdp,1.67
MK,Macedonia del Nord,2024,False,core_share_gdp,1.84
MK,Macedonia del Nord,2025,True,core_share_gdp,2.1
MK,Macedonia del Nord,2026,True,core_share_gdp,2.09
NATO_EUR_CAN,NATO Europa e Canada,2014,False,core_share_gdp,1.4
NATO_EUR_CAN,NATO Europa e Canada,2015,False,core_share_gdp,1.4
NATO_EUR_CAN,NATO Europa e Canada,2016,False,core_share_gdp,1.41
NATO_EUR_CAN,NATO Europa e Canada,2017,False,core_share_gdp,1.45
NATO_EUR_CAN,NATO Europa e Canada,2018,False,core_share_gdp,1.48
NATO_EUR_CAN,NATO Europa e Canada,2019,False,core_share_gdp,1.51
NATO_EUR_CAN,NATO Europa e Canada,2020,False,core_share_gdp,1.69
NATO_EUR_CAN,NATO Europa e Canada,2021,False,core_share_gdp,1.62
NATO_EUR_CAN,NATO Europa e Canada,2022,False,core_share_gdp,1.62
NATO_EUR_CAN,NATO Europa e Canada,2023,False,core_share_gdp,1.71
NATO_EUR_CAN,NATO Europa e Canada,2024,False,core_share_gdp,1.96
NATO_EUR_CAN,NATO Europa e Canada,2025,True,core_share_gdp,2.31
NATO_EUR_CAN,NATO Europa e Canada,2026,True,core_share_gdp,2.53
NATO_TOTAL,NATO totale,2014,False,core_share_gdp,2.56
NATO_TOTAL,NATO totale,2015,False,core_share_gdp,2.46
NATO_TOTAL,NATO totale,2016,False,core_share_gdp,2.46
NATO_TOTAL,NATO totale,2017,False,core_share_gdp,2.37
NATO_TOTAL,NATO totale,2018,False,core_share_gdp,2.38
NATO_TOTAL,NATO totale,2019,False,core_share_gdp,2.51
NATO_TOTAL,NATO totale,2020,False,core_share_gdp,2.68
NATO_TOTAL,NATO totale,2021,False,core_share_gdp,2.58
NATO_TOTAL,NATO totale,2022,False,core_share_gdp,2.43
NATO_TOTAL,NATO totale,2023,False,core_share_gdp,2.45
NATO_TOTAL,NATO totale,2024,False,core_share_gdp,2.65
NATO_TOTAL,NATO totale,2025,True,core_share_gdp,2.75
NATO_TOTAL,NATO totale,2026,True,core_share_gdp,2.86
NL,Paesi Bassi,2014,False,core_share_gdp,1.12
NL,Paesi Bassi,2015,False,core_share_gdp,1.1
NL,Paesi Bassi,2016,False,core_share_gdp,1.13
NL,Paesi Bassi,2017,False,core_share_gdp,1.12
NL,Paesi Bassi,2018,False,core_share_gdp,1.19
NL,Paesi Bassi,2019,False,core_share_gdp,1.29
NL,Paesi Bassi,2020,False,core_share_gdp,1.37
NL,Paesi Bassi,2021,False,core_share_gdp,1.32
NL,Paesi Bassi,2022,False,core_share_gdp,1.39
NL,Paesi Bassi,2023,False,core_share_gdp,1.46
NL,Paesi Bassi,2024,False,core_share_gdp,2.02
NL,Paesi Bassi,2025,True,core_share_gdp,2.53
NL,Paesi Bassi,2026,True,core_share_gdp,2.58
NO,Norvegia,2014,False,core_share_gdp,1.5
NO,Norvegia,2015,False,core_share_gdp,1.53
NO,Norvegia,2016,False,core_share_gdp,1.68
NO,Norvegia,2017,False,core_share_gdp,1.65
NO,Norvegia,2018,False,core_share_gdp,1.66
NO,Norvegia,2019,False,core_share_gdp,1.78
NO,Norvegia,2020,False,core_share_gdp,1.89
NO,Norvegia,2021,False,core_share_gdp,1.62
NO,Norvegia,2022,False,core_share_gdp,1.41
NO,Norvegia,2023,False,core_share_gdp,1.75
NO,Norvegia,2024,False,core_share_gdp,2.16
NO,Norvegia,2025,True,core_share_gdp,3.16
NO,Norvegia,2026,True,core_share_gdp,3.17
PL,Polonia,2014,False,core_share_gdp,1.86
PL,Polonia,2015,False,core_share_gdp,2.21
PL,Polonia,2016,False,core_share_gdp,1.99
PL,Polonia,2017,False,core_share_gdp,1.88
PL,Polonia,2018,False,core_share_gdp,2.0
PL,Polonia,2019,False,core_share_gdp,1.96
PL,Polonia,2020,False,core_share_gdp,2.21
PL,Polonia,2021,False,core_share_gdp,2.19
PL,Polonia,2022,False,core_share_gdp,2.21
PL,Polonia,2023,False,core_share_gdp,3.26
PL,Polonia,2024,False,core_share_gdp,3.75
PL,Polonia,2025,True,core_share_gdp,4.25
PL,Polonia,2026,True,core_share_gdp,4.68
PT,Portogallo,2014,False,core_share_gdp,1.31
PT,Portogallo,2015,False,core_share_gdp,1.33
PT,Portogallo,2016,False,core_share_gdp,1.27
PT,Portogallo,2017,False,core_share_gdp,1.24
PT,Portogallo,2018,False,core_share_gdp,1.34
PT,Portogallo,2019,False,core_share_gdp,1.37
PT,Portogallo,2020,False,core_share_gdp,1.43
PT,Portogallo,2021,False,core_share_gdp,1.52
PT,Portogallo,2022,False,core_share_gdp,1.39
PT,Portogallo,2023,False,core_share_gdp,1.32
PT,Portogallo,2024,False,core_share_gdp,1.55
PT,Portogallo,2025,True,core_share_gdp,2.01
PT,Portogallo,2026,True,core_share_gdp,2.1
RO,Romania,2014,False,core_share_gdp,1.35
RO,Romania,2015,False,core_share_gdp,1.45
RO,Romania,2016,False,core_share_gdp,1.43
RO,Romania,2017,False,core_share_gdp,1.73
RO,Romania,2018,False,core_share_gdp,1.8
RO,Romania,2019,False,core_share_gdp,1.84
RO,Romania,2020,False,core_share_gdp,2.01
RO,Romania,2021,False,core_share_gdp,1.86
RO,Romania,2022,False,core_share_gdp,1.76
RO,Romania,2023,False,core_share_gdp,1.61
RO,Romania,2024,False,core_share_gdp,2.17
RO,Romania,2025,True,core_share_gdp,2.19
RO,Romania,2026,True,core_share_gdp,2.43
SE,Svezia,2014,False,core_share_gdp,1.07
SE,Svezia,2015,False,core_share_gdp,1.02
SE,Svezia,2016,False,core_share_gdp,0.98
SE,Svezia,2017,False,core_share_gdp,0.98
SE,Svezia,2018,False,core_share_gdp,0.98
SE,Svezia,2019,False,core_share_gdp,1.05
SE,Svezia,2020,False,core_share_gdp,1.1
SE,Svezia,2021,False,core_share_gdp,1.44
SE,Svezia,2022,False,core_share_gdp,1.49
SE,Svezia,2023,False,core_share_gdp,1.71
SE,Svezia,2024,False,core_share_gdp,2.2
SE,Svezia,2025,True,core_share_gdp,2.85
SE,Svezia,2026,True,core_share_gdp,3.22
SI,Slovenia,2014,False,core_share_gdp,0.98
SI,Slovenia,2015,False,core_share_gdp,0.94
SI,Slovenia,2016,False,core_share_gdp,1.02
SI,Slovenia,2017,False,core_share_gdp,0.99
SI,Slovenia,2018,False,core_share_gdp,1.02
SI,Slovenia,2019,False,core_share_gdp,1.06
SI,Slovenia,2020,False,core_share_gdp,1.07
SI,Slovenia,2021,False,core_share_gdp,1.24
SI,Slovenia,2022,False,core_share_gdp,1.3
SI,Slovenia,2023,False,core_share_gdp,1.31
SI,Slovenia,2024,False,core_share_gdp,1.34
SI,Slovenia,2025,True,core_share_gdp,1.57
SI,Slovenia,2026,True,core_share_gdp,1.61
SK,Slovacchia,2014,False,core_share_gdp,0.98
SK,Slovacchia,2015,False,core_share_gdp,1.11
SK,Slovacchia,2016,False,core_share_gdp,1.11
SK,Slovacchia,2017,False,core_share_gdp,1.1
SK,Slovacchia,2018,False,core_share_gdp,1.22
SK,Slovacchia,2019,False,core_share_gdp,1.7
SK,Slovacchia,2020,False,core_share_gdp,1.9
SK,Slovacchia,2021,False,core_share_gdp,1.71
SK,Slovacchia,2022,False,core_share_gdp,1.8
SK,Slovacchia,2023,False,core_share_gdp,1.74
SK,Slovacchia,2024,False,core_share_gdp,1.99
SK,Slovacchia,2025,True,core_share_gdp,2.03
SK,Slovacchia,2026,True,core_share_gdp,2.02
TR,Turchia,2014,False,core_share_gdp,1.44
TR,Turchia,2015,False,core_share_gdp,1.38
TR,Turchia,2016,False,core_share_gdp,1.45
TR,Turchia,2017,False,core_share_gdp,1.5
TR,Turchia,2018,False,core_share_gdp,1.79
TR,Turchia,2019,False,core_share_gdp,1.82
TR,Turchia,2020,False,core_share_gdp,1.83
TR,Turchia,2021,False,core_share_gdp,1.57
TR,Turchia,2022,False,core_share_gdp,1.33
TR,Turchia,2023,False,core_share_gdp,1.45
TR,Turchia,2024,False,core_share_gdp,2.08
TR,Turchia,2025,True,core_share_gdp,2.33
TR,Turchia,2026,True,core_share_gdp,2.85
UK,Regno Unito,2014,False,core_share_gdp,2.13
UK,Regno Unito,2015,False,core_share_gdp,2.02
UK,Regno Unito,2016,False,core_share_gdp,2.07
UK,Regno Unito,2017,False,core_share_gdp,2.06
UK,Regno Unito,2018,False,core_share_gdp,2.08
UK,Regno Unito,2019,False,core_share_gdp,2.06
UK,Regno Unito,2020,False,core_share_gdp,2.33
UK,Regno Unito,2021,False,core_share_gdp,2.25
UK,Regno Unito,2022,False,core_share_gdp,2.22
UK,Regno Unito,2023,False,core_share_gdp,2.22
UK,Regno Unito,2024,False,core_share_gdp,2.28
UK,Regno Unito,2025,True,core_share_gdp,2.32
UK,Regno Unito,2026,True,core_share_gdp,2.56
US,Stati Uniti,2014,False,core_share_gdp,3.71
US,Stati Uniti,2015,False,core_share_gdp,3.51
US,Stati Uniti,2016,False,core_share_gdp,3.49
US,Stati Uniti,2017,False,core_share_gdp,3.28
US,Stati Uniti,2018,False,core_share_gdp,3.25
US,Stati Uniti,2019,False,core_share_gdp,3.49
US,Stati Uniti,2020,False,core_share_gdp,3.61
US,Stati Uniti,2021,False,core_share_gdp,3.47
US,Stati Uniti,2022,False,core_share_gdp,3.2
US,Stati Uniti,2023,False,core_share_gdp,3.15
US,Stati Uniti,2024,False,core_share_gdp,3.3
US,Stati Uniti,2025,True,core_share_gdp,3.17
US,Stati Uniti,2026,True,core_share_gdp,3.17
AL,Albania,2014,False,core_usd_2021_m,197.0
AL,Albania,2015,False,core_usd_2021_m,173.0
AL,Albania,2016,False,core_usd_2021_m,171.0
AL,Albania,2017,False,core_usd_2021_m,176.0
AL,Albania,2018,False,core_usd_2021_m,191.0
AL,Albania,2019,False,core_usd_2021_m,216.0
AL,Albania,2020,False,core_usd_2021_m,213.0
AL,Albania,2021,False,core_usd_2021_m,222.0
AL,Albania,2022,False,core_usd_2021_m,227.0
AL,Albania,2023,False,core_usd_2021_m,253.0
AL,Albania,2024,False,core_usd_2021_m,276.0
AL,Albania,2025,True,core_usd_2021_m,313.0
AL,Albania,2026,True,core_usd_2021_m,469.0
BE,Belgio,2014,False,core_usd_2021_m,5261.0
BE,Belgio,2015,False,core_usd_2021_m,5037.0
BE,Belgio,2016,False,core_usd_2021_m,5020.0
BE,Belgio,2017,False,core_usd_2021_m,5031.0
BE,Belgio,2018,False,core_usd_2021_m,5158.0
BE,Belgio,2019,False,core_usd_2021_m,5251.0
BE,Belgio,2020,False,core_usd_2021_m,5669.0
BE,Belgio,2021,False,core_usd_2021_m,6245.0
BE,Belgio,2022,False,core_usd_2021_m,7266.0
BE,Belgio,2023,False,core_usd_2021_m,7334.0
BE,Belgio,2024,False,core_usd_2021_m,8153.0
BE,Belgio,2025,True,core_usd_2021_m,12925.0
BE,Belgio,2026,True,core_usd_2021_m,13027.0
BG,Bulgaria,2014,False,core_usd_2021_m,910.0
BG,Bulgaria,2015,False,core_usd_2021_m,896.0
BG,Bulgaria,2016,False,core_usd_2021_m,921.0
BG,Bulgaria,2017,False,core_usd_2021_m,930.0
BG,Bulgaria,2018,False,core_usd_2021_m,1133.0
BG,Bulgaria,2019,False,core_usd_2021_m,2547.0
BG,Bulgaria,2020,False,core_usd_2021_m,1243.0
BG,Bulgaria,2021,False,core_usd_2021_m,1276.0
BG,Bulgaria,2022,False,core_usd_2021_m,1395.0
BG,Bulgaria,2023,False,core_usd_2021_m,1741.0
BG,Bulgaria,2024,False,core_usd_2021_m,1787.0
BG,Bulgaria,2025,True,core_usd_2021_m,2031.0
BG,Bulgaria,2026,True,core_usd_2021_m,2169.0
CA,Canada,2014,False,core_usd_2021_m,18438.0
CA,Canada,2015,False,core_usd_2021_m,22142.0
CA,Canada,2016,False,core_usd_2021_m,21593.0
CA,Canada,2017,False,core_usd_2021_m,27587.0
CA,Canada,2018,False,core_usd_2021_m,25607.0
CA,Canada,2019,False,core_usd_2021_m,26020.0
CA,Canada,2020,False,core_usd_2021_m,26896.0
CA,Canada,2021,False,core_usd_2021_m,25502.0
CA,Canada,2022,False,core_usd_2021_m,24918.0
CA,Canada,2023,False,core_usd_2021_m,27945.0
CA,Canada,2024,False,core_usd_2021_m,31121.0
CA,Canada,2025,True,core_usd_2021_m,45538.0
CA,Canada,2026,True,core_usd_2021_m,48246.0
CZ,Cechia,2014,False,core_usd_2021_m,2294.0
CZ,Cechia,2015,False,core_usd_2021_m,2612.0
CZ,Cechia,2016,False,core_usd_2021_m,2483.0
CZ,Cechia,2017,False,core_usd_2021_m,2828.0
CZ,Cechia,2018,False,core_usd_2021_m,3112.0
CZ,Cechia,2019,False,core_usd_2021_m,3430.0
CZ,Cechia,2020,False,core_usd_2021_m,3564.0
CZ,Cechia,2021,False,core_usd_2021_m,3915.0
CZ,Cechia,2022,False,core_usd_2021_m,3861.0
CZ,Cechia,2023,False,core_usd_2021_m,3937.0
CZ,Cechia,2024,False,core_usd_2021_m,6017.0
CZ,Cechia,2025,True,core_usd_2021_m,5774.0
CZ,Cechia,2026,True,core_usd_2021_m,6382.0
DE,Germania,2014,False,core_usd_2021_m,46687.0
DE,Germania,2015,False,core_usd_2021_m,47405.0
DE,Germania,2016,False,core_usd_2021_m,49032.0
DE,Germania,2017,False,core_usd_2021_m,51748.0
DE,Germania,2018,False,core_usd_2021_m,53146.0
DE,Germania,2019,False,core_usd_2021_m,58044.0
DE,Germania,2020,False,core_usd_2021_m,62460.0
DE,Germania,2021,False,core_usd_2021_m,62054.0
DE,Germania,2022,False,core_usd_2021_m,64799.0
DE,Germania,2023,False,core_usd_2021_m,70483.0
DE,Germania,2024,False,core_usd_2021_m,87583.0
DE,Germania,2025,True,core_usd_2021_m,97441.0
DE,Germania,2026,True,core_usd_2021_m,119159.0
DK,Danimarca,2014,False,core_usd_2021_m,3973.0
DK,Danimarca,2015,False,core_usd_2021_m,3933.0
DK,Danimarca,2016,False,core_usd_2021_m,4185.0
DK,Danimarca,2017,False,core_usd_2021_m,4272.0
DK,Danimarca,2018,False,core_usd_2021_m,4898.0
DK,Danimarca,2019,False,core_usd_2021_m,5044.0
DK,Danimarca,2020,False,core_usd_2021_m,5239.0
DK,Danimarca,2021,False,core_usd_2021_m,5274.0
DK,Danimarca,2022,False,core_usd_2021_m,5579.0
DK,Danimarca,2023,False,core_usd_2021_m,8255.0
DK,Danimarca,2024,False,core_usd_2021_m,9723.0
DK,Danimarca,2025,True,core_usd_2021_m,14300.0
DK,Danimarca,2026,True,core_usd_2021_m,15651.0
EE,Estonia,2014,False,core_usd_2021_m,561.0
EE,Estonia,2015,False,core_usd_2021_m,601.0
EE,Estonia,2016,False,core_usd_2021_m,631.0
EE,Estonia,2017,False,core_usd_2021_m,647.0
EE,Estonia,2018,False,core_usd_2021_m,671.0
EE,Estonia,2019,False,core_usd_2021_m,705.0
EE,Estonia,2020,False,core_usd_2021_m,778.0
EE,Estonia,2021,False,core_usd_2021_m,749.0
EE,Estonia,2022,False,core_usd_2021_m,788.0
EE,Estonia,2023,False,core_usd_2021_m,1065.0
EE,Estonia,2024,False,core_usd_2021_m,1179.0
EE,Estonia,2025,True,core_usd_2021_m,1407.0
EE,Estonia,2026,True,core_usd_2021_m,1863.0
EL,Grecia,2014,False,core_usd_2021_m,4688.0
EL,Grecia,2015,False,core_usd_2021_m,4856.0
EL,Grecia,2016,False,core_usd_2021_m,5020.0
EL,Grecia,2017,False,core_usd_2021_m,5032.0
EL,Grecia,2018,False,core_usd_2021_m,5466.0
EL,Grecia,2019,False,core_usd_2021_m,5360.0
EL,Grecia,2020,False,core_usd_2021_m,5775.0
EL,Grecia,2021,False,core_usd_2021_m,8006.0
EL,Grecia,2022,False,core_usd_2021_m,8968.0
EL,Grecia,2023,False,core_usd_2021_m,6521.0
EL,Grecia,2024,False,core_usd_2021_m,6665.0
EL,Grecia,2025,True,core_usd_2021_m,6853.0
EL,Grecia,2026,True,core_usd_2021_m,9126.0
ES,Spagna,2014,False,core_usd_2021_m,12242.0
ES,Spagna,2015,False,core_usd_2021_m,12804.0
ES,Spagna,2016,False,core_usd_2021_m,11499.0
ES,Spagna,2017,False,core_usd_2021_m,13264.0
ES,Spagna,2018,False,core_usd_2021_m,13910.0
ES,Spagna,2019,False,core_usd_2021_m,13848.0
ES,Spagna,2020,False,core_usd_2021_m,13643.0
ES,Spagna,2021,False,core_usd_2021_m,14849.0
ES,Spagna,2022,False,core_usd_2021_m,17647.0
ES,Spagna,2023,False,core_usd_2021_m,18569.0
ES,Spagna,2024,False,core_usd_2021_m,23466.0
ES,Spagna,2025,True,core_usd_2021_m,33906.0
ES,Spagna,2026,True,core_usd_2021_m,34649.0
FI,Finlandia,2014,False,core_usd_2021_m,3930.0
FI,Finlandia,2015,False,core_usd_2021_m,3946.0
FI,Finlandia,2016,False,core_usd_2021_m,3974.0
FI,Finlandia,2017,False,core_usd_2021_m,3995.0
FI,Finlandia,2018,False,core_usd_2021_m,4051.0
FI,Finlandia,2019,False,core_usd_2021_m,4294.0
FI,Finlandia,2020,False,core_usd_2021_m,4418.0
FI,Finlandia,2021,False,core_usd_2021_m,4145.0
FI,Finlandia,2022,False,core_usd_2021_m,4999.0
FI,Finlandia,2023,False,core_usd_2021_m,6215.0
FI,Finlandia,2024,False,core_usd_2021_m,6203.0
FI,Finlandia,2025,True,core_usd_2021_m,8107.0
FI,Finlandia,2026,True,core_usd_2021_m,7855.0
FR,Francia,2014,False,core_usd_2021_m,50541.0
FR,Francia,2015,False,core_usd_2021_m,50037.0
FR,Francia,2016,False,core_usd_2021_m,50730.0
FR,Francia,2017,False,core_usd_2021_m,51577.0
FR,Francia,2018,False,core_usd_2021_m,53375.0
FR,Francia,2019,False,core_usd_2021_m,54536.0
FR,Francia,2020,False,core_usd_2021_m,55127.0
FR,Francia,2021,False,core_usd_2021_m,56457.0
FR,Francia,2022,False,core_usd_2021_m,56944.0
FR,Francia,2023,False,core_usd_2021_m,58130.0
FR,Francia,2024,False,core_usd_2021_m,63725.0
FR,Francia,2025,True,core_usd_2021_m,64608.0
FR,Francia,2026,True,core_usd_2021_m,70471.0
HR,Croazia,2014,False,core_usd_2021_m,1042.0
HR,Croazia,2015,False,core_usd_2021_m,1031.0
HR,Croazia,2016,False,core_usd_2021_m,970.0
HR,Croazia,2017,False,core_usd_2021_m,1029.0
HR,Croazia,2018,False,core_usd_2021_m,1000.0
HR,Croazia,2019,False,core_usd_2021_m,1072.0
HR,Croazia,2020,False,core_usd_2021_m,1040.0
HR,Croazia,2021,False,core_usd_2021_m,1361.0
HR,Croazia,2022,False,core_usd_2021_m,1336.0
HR,Croazia,2023,False,core_usd_2021_m,1266.0
HR,Croazia,2024,False,core_usd_2021_m,1475.0
HR,Croazia,2025,True,core_usd_2021_m,1705.0
HR,Croazia,2026,True,core_usd_2021_m,1723.0
HU,Ungheria,2014,False,core_usd_2021_m,1248.0
HU,Ungheria,2015,False,core_usd_2021_m,1365.0
HU,Ungheria,2016,False,core_usd_2021_m,1545.0
HU,Ungheria,2017,False,core_usd_2021_m,1919.0
HU,Ungheria,2018,False,core_usd_2021_m,1704.0
HU,Ungheria,2019,False,core_usd_2021_m,2373.0
HU,Ungheria,2020,False,core_usd_2021_m,2985.0
HU,Ungheria,2021,False,core_usd_2021_m,2410.0
HU,Ungheria,2022,False,core_usd_2021_m,3511.0
HU,Ungheria,2023,False,core_usd_2021_m,3792.0
HU,Ungheria,2024,False,core_usd_2021_m,4219.0
HU,Ungheria,2025,True,core_usd_2021_m,3954.0
HU,Ungheria,2026,True,core_usd_2021_m,4077.0
IT,Italia,2014,False,core_usd_2021_m,23700.0
IT,Italia,2015,False,core_usd_2021_m,22318.0
IT,Italia,2016,False,core_usd_2021_m,25008.0
IT,Italia,2017,False,core_usd_2021_m,25947.0
IT,Italia,2018,False,core_usd_2021_m,26702.0
IT,Italia,2019,False,core_usd_2021_m,25621.0
IT,Italia,2020,False,core_usd_2021_m,31598.0
IT,Italia,2021,False,core_usd_2021_m,33140.0
IT,Italia,2022,False,core_usd_2021_m,34207.0
IT,Italia,2023,False,core_usd_2021_m,33700.0
IT,Italia,2024,False,core_usd_2021_m,35266.0
IT,Italia,2025,True,core_usd_2021_m,48843.0
IT,Italia,2026,True,core_usd_2021_m,49334.0
LT,Lituania,2014,False,core_usd_2021_m,459.0
LT,Lituania,2015,False,core_usd_2021_m,607.0
LT,Lituania,2016,False,core_usd_2021_m,812.0
LT,Lituania,2017,False,core_usd_2021_m,983.0
LT,Lituania,2018,False,core_usd_2021_m,1173.0
LT,Lituania,2019,False,core_usd_2021_m,1251.0
LT,Lituania,2020,False,core_usd_2021_m,1293.0
LT,Lituania,2021,False,core_usd_2021_m,1308.0
LT,Lituania,2022,False,core_usd_2021_m,1690.0
LT,Lituania,2023,False,core_usd_2021_m,1866.0
LT,Lituania,2024,False,core_usd_2021_m,2193.0
LT,Lituania,2025,True,core_usd_2021_m,2962.0
LT,Lituania,2026,True,core_usd_2021_m,4030.0
LU,Lussemburgo,2014,False,core_usd_2021_m,262.0
LU,Lussemburgo,2015,False,core_usd_2021_m,302.0
LU,Lussemburgo,2016,False,core_usd_2021_m,291.0
LU,Lussemburgo,2017,False,core_usd_2021_m,384.0
LU,Lussemburgo,2018,False,core_usd_2021_m,395.0
LU,Lussemburgo,2019,False,core_usd_2021_m,443.0
LU,Lussemburgo,2020,False,core_usd_2021_m,467.0
LU,Lussemburgo,2021,False,core_usd_2021_m,403.0
LU,Lussemburgo,2022,False,core_usd_2021_m,486.0
LU,Lussemburgo,2023,False,core_usd_2021_m,619.0
LU,Lussemburgo,2024,False,core_usd_2021_m,722.0
LU,Lussemburgo,2025,True,core_usd_2021_m,1160.0
LU,Lussemburgo,2026,True,core_usd_2021_m,1188.0
LV,Lettonia,2014,False,core_usd_2021_m,311.0
LV,Lettonia,2015,False,core_usd_2021_m,355.0
LV,Lettonia,2016,False,core_usd_2021_m,507.0
LV,Lettonia,2017,False,core_usd_2021_m,582.0
LV,Lettonia,2018,False,core_usd_2021_m,784.0
LV,Lettonia,2019,False,core_usd_2021_m,774.0
LV,Lettonia,2020,False,core_usd_2021_m,795.0
LV,Lettonia,2021,False,core_usd_2021_m,824.0
LV,Lettonia,2022,False,core_usd_2021_m,877.0
LV,Lettonia,2023,False,core_usd_2021_m,1130.0
LV,Lettonia,2024,False,core_usd_2021_m,1263.0
LV,Lettonia,2025,True,core_usd_2021_m,1444.0
LV,Lettonia,2026,True,core_usd_2021_m,1975.0
ME,Montenegro,2014,False,core_usd_2021_m,76.0
ME,Montenegro,2015,False,core_usd_2021_m,74.0
ME,Montenegro,2016,False,core_usd_2021_m,77.0
ME,Montenegro,2017,False,core_usd_2021_m,75.0
ME,Montenegro,2018,False,core_usd_2021_m,81.0
ME,Montenegro,2019,False,core_usd_2021_m,82.0
ME,Montenegro,2020,False,core_usd_2021_m,90.0
ME,Montenegro,2021,False,core_usd_2021_m,91.0
ME,Montenegro,2022,False,core_usd_2021_m,86.0
ME,Montenegro,2023,False,core_usd_2021_m,100.0
ME,Montenegro,2024,False,core_usd_2021_m,115.0
ME,Montenegro,2025,True,core_usd_2021_m,144.0
ME,Montenegro,2026,True,core_usd_2021_m,158.0
MK,Macedonia del Nord,2014,False,core_usd_2021_m,133.0
MK,Macedonia del Nord,2015,False,core_usd_2021_m,132.0
MK,Macedonia del Nord,2016,False,core_usd_2021_m,126.0
MK,Macedonia del Nord,2017,False,core_usd_2021_m,118.0
MK,Macedonia del Nord,2018,False,core_usd_2021_m,128.0
MK,Macedonia del Nord,2019,False,core_usd_2021_m,163.0
MK,Macedonia del Nord,2020,False,core_usd_2021_m,166.0
MK,Macedonia del Nord,2021,False,core_usd_2021_m,204.0
MK,Macedonia del Nord,2022,False,core_usd_2021_m,228.0
MK,Macedonia del Nord,2023,False,core_usd_2021_m,247.0
MK,Macedonia del Nord,2024,False,core_usd_2021_m,280.0
MK,Macedonia del Nord,2025,True,core_usd_2021_m,330.0
MK,Macedonia del Nord,2026,True,core_usd_2021_m,339.0
NATO_EUR_CAN,NATO Europa e Canada,2014,False,core_usd_2021_m,278861.0
NATO_EUR_CAN,NATO Europa e Canada,2015,False,core_usd_2021_m,283976.0
NATO_EUR_CAN,NATO Europa e Canada,2016,False,core_usd_2021_m,292114.0
NATO_EUR_CAN,NATO Europa e Canada,2017,False,core_usd_2021_m,309729.0
NATO_EUR_CAN,NATO Europa e Canada,2018,False,core_usd_2021_m,321800.0
NATO_EUR_CAN,NATO Europa e Canada,2019,False,core_usd_2021_m,334042.0
NATO_EUR_CAN,NATO Europa e Canada,2020,False,core_usd_2021_m,350086.0
NATO_EUR_CAN,NATO Europa e Canada,2021,False,core_usd_2021_m,358667.0
NATO_EUR_CAN,NATO Europa e Canada,2022,False,core_usd_2021_m,372067.0
NATO_EUR_CAN,NATO Europa e Canada,2023,False,core_usd_2021_m,402342.0
NATO_EUR_CAN,NATO Europa e Canada,2024,False,core_usd_2021_m,479916.0
NATO_EUR_CAN,NATO Europa e Canada,2025,True,core_usd_2021_m,571204.0
NATO_EUR_CAN,NATO Europa e Canada,2026,True,core_usd_2021_m,633917.0
NATO_TOTAL,NATO totale,2014,False,core_usd_2021_m,1026158.0
NATO_TOTAL,NATO totale,2015,False,core_usd_2021_m,1010034.0
NATO_TOTAL,NATO totale,2016,False,core_usd_2021_m,1027943.0
NATO_TOTAL,NATO totale,2017,False,core_usd_2021_m,1018149.0
NATO_TOTAL,NATO totale,2018,False,core_usd_2021_m,1045940.0
NATO_TOTAL,NATO totale,2019,False,core_usd_2021_m,1129749.0
NATO_TOTAL,NATO totale,2020,False,core_usd_2021_m,1155901.0
NATO_TOTAL,NATO totale,2021,False,core_usd_2021_m,1182761.0
NATO_TOTAL,NATO totale,2022,False,core_usd_2021_m,1151600.0
NATO_TOTAL,NATO totale,2023,False,core_usd_2021_m,1190634.0
NATO_TOTAL,NATO totale,2024,False,core_usd_2021_m,1330026.0
NATO_TOTAL,NATO totale,2025,True,core_usd_2021_m,1404842.0
NATO_TOTAL,NATO totale,2026,True,core_usd_2021_m,1484129.0
NL,Paesi Bassi,2014,False,core_usd_2021_m,10321.0
NL,Paesi Bassi,2015,False,core_usd_2021_m,10348.0
NL,Paesi Bassi,2016,False,core_usd_2021_m,10807.0
NL,Paesi Bassi,2017,False,core_usd_2021_m,11042.0
NL,Paesi Bassi,2018,False,core_usd_2021_m,11971.0
NL,Paesi Bassi,2019,False,core_usd_2021_m,13275.0
NL,Paesi Bassi,2020,False,core_usd_2021_m,13564.0
NL,Paesi Bassi,2021,False,core_usd_2021_m,13916.0
NL,Paesi Bassi,2022,False,core_usd_2021_m,15353.0
NL,Paesi Bassi,2023,False,core_usd_2021_m,16050.0
NL,Paesi Bassi,2024,False,core_usd_2021_m,22439.0
NL,Paesi Bassi,2025,True,core_usd_2021_m,28652.0
NL,Paesi Bassi,2026,True,core_usd_2021_m,29512.0
NO,Norvegia,2014,False,core_usd_2021_m,6981.0
NO,Norvegia,2015,False,core_usd_2021_m,7295.0
NO,Norvegia,2016,False,core_usd_2021_m,8088.0
NO,Norvegia,2017,False,core_usd_2021_m,8156.0
NO,Norvegia,2018,False,core_usd_2021_m,8304.0
NO,Norvegia,2019,False,core_usd_2021_m,9019.0
NO,Norvegia,2020,False,core_usd_2021_m,9470.0
NO,Norvegia,2021,False,core_usd_2021_m,8438.0
NO,Norvegia,2022,False,core_usd_2021_m,7646.0
NO,Norvegia,2023,False,core_usd_2021_m,9546.0
NO,Norvegia,2024,False,core_usd_2021_m,11942.0
NO,Norvegia,2025,True,core_usd_2021_m,17675.0
NO,Norvegia,2026,True,core_usd_2021_m,17945.0
PL,Polonia,2014,False,core_usd_2021_m,9769.0
PL,Polonia,2015,False,core_usd_2021_m,12083.0
PL,Polonia,2016,False,core_usd_2021_m,11202.0
PL,Polonia,2017,False,core_usd_2021_m,11168.0
PL,Polonia,2018,False,core_usd_2021_m,12575.0
PL,Polonia,2019,False,core_usd_2021_m,12939.0
PL,Polonia,2020,False,core_usd_2021_m,14231.0
PL,Polonia,2021,False,core_usd_2021_m,15099.0
PL,Polonia,2022,False,core_usd_2021_m,16062.0
PL,Polonia,2023,False,core_usd_2021_m,23752.0
PL,Polonia,2024,False,core_usd_2021_m,28155.0
PL,Polonia,2025,True,core_usd_2021_m,33084.0
PL,Polonia,2026,True,core_usd_2021_m,37515.0
PT,Portogallo,2014,False,core_usd_2021_m,3051.0
PT,Portogallo,2015,False,core_usd_2021_m,3152.0
PT,Portogallo,2016,False,core_usd_2021_m,3069.0
PT,Portogallo,2017,False,core_usd_2021_m,3100.0
PT,Portogallo,2018,False,core_usd_2021_m,3452.0
PT,Portogallo,2019,False,core_usd_2021_m,3633.0
PT,Portogallo,2020,False,core_usd_2021_m,3462.0
PT,Portogallo,2021,False,core_usd_2021_m,3899.0
PT,Portogallo,2022,False,core_usd_2021_m,3815.0
PT,Portogallo,2023,False,core_usd_2021_m,3725.0
PT,Portogallo,2024,False,core_usd_2021_m,4468.0
PT,Portogallo,2025,True,core_usd_2021_m,5918.0
PT,Portogallo,2026,True,core_usd_2021_m,6288.0
RO,Romania,2014,False,core_usd_2021_m,3003.0
RO,Romania,2015,False,core_usd_2021_m,3334.0
RO,Romania,2016,False,core_usd_2021_m,3375.0
RO,Romania,2017,False,core_usd_2021_m,4435.0
RO,Romania,2018,False,core_usd_2021_m,4861.0
RO,Romania,2019,False,core_usd_2021_m,5164.0
RO,Romania,2020,False,core_usd_2021_m,5444.0
RO,Romania,2021,False,core_usd_2021_m,5299.0
RO,Romania,2022,False,core_usd_2021_m,5220.0
RO,Romania,2023,False,core_usd_2021_m,4901.0
RO,Romania,2024,False,core_usd_2021_m,6663.0
RO,Romania,2025,True,core_usd_2021_m,6759.0
RO,Romania,2026,True,core_usd_2021_m,7483.0
SE,Svezia,2014,False,core_usd_2021_m,5800.0
SE,Svezia,2015,False,core_usd_2021_m,5733.0
SE,Svezia,2016,False,core_usd_2021_m,5626.0
SE,Svezia,2017,False,core_usd_2021_m,5727.0
SE,Svezia,2018,False,core_usd_2021_m,5858.0
SE,Svezia,2019,False,core_usd_2021_m,6412.0
SE,Svezia,2020,False,core_usd_2021_m,6600.0
SE,Svezia,2021,False,core_usd_2021_m,9071.0
SE,Svezia,2022,False,core_usd_2021_m,9524.0
SE,Svezia,2023,False,core_usd_2021_m,10885.0
SE,Svezia,2024,False,core_usd_2021_m,14174.0
SE,Svezia,2025,True,core_usd_2021_m,18713.0
SE,Svezia,2026,True,core_usd_2021_m,21538.0
SI,Slovenia,2014,False,core_usd_2021_m,486.0
SI,Slovenia,2015,False,core_usd_2021_m,475.0
SI,Slovenia,2016,False,core_usd_2021_m,529.0
SI,Slovenia,2017,False,core_usd_2021_m,543.0
SI,Slovenia,2018,False,core_usd_2021_m,582.0
SI,Slovenia,2019,False,core_usd_2021_m,629.0
SI,Slovenia,2020,False,core_usd_2021_m,605.0
SI,Slovenia,2021,False,core_usd_2021_m,763.0
SI,Slovenia,2022,False,core_usd_2021_m,820.0
SI,Slovenia,2023,False,core_usd_2021_m,851.0
SI,Slovenia,2024,False,core_usd_2021_m,885.0
SI,Slovenia,2025,True,core_usd_2021_m,1046.0
SI,Slovenia,2026,True,core_usd_2021_m,1091.0
SK,Slovacchia,2014,False,core_usd_2021_m,980.0
SK,Slovacchia,2015,False,core_usd_2021_m,1162.0
SK,Slovacchia,2016,False,core_usd_2021_m,1189.0
SK,Slovacchia,2017,False,core_usd_2021_m,1211.0
SK,Slovacchia,2018,False,core_usd_2021_m,1394.0
SK,Slovacchia,2019,False,core_usd_2021_m,1995.0
SK,Slovacchia,2020,False,core_usd_2021_m,2173.0
SK,Slovacchia,2021,False,core_usd_2021_m,2066.0
SK,Slovacchia,2022,False,core_usd_2021_m,2187.0
SK,Slovacchia,2023,False,core_usd_2021_m,2150.0
SK,Slovacchia,2024,False,core_usd_2021_m,2509.0
SK,Slovacchia,2025,True,core_usd_2021_m,2579.0
SK,Slovacchia,2026,True,core_usd_2021_m,2584.0
TR,Turchia,2014,False,core_usd_2021_m,8483.0
TR,Turchia,2015,False,core_usd_2021_m,8603.0
TR,Turchia,2016,False,core_usd_2021_m,9346.0
TR,Turchia,2017,False,core_usd_2021_m,10417.0
TR,Turchia,2018,False,core_usd_2021_m,12879.0
TR,Turchia,2019,False,core_usd_2021_m,13212.0
TR,Turchia,2020,False,core_usd_2021_m,13520.0
TR,Turchia,2021,False,core_usd_2021_m,12969.0
TR,Turchia,2022,False,core_usd_2021_m,11600.0
TR,Turchia,2023,False,core_usd_2021_m,13327.0
TR,Turchia,2024,False,core_usd_2021_m,19718.0
TR,Turchia,2025,True,core_usd_2021_m,22905.0
TR,Turchia,2026,True,core_usd_2021_m,28828.0
UK,Regno Unito,2014,False,core_usd_2021_m,62974.0
UK,Regno Unito,2015,False,core_usd_2021_m,61048.0
UK,Regno Unito,2016,False,core_usd_2021_m,64089.0
UK,Regno Unito,2017,False,core_usd_2021_m,65646.0
UK,Regno Unito,2018,False,core_usd_2021_m,67277.0
UK,Regno Unito,2019,False,core_usd_2021_m,67559.0
UK,Regno Unito,2020,False,core_usd_2021_m,68575.0
UK,Regno Unito,2021,False,core_usd_2021_m,71927.0
UK,Regno Unito,2022,False,core_usd_2021_m,74553.0
UK,Regno Unito,2023,False,core_usd_2021_m,74872.0
UK,Regno Unito,2024,False,core_usd_2021_m,77532.0
UK,Regno Unito,2025,True,core_usd_2021_m,80128.0
UK,Regno Unito,2026,True,core_usd_2021_m,89242.0
US,Stati Uniti,2014,False,core_usd_2021_m,747296.0
US,Stati Uniti,2015,False,core_usd_2021_m,726058.0
US,Stati Uniti,2016,False,core_usd_2021_m,735829.0
US,Stati Uniti,2017,False,core_usd_2021_m,708421.0
US,Stati Uniti,2018,False,core_usd_2021_m,724140.0
US,Stati Uniti,2019,False,core_usd_2021_m,795707.0
US,Stati Uniti,2020,False,core_usd_2021_m,805815.0
US,Stati Uniti,2021,False,core_usd_2021_m,824094.0
US,Stati Uniti,2022,False,core_usd_2021_m,779533.0
US,Stati Uniti,2023,False,core_usd_2021_m,788293.0
US,Stati Uniti,2024,False,core_usd_2021_m,850110.0
US,Stati Uniti,2025,True,core_usd_2021_m,833638.0
US,Stati Uniti,2026,True,core_usd_2021_m,850211.0
AL,Albania,2014,False,core_usd_current_m,178.0
AL,Albania,2015,False,core_usd_current_m,132.0
AL,Albania,2016,False,core_usd_current_m,131.0
AL,Albania,2017,False,core_usd_current_m,145.0
AL,Albania,2018,False,core_usd_current_m,176.0
AL,Albania,2019,False,core_usd_current_m,197.0
AL,Albania,2020,False,core_usd_current_m,197.0
AL,Albania,2021,False,core_usd_current_m,222.0
AL,Albania,2022,False,core_usd_current_m,231.0
AL,Albania,2023,False,core_usd_current_m,305.0
AL,Albania,2024,False,core_usd_current_m,367.0
AL,Albania,2025,True,core_usd_current_m,450.0
AL,Albania,2026,True,core_usd_current_m,722.0
BE,Belgio,2014,False,core_usd_current_m,5200.0
BE,Belgio,2015,False,core_usd_current_m,4204.0
BE,Belgio,2016,False,core_usd_current_m,4258.0
BE,Belgio,2017,False,core_usd_current_m,4441.0
BE,Belgio,2018,False,core_usd_current_m,4845.0
BE,Belgio,2019,False,core_usd_current_m,4761.0
BE,Belgio,2020,False,core_usd_current_m,5324.0
BE,Belgio,2021,False,core_usd_current_m,6245.0
BE,Belgio,2022,False,core_usd_current_m,6904.0
BE,Belgio,2023,False,core_usd_current_m,7545.0
BE,Belgio,2024,False,core_usd_current_m,8549.0
BE,Belgio,2025,True,core_usd_current_m,14507.0
BE,Belgio,2026,True,core_usd_current_m,15678.0
BG,Bulgaria,2014,False,core_usd_current_m,748.0
BG,Bulgaria,2015,False,core_usd_current_m,633.0
BG,Bulgaria,2016,False,core_usd_current_m,671.0
BG,Bulgaria,2017,False,core_usd_current_m,724.0
BG,Bulgaria,2018,False,core_usd_current_m,962.0
BG,Bulgaria,2019,False,core_usd_current_m,2159.0
BG,Bulgaria,2020,False,core_usd_current_m,1121.0
BG,Bulgaria,2021,False,core_usd_current_m,1276.0
BG,Bulgaria,2022,False,core_usd_current_m,1440.0
BG,Bulgaria,2023,False,core_usd_current_m,1992.0
BG,Bulgaria,2024,False,core_usd_current_m,2193.0
BG,Bulgaria,2025,True,core_usd_current_m,2794.0
BG,Bulgaria,2026,True,core_usd_current_m,3176.0
CA,Canada,2014,False,core_usd_current_m,18172.0
CA,Canada,2015,False,core_usd_current_m,18689.0
CA,Canada,2016,False,core_usd_current_m,17708.0
CA,Canada,2017,False,core_usd_current_m,23700.0
CA,Canada,2018,False,core_usd_current_m,22399.0
CA,Canada,2019,False,core_usd_current_m,22572.0
CA,Canada,2020,False,core_usd_current_m,23330.0
CA,Canada,2021,False,core_usd_current_m,25502.0
CA,Canada,2022,False,core_usd_current_m,25898.0
CA,Canada,2023,False,core_usd_current_m,28435.0
CA,Canada,2024,False,core_usd_current_m,32071.0
CA,Canada,2025,True,core_usd_current_m,47136.0
CA,Canada,2026,True,core_usd_current_m,52455.0
CZ,Cechia,2014,False,core_usd_current_m,1975.0
CZ,Cechia,2015,False,core_usd_current_m,1921.0
CZ,Cechia,2016,False,core_usd_current_m,1866.0
CZ,Cechia,2017,False,core_usd_current_m,2259.0
CZ,Cechia,2018,False,core_usd_current_m,2750.0
CZ,Cechia,2019,False,core_usd_current_m,2982.0
CZ,Cechia,2020,False,core_usd_current_m,3199.0
CZ,Cechia,2021,False,core_usd_current_m,3915.0
CZ,Cechia,2022,False,core_usd_current_m,3895.0
CZ,Cechia,2023,False,core_usd_current_m,4538.0
CZ,Cechia,2024,False,core_usd_current_m,6889.0
CZ,Cechia,2025,True,core_usd_current_m,7260.0
CZ,Cechia,2026,True,core_usd_current_m,8741.0
DE,Germania,2014,False,core_usd_current_m,46176.0
DE,Germania,2015,False,core_usd_current_m,39833.0
DE,Germania,2016,False,core_usd_current_m,41606.0
DE,Germania,2017,False,core_usd_current_m,45470.0
DE,Germania,2018,False,core_usd_current_m,49772.0
DE,Germania,2019,False,core_usd_current_m,52549.0
DE,Germania,2020,False,core_usd_current_m,58652.0
DE,Germania,2021,False,core_usd_current_m,62054.0
DE,Germania,2022,False,core_usd_current_m,61405.0
DE,Germania,2023,False,core_usd_current_m,73138.0
DE,Germania,2024,False,core_usd_current_m,93747.0
DE,Germania,2025,True,core_usd_current_m,112141.0
DE,Germania,2026,True,core_usd_current_m,147002.0
DK,Danimarca,2014,False,core_usd_current_m,4057.0
DK,Danimarca,2015,False,core_usd_current_m,3364.0
DK,Danimarca,2016,False,core_usd_current_m,3593.0
DK,Danimarca,2017,False,core_usd_current_m,3780.0
DK,Danimarca,2018,False,core_usd_current_m,4559.0
DK,Danimarca,2019,False,core_usd_current_m,4487.0
DK,Danimarca,2020,False,core_usd_current_m,4886.0
DK,Danimarca,2021,False,core_usd_current_m,5274.0
DK,Danimarca,2022,False,core_usd_current_m,5473.0
DK,Danimarca,2023,False,core_usd_current_m,8140.0
DK,Danimarca,2024,False,core_usd_current_m,9720.0
DK,Danimarca,2025,True,core_usd_current_m,15133.0
DK,Danimarca,2026,True,core_usd_current_m,17615.0
EE,Estonia,2014,False,core_usd_current_m,514.0
EE,Estonia,2015,False,core_usd_current_m,463.0
EE,Estonia,2016,False,core_usd_current_m,497.0
EE,Estonia,2017,False,core_usd_current_m,541.0
EE,Estonia,2018,False,core_usd_current_m,615.0
EE,Estonia,2019,False,core_usd_current_m,637.0
EE,Estonia,2020,False,core_usd_current_m,719.0
EE,Estonia,2021,False,core_usd_current_m,749.0
EE,Estonia,2022,False,core_usd_current_m,820.0
EE,Estonia,2023,False,core_usd_current_m,1238.0
EE,Estonia,2024,False,core_usd_current_m,1425.0
EE,Estonia,2025,True,core_usd_current_m,1844.0
EE,Estonia,2026,True,core_usd_current_m,2644.0
EL,Grecia,2014,False,core_usd_current_m,5234.0
EL,Grecia,2015,False,core_usd_current_m,4520.0
EL,Grecia,2016,False,core_usd_current_m,4637.0
EL,Grecia,2017,False,core_usd_current_m,4752.0
EL,Grecia,2018,False,core_usd_current_m,5388.0
EL,Grecia,2019,False,core_usd_current_m,5019.0
EL,Grecia,2020,False,core_usd_current_m,5492.0
EL,Grecia,2021,False,core_usd_current_m,8006.0
EL,Grecia,2022,False,core_usd_current_m,8488.0
EL,Grecia,2023,False,core_usd_current_m,6731.0
EL,Grecia,2024,False,core_usd_current_m,7103.0
EL,Grecia,2025,True,core_usd_current_m,7835.0
EL,Grecia,2026,True,core_usd_current_m,11275.0
ES,Spagna,2014,False,core_usd_current_m,12634.0
ES,Spagna,2015,False,core_usd_current_m,11096.0
ES,Spagna,2016,False,core_usd_current_m,9975.0
ES,Spagna,2017,False,core_usd_current_m,11889.0
ES,Spagna,2018,False,core_usd_current_m,13200.0
ES,Spagna,2019,False,core_usd_current_m,12630.0
ES,Spagna,2020,False,core_usd_current_m,12828.0
ES,Spagna,2021,False,core_usd_current_m,14849.0
ES,Spagna,2022,False,core_usd_current_m,16451.0
ES,Spagna,2023,False,core_usd_current_m,18875.0
ES,Spagna,2024,False,core_usd_current_m,24555.0
ES,Spagna,2025,True,core_usd_current_m,38107.0
ES,Spagna,2026,True,core_usd_current_m,41767.0
FI,Finlandia,2014,False,core_usd_current_m,3991.0
FI,Finlandia,2015,False,core_usd_current_m,3401.0
FI,Finlandia,2016,False,core_usd_current_m,3418.0
FI,Finlandia,2017,False,core_usd_current_m,3536.0
FI,Finlandia,2018,False,core_usd_current_m,3825.0
FI,Finlandia,2019,False,core_usd_current_m,3900.0
FI,Finlandia,2020,False,core_usd_current_m,4156.0
FI,Finlandia,2021,False,core_usd_current_m,4145.0
FI,Finlandia,2022,False,core_usd_current_m,4726.0
FI,Finlandia,2023,False,core_usd_current_m,6267.0
FI,Finlandia,2024,False,core_usd_current_m,6302.0
FI,Finlandia,2025,True,core_usd_current_m,8725.0
FI,Finlandia,2026,True,core_usd_current_m,9027.0
FR,Francia,2014,False,core_usd_current_m,52022.0
FR,Francia,2015,False,core_usd_current_m,43496.0
FR,Francia,2016,False,core_usd_current_m,44209.0
FR,Francia,2017,False,core_usd_current_m,46134.0
FR,Francia,2018,False,core_usd_current_m,50507.0
FR,Francia,2019,False,core_usd_current_m,49493.0
FR,Francia,2020,False,core_usd_current_m,52519.0
FR,Francia,2021,False,core_usd_current_m,56457.0
FR,Francia,2022,False,core_usd_current_m,52238.0
FR,Francia,2023,False,core_usd_current_m,57457.0
FR,Francia,2024,False,core_usd_current_m,64332.0
FR,Francia,2025,True,core_usd_current_m,68892.0
FR,Francia,2026,True,core_usd_current_m,79753.0
HR,Croazia,2014,False,core_usd_current_m,1078.0
HR,Croazia,2015,False,core_usd_current_m,892.0
HR,Croazia,2016,False,core_usd_current_m,837.0
HR,Croazia,2017,False,core_usd_current_m,917.0
HR,Croazia,2018,False,core_usd_current_m,952.0
HR,Croazia,2019,False,core_usd_current_m,986.0
HR,Croazia,2020,False,core_usd_current_m,983.0
HR,Croazia,2021,False,core_usd_current_m,1361.0
HR,Croazia,2022,False,core_usd_current_m,1285.0
HR,Croazia,2023,False,core_usd_current_m,1410.0
HR,Croazia,2024,False,core_usd_current_m,1718.0
HR,Croazia,2025,True,core_usd_current_m,2169.0
HR,Croazia,2026,True,core_usd_current_m,2397.0
HU,Ungheria,2014,False,core_usd_current_m,1210.0
HU,Ungheria,2015,False,core_usd_current_m,1132.0
HU,Ungheria,2016,False,core_usd_current_m,1289.0
HU,Ungheria,2017,False,core_usd_current_m,1708.0
HU,Ungheria,2018,False,core_usd_current_m,1615.0
HU,Ungheria,2019,False,core_usd_current_m,2190.0
HU,Ungheria,2020,False,core_usd_current_m,2767.0
HU,Ungheria,2021,False,core_usd_current_m,2410.0
HU,Ungheria,2022,False,core_usd_current_m,3270.0
HU,Ungheria,2023,False,core_usd_current_m,4268.0
HU,Ungheria,2024,False,core_usd_current_m,4934.0
HU,Ungheria,2025,True,core_usd_current_m,5130.0
HU,Ungheria,2026,True,core_usd_current_m,5718.0
IT,Italia,2014,False,core_usd_current_m,24487.0
IT,Italia,2015,False,core_usd_current_m,19576.0
IT,Italia,2016,False,core_usd_current_m,22382.0
IT,Italia,2017,False,core_usd_current_m,23902.0
IT,Italia,2018,False,core_usd_current_m,25641.0
IT,Italia,2019,False,core_usd_current_m,23559.0
IT,Italia,2020,False,core_usd_current_m,30084.0
IT,Italia,2021,False,core_usd_current_m,33140.0
IT,Italia,2022,False,core_usd_current_m,31512.0
IT,Italia,2023,False,core_usd_current_m,33856.0
IT,Italia,2024,False,core_usd_current_m,36142.0
IT,Italia,2025,True,core_usd_current_m,53285.0
IT,Italia,2026,True,core_usd_current_m,56968.0
LT,Lituania,2014,False,core_usd_current_m,428.0
LT,Lituania,2015,False,core_usd_current_m,471.0
LT,Lituania,2016,False,core_usd_current_m,636.0
LT,Lituania,2017,False,core_usd_current_m,817.0
LT,Lituania,2018,False,core_usd_current_m,1057.0
LT,Lituania,2019,False,core_usd_current_m,1094.0
LT,Lituania,2020,False,core_usd_current_m,1176.0
LT,Lituania,2021,False,core_usd_current_m,1308.0
LT,Lituania,2022,False,core_usd_current_m,1738.0
LT,Lituania,2023,False,core_usd_current_m,2165.0
LT,Lituania,2024,False,core_usd_current_m,2626.0
LT,Lituania,2025,True,core_usd_current_m,3837.0
LT,Lituania,2026,True,core_usd_current_m,5651.0
LU,Lussemburgo,2014,False,core_usd_current_m,253.0
LU,Lussemburgo,2015,False,core_usd_current_m,250.0
LU,Lussemburgo,2016,False,core_usd_current_m,236.0
LU,Lussemburgo,2017,False,core_usd_current_m,326.0
LU,Lussemburgo,2018,False,core_usd_current_m,356.0
LU,Lussemburgo,2019,False,core_usd_current_m,381.0
LU,Lussemburgo,2020,False,core_usd_current_m,426.0
LU,Lussemburgo,2021,False,core_usd_current_m,403.0
LU,Lussemburgo,2022,False,core_usd_current_m,461.0
LU,Lussemburgo,2023,False,core_usd_current_m,642.0
LU,Lussemburgo,2024,False,core_usd_current_m,784.0
LU,Lussemburgo,2025,True,core_usd_current_m,1357.0
LU,Lussemburgo,2026,True,core_usd_current_m,1492.0
LV,Lettonia,2014,False,core_usd_current_m,294.0
LV,Lettonia,2015,False,core_usd_current_m,282.0
LV,Lettonia,2016,False,core_usd_current_m,403.0
LV,Lettonia,2017,False,core_usd_current_m,485.0
LV,Lettonia,2018,False,core_usd_current_m,710.0
LV,Lettonia,2019,False,core_usd_current_m,692.0
LV,Lettonia,2020,False,core_usd_current_m,743.0
LV,Lettonia,2021,False,core_usd_current_m,824.0
LV,Lettonia,2022,False,core_usd_current_m,857.0
LV,Lettonia,2023,False,core_usd_current_m,1254.0
LV,Lettonia,2024,False,core_usd_current_m,1441.0
LV,Lettonia,2025,True,core_usd_current_m,1781.0
LV,Lettonia,2026,True,core_usd_current_m,2637.0
ME,Montenegro,2014,False,core_usd_current_m,69.0
ME,Montenegro,2015,False,core_usd_current_m,57.0
ME,Montenegro,2016,False,core_usd_current_m,62.0
ME,Montenegro,2017,False,core_usd_current_m,65.0
ME,Montenegro,2018,False,core_usd_current_m,75.0
ME,Montenegro,2019,False,core_usd_current_m,74.0
ME,Montenegro,2020,False,core_usd_current_m,83.0
ME,Montenegro,2021,False,core_usd_current_m,91.0
ME,Montenegro,2022,False,core_usd_current_m,86.0
ME,Montenegro,2023,False,core_usd_current_m,114.0
ME,Montenegro,2024,False,core_usd_current_m,138.0
ME,Montenegro,2025,True,core_usd_current_m,188.0
ME,Montenegro,2026,True,core_usd_current_m,222.0
MK,Macedonia del Nord,2014,False,core_usd_current_m,124.0
MK,Macedonia del Nord,2015,False,core_usd_current_m,105.0
MK,Macedonia del Nord,2016,False,core_usd_current_m,104.0
MK,Macedonia del Nord,2017,False,core_usd_current_m,101.0
MK,Macedonia del Nord,2018,False,core_usd_current_m,120.0
MK,Macedonia del Nord,2019,False,core_usd_current_m,146.0
MK,Macedonia del Nord,2020,False,core_usd_current_m,154.0
MK,Macedonia del Nord,2021,False,core_usd_current_m,204.0
MK,Macedonia del Nord,2022,False,core_usd_current_m,221.0
MK,Macedonia del Nord,2023,False,core_usd_current_m,265.0
MK,Macedonia del Nord,2024,False,core_usd_current_m,312.0
MK,Macedonia del Nord,2025,True,core_usd_current_m,402.0
MK,Macedonia del Nord,2026,True,core_usd_current_m,452.0
NATO_EUR_CAN,NATO Europa e Canada,2014,False,core_usd_current_m,289315.0
NATO_EUR_CAN,NATO Europa e Canada,2015,False,core_usd_current_m,254473.0
NATO_EUR_CAN,NATO Europa e Canada,2016,False,core_usd_current_m,255594.0
NATO_EUR_CAN,NATO Europa e Canada,2017,False,core_usd_current_m,275101.0
NATO_EUR_CAN,NATO Europa e Canada,2018,False,core_usd_current_m,300474.0
NATO_EUR_CAN,NATO Europa e Canada,2019,False,core_usd_current_m,301656.0
NATO_EUR_CAN,NATO Europa e Canada,2020,False,core_usd_current_m,325896.0
NATO_EUR_CAN,NATO Europa e Canada,2021,False,core_usd_current_m,358667.0
NATO_EUR_CAN,NATO Europa e Canada,2022,False,core_usd_current_m,355382.0
NATO_EUR_CAN,NATO Europa e Canada,2023,False,core_usd_current_m,414564.0
NATO_EUR_CAN,NATO Europa e Canada,2024,False,core_usd_current_m,515198.0
NATO_EUR_CAN,NATO Europa e Canada,2025,True,core_usd_current_m,653806.0
NATO_EUR_CAN,NATO Europa e Canada,2026,True,core_usd_current_m,777066.0
NATO_TOTAL,NATO totale,2014,False,core_usd_current_m,943257.0
NATO_TOTAL,NATO totale,2015,False,core_usd_current_m,895726.0
NATO_TOTAL,NATO totale,2016,False,core_usd_current_m,911653.0
NATO_TOTAL,NATO totale,2017,False,core_usd_current_m,918034.0
NATO_TOTAL,NATO totale,2018,False,core_usd_current_m,972729.0
NATO_TOTAL,NATO totale,2019,False,core_usd_current_m,1052542.0
NATO_TOTAL,NATO totale,2020,False,core_usd_current_m,1096546.0
NATO_TOTAL,NATO totale,2021,False,core_usd_current_m,1182761.0
NATO_TOTAL,NATO totale,2022,False,core_usd_current_m,1190359.0
NATO_TOTAL,NATO totale,2023,False,core_usd_current_m,1290167.0
NATO_TOTAL,NATO totale,2024,False,core_usd_current_m,1482905.0
NATO_TOTAL,NATO totale,2025,True,core_usd_current_m,1629630.0
NATO_TOTAL,NATO totale,2026,True,core_usd_current_m,1809915.0
NL,Paesi Bassi,2014,False,core_usd_current_m,10349.0
NL,Paesi Bassi,2015,False,core_usd_current_m,8673.0
NL,Paesi Bassi,2016,False,core_usd_current_m,9112.0
NL,Paesi Bassi,2017,False,core_usd_current_m,9643.0
NL,Paesi Bassi,2018,False,core_usd_current_m,11172.0
NL,Paesi Bassi,2019,False,core_usd_current_m,12067.0
NL,Paesi Bassi,2020,False,core_usd_current_m,12838.0
NL,Paesi Bassi,2021,False,core_usd_current_m,13916.0
NL,Paesi Bassi,2022,False,core_usd_current_m,13899.0
NL,Paesi Bassi,2023,False,core_usd_current_m,15142.0
NL,Paesi Bassi,2024,False,core_usd_current_m,21885.0
NL,Paesi Bassi,2025,True,core_usd_current_m,29815.0
NL,Paesi Bassi,2026,True,core_usd_current_m,32900.0
NO,Norvegia,2014,False,core_usd_current_m,7722.0
NO,Norvegia,2015,False,core_usd_current_m,6142.0
NO,Norvegia,2016,False,core_usd_current_m,6431.0
NO,Norvegia,2017,False,core_usd_current_m,6850.0
NO,Norvegia,2018,False,core_usd_current_m,7544.0
NO,Norvegia,2019,False,core_usd_current_m,7536.0
NO,Norvegia,2020,False,core_usd_current_m,7228.0
NO,Norvegia,2021,False,core_usd_current_m,8438.0
NO,Norvegia,2022,False,core_usd_current_m,8694.0
NO,Norvegia,2023,False,core_usd_current_m,8799.0
NO,Norvegia,2024,False,core_usd_current_m,10825.0
NO,Norvegia,2025,True,core_usd_current_m,16796.0
NO,Norvegia,2026,True,core_usd_current_m,19247.0
PL,Polonia,2014,False,core_usd_current_m,10107.0
PL,Polonia,2015,False,core_usd_current_m,10588.0
PL,Polonia,2016,False,core_usd_current_m,9397.0
PL,Polonia,2017,False,core_usd_current_m,9940.0
PL,Polonia,2018,False,core_usd_current_m,11857.0
PL,Polonia,2019,False,core_usd_current_m,11824.0
PL,Polonia,2020,False,core_usd_current_m,13363.0
PL,Polonia,2021,False,core_usd_current_m,15099.0
PL,Polonia,2022,False,core_usd_current_m,15338.0
PL,Polonia,2023,False,core_usd_current_m,26475.0
PL,Polonia,2024,False,core_usd_current_m,34454.0
PL,Polonia,2025,True,core_usd_current_m,44154.0
PL,Polonia,2026,True,core_usd_current_m,53080.0
PT,Portogallo,2014,False,core_usd_current_m,3007.0
PT,Portogallo,2015,False,core_usd_current_m,2645.0
PT,Portogallo,2016,False,core_usd_current_m,2616.0
PT,Portogallo,2017,False,core_usd_current_m,2738.0
PT,Portogallo,2018,False,core_usd_current_m,3249.0
PT,Portogallo,2019,False,core_usd_current_m,3299.0
PT,Portogallo,2020,False,core_usd_current_m,3273.0
PT,Portogallo,2021,False,core_usd_current_m,3899.0
PT,Portogallo,2022,False,core_usd_current_m,3578.0
PT,Portogallo,2023,False,core_usd_current_m,3854.0
PT,Portogallo,2024,False,core_usd_current_m,4849.0
PT,Portogallo,2025,True,core_usd_current_m,6967.0
PT,Portogallo,2026,True,core_usd_current_m,7957.0
RO,Romania,2014,False,core_usd_current_m,2695.0
RO,Romania,2015,False,core_usd_current_m,2580.0
RO,Romania,2016,False,core_usd_current_m,2646.0
RO,Romania,2017,False,core_usd_current_m,3650.0
RO,Romania,2018,False,core_usd_current_m,4363.0
RO,Romania,2019,False,core_usd_current_m,4607.0
RO,Romania,2020,False,core_usd_current_m,5056.0
RO,Romania,2021,False,core_usd_current_m,5299.0
RO,Romania,2022,False,core_usd_current_m,5197.0
RO,Romania,2023,False,core_usd_current_m,5609.0
RO,Romania,2024,False,core_usd_current_m,8312.0
RO,Romania,2025,True,core_usd_current_m,9396.0
RO,Romania,2026,True,core_usd_current_m,11597.0
SE,Svezia,2014,False,core_usd_current_m,6205.0
SE,Svezia,2015,False,core_usd_current_m,5103.0
SE,Svezia,2016,False,core_usd_current_m,5017.0
SE,Svezia,2017,False,core_usd_current_m,5229.0
SE,Svezia,2018,False,core_usd_current_m,5396.0
SE,Svezia,2019,False,core_usd_current_m,5560.0
SE,Svezia,2020,False,core_usd_current_m,5984.0
SE,Svezia,2021,False,core_usd_current_m,9071.0
SE,Svezia,2022,False,core_usd_current_m,8562.0
SE,Svezia,2023,False,core_usd_current_m,9875.0
SE,Svezia,2024,False,core_usd_current_m,13300.0
SE,Svezia,2025,True,core_usd_current_m,19122.0
SE,Svezia,2026,True,core_usd_current_m,24186.0
SI,Slovenia,2014,False,core_usd_current_m,487.0
SI,Slovenia,2015,False,core_usd_current_m,401.0
SI,Slovenia,2016,False,core_usd_current_m,449.0
SI,Slovenia,2017,False,core_usd_current_m,477.0
SI,Slovenia,2018,False,core_usd_current_m,547.0
SI,Slovenia,2019,False,core_usd_current_m,572.0
SI,Slovenia,2020,False,core_usd_current_m,568.0
SI,Slovenia,2021,False,core_usd_current_m,763.0
SI,Slovenia,2022,False,core_usd_current_m,777.0
SI,Slovenia,2023,False,core_usd_current_m,911.0
SI,Slovenia,2024,False,core_usd_current_m,981.0
SI,Slovenia,2025,True,core_usd_current_m,1251.0
SI,Slovenia,2026,True,core_usd_current_m,1391.0
SK,Slovacchia,2014,False,core_usd_current_m,999.0
SK,Slovacchia,2015,False,core_usd_current_m,987.0
SK,Slovacchia,2016,False,core_usd_current_m,1004.0
SK,Slovacchia,2017,False,core_usd_current_m,1056.0
SK,Slovacchia,2018,False,core_usd_current_m,1298.0
SK,Slovacchia,2019,False,core_usd_current_m,1802.0
SK,Slovacchia,2020,False,core_usd_current_m,2049.0
SK,Slovacchia,2021,False,core_usd_current_m,2066.0
SK,Slovacchia,2022,False,core_usd_current_m,2090.0
SK,Slovacchia,2023,False,core_usd_current_m,2320.0
SK,Slovacchia,2024,False,core_usd_current_m,2800.0
SK,Slovacchia,2025,True,core_usd_current_m,3130.0
SK,Slovacchia,2026,True,core_usd_current_m,3404.0
TR,Turchia,2014,False,core_usd_current_m,13597.0
TR,Turchia,2015,False,core_usd_current_m,11995.0
TR,Turchia,2016,False,core_usd_current_m,12642.0
TR,Turchia,2017,False,core_usd_current_m,12972.0
TR,Turchia,2018,False,core_usd_current_m,14486.0
TR,Turchia,2019,False,core_usd_current_m,14086.0
TR,Turchia,2020,False,core_usd_current_m,13339.0
TR,Turchia,2021,False,core_usd_current_m,12969.0
TR,Turchia,2022,False,core_usd_current_m,12291.0
TR,Turchia,2023,False,core_usd_current_m,16766.0
TR,Turchia,2024,False,core_usd_current_m,28274.0
TR,Turchia,2025,True,core_usd_current_m,37280.0
TR,Turchia,2026,True,core_usd_current_m,47636.0
UK,Regno Unito,2014,False,core_usd_current_m,65692.0
UK,Regno Unito,2015,False,core_usd_current_m,59505.0
UK,Regno Unito,2016,False,core_usd_current_m,56362.0
UK,Regno Unito,2017,False,core_usd_current_m,55719.0
UK,Regno Unito,2018,False,core_usd_current_m,60380.0
UK,Regno Unito,2019,False,core_usd_current_m,59399.0
UK,Regno Unito,2020,False,core_usd_current_m,63500.0
UK,Regno Unito,2021,False,core_usd_current_m,71927.0
UK,Regno Unito,2022,False,core_usd_current_m,70846.0
UK,Regno Unito,2023,False,core_usd_current_m,76052.0
UK,Regno Unito,2024,False,core_usd_current_m,84169.0
UK,Regno Unito,2025,True,core_usd_current_m,92921.0
UK,Regno Unito,2026,True,core_usd_current_m,110274.0
US,Stati Uniti,2014,False,core_usd_current_m,653942.0
US,Stati Uniti,2015,False,core_usd_current_m,641253.0
US,Stati Uniti,2016,False,core_usd_current_m,656059.0
US,Stati Uniti,2017,False,core_usd_current_m,642933.0
US,Stati Uniti,2018,False,core_usd_current_m,672255.0
US,Stati Uniti,2019,False,core_usd_current_m,750886.0
US,Stati Uniti,2020,False,core_usd_current_m,770650.0
US,Stati Uniti,2021,False,core_usd_current_m,824094.0
US,Stati Uniti,2022,False,core_usd_current_m,834977.0
US,Stati Uniti,2023,False,core_usd_current_m,875603.0
US,Stati Uniti,2024,False,core_usd_current_m,967707.0
US,Stati Uniti,2025,True,core_usd_current_m,975824.0
US,Stati Uniti,2026,True,core_usd_current_m,1032849.0
AL,Albania,2014,False,equipment_share_pct,16.65
AL,Albania,2015,False,equipment_share_pct,8.92
AL,Albania,2016,False,equipment_share_pct,8.01
AL,Albania,2017,False,equipment_share_pct,6.96
AL,Albania,2018,False,equipment_share_pct,9.42
AL,Albania,2019,False,equipment_share_pct,14.61
AL,Albania,2020,False,equipment_share_pct,15.0
AL,Albania,2021,False,equipment_share_pct,15.12
AL,Albania,2022,False,equipment_share_pct,17.05
AL,Albania,2023,False,equipment_share_pct,21.94
AL,Albania,2024,False,equipment_share_pct,20.1
AL,Albania,2025,True,equipment_share_pct,19.77
AL,Albania,2026,True,equipment_share_pct,52.62
BE,Belgio,2014,False,equipment_share_pct,3.52
BE,Belgio,2015,False,equipment_share_pct,3.44
BE,Belgio,2016,False,equipment_share_pct,4.72
BE,Belgio,2017,False,equipment_share_pct,6.52
BE,Belgio,2018,False,equipment_share_pct,10.15
BE,Belgio,2019,False,equipment_share_pct,11.06
BE,Belgio,2020,False,equipment_share_pct,13.88
BE,Belgio,2021,False,equipment_share_pct,19.47
BE,Belgio,2022,False,equipment_share_pct,20.36
BE,Belgio,2023,False,equipment_share_pct,20.27
BE,Belgio,2024,False,equipment_share_pct,15.35
BE,Belgio,2025,True,equipment_share_pct,13.36
BE,Belgio,2026,True,equipment_share_pct,27.14
BG,Bulgaria,2014,False,equipment_share_pct,1.03
BG,Bulgaria,2015,False,equipment_share_pct,3.47
BG,Bulgaria,2016,False,equipment_share_pct,9.15
BG,Bulgaria,2017,False,equipment_share_pct,8.1
BG,Bulgaria,2018,False,equipment_share_pct,9.65
BG,Bulgaria,2019,False,equipment_share_pct,59.74
BG,Bulgaria,2020,False,equipment_share_pct,8.44
BG,Bulgaria,2021,False,equipment_share_pct,11.05
BG,Bulgaria,2022,False,equipment_share_pct,15.7
BG,Bulgaria,2023,False,equipment_share_pct,28.05
BG,Bulgaria,2024,False,equipment_share_pct,28.68
BG,Bulgaria,2025,True,equipment_share_pct,23.34
BG,Bulgaria,2026,True,equipment_share_pct,29.36
CA,Canada,2014,False,equipment_share_pct,13.03
CA,Canada,2015,False,equipment_share_pct,10.47
CA,Canada,2016,False,equipment_share_pct,10.61
CA,Canada,2017,False,equipment_share_pct,10.7
CA,Canada,2018,False,equipment_share_pct,11.94
CA,Canada,2019,False,equipment_share_pct,13.84
CA,Canada,2020,False,equipment_share_pct,14.67
CA,Canada,2021,False,equipment_share_pct,12.07
CA,Canada,2022,False,equipment_share_pct,11.33
CA,Canada,2023,False,equipment_share_pct,14.99
CA,Canada,2024,False,equipment_share_pct,19.59
CA,Canada,2025,True,equipment_share_pct,21.97
CA,Canada,2026,True,equipment_share_pct,24.99
CZ,Cechia,2014,False,equipment_share_pct,6.53
CZ,Cechia,2015,False,equipment_share_pct,11.75
CZ,Cechia,2016,False,equipment_share_pct,6.7
CZ,Cechia,2017,False,equipment_share_pct,11.55
CZ,Cechia,2018,False,equipment_share_pct,11.16
CZ,Cechia,2019,False,equipment_share_pct,16.44
CZ,Cechia,2020,False,equipment_share_pct,17.31
CZ,Cechia,2021,False,equipment_share_pct,20.47
CZ,Cechia,2022,False,equipment_share_pct,24.66
CZ,Cechia,2023,False,equipment_share_pct,23.05
CZ,Cechia,2024,False,equipment_share_pct,39.7
CZ,Cechia,2025,True,equipment_share_pct,35.99
CZ,Cechia,2026,True,equipment_share_pct,25.09
DE,Germania,2014,False,equipment_share_pct,12.94
DE,Germania,2015,False,equipment_share_pct,11.93
DE,Germania,2016,False,equipment_share_pct,12.21
DE,Germania,2017,False,equipment_share_pct,11.77
DE,Germania,2018,False,equipment_share_pct,12.36
DE,Germania,2019,False,equipment_share_pct,14.69
DE,Germania,2020,False,equipment_share_pct,17.45
DE,Germania,2021,False,equipment_share_pct,16.69
DE,Germania,2022,False,equipment_share_pct,17.23
DE,Germania,2023,False,equipment_share_pct,18.04
DE,Germania,2024,False,equipment_share_pct,21.17
DE,Germania,2025,True,equipment_share_pct,25.21
DE,Germania,2026,True,equipment_share_pct,32.11
DK,Danimarca,2014,False,equipment_share_pct,10.99
DK,Danimarca,2015,False,equipment_share_pct,11.5
DK,Danimarca,2016,False,equipment_share_pct,13.68
DK,Danimarca,2017,False,equipment_share_pct,10.39
DK,Danimarca,2018,False,equipment_share_pct,11.66
DK,Danimarca,2019,False,equipment_share_pct,16.21
DK,Danimarca,2020,False,equipment_share_pct,17.65
DK,Danimarca,2021,False,equipment_share_pct,17.19
DK,Danimarca,2022,False,equipment_share_pct,18.72
DK,Danimarca,2023,False,equipment_share_pct,12.61
DK,Danimarca,2024,False,equipment_share_pct,21.78
DK,Danimarca,2025,True,equipment_share_pct,37.15
DK,Danimarca,2026,True,equipment_share_pct,34.65
EE,Estonia,2014,False,equipment_share_pct,22.15
EE,Estonia,2015,False,equipment_share_pct,12.82
EE,Estonia,2016,False,equipment_share_pct,17.86
EE,Estonia,2017,False,equipment_share_pct,19.22
EE,Estonia,2018,False,equipment_share_pct,16.51
EE,Estonia,2019,False,equipment_share_pct,15.5
EE,Estonia,2020,False,equipment_share_pct,23.0
EE,Estonia,2021,False,equipment_share_pct,23.18
EE,Estonia,2022,False,equipment_share_pct,21.86
EE,Estonia,2023,False,equipment_share_pct,16.72
EE,Estonia,2024,False,equipment_share_pct,37.15
EE,Estonia,2025,True,equipment_share_pct,29.15
EE,Estonia,2026,True,equipment_share_pct,40.12
EL,Grecia,2014,False,equipment_share_pct,8.17
EL,Grecia,2015,False,equipment_share_pct,10.4
EL,Grecia,2016,False,equipment_share_pct,13.45
EL,Grecia,2017,False,equipment_share_pct,11.28
EL,Grecia,2018,False,equipment_share_pct,11.03
EL,Grecia,2019,False,equipment_share_pct,11.55
EL,Grecia,2020,False,equipment_share_pct,10.7
EL,Grecia,2021,False,equipment_share_pct,37.24
EL,Grecia,2022,False,equipment_share_pct,42.29
EL,Grecia,2023,False,equipment_share_pct,25.15
EL,Grecia,2024,False,equipment_share_pct,26.02
EL,Grecia,2025,True,equipment_share_pct,25.81
EL,Grecia,2026,True,equipment_share_pct,37.65
ES,Spagna,2014,False,equipment_share_pct,13.49
ES,Spagna,2015,False,equipment_share_pct,14.82
ES,Spagna,2016,False,equipment_share_pct,6.65
ES,Spagna,2017,False,equipment_share_pct,20.39
ES,Spagna,2018,False,equipment_share_pct,21.83
ES,Spagna,2019,False,equipment_share_pct,21.02
ES,Spagna,2020,False,equipment_share_pct,19.43
ES,Spagna,2021,False,equipment_share_pct,22.47
ES,Spagna,2022,False,equipment_share_pct,20.89
ES,Spagna,2023,False,equipment_share_pct,27.39
ES,Spagna,2024,False,equipment_share_pct,30.79
ES,Spagna,2025,True,equipment_share_pct,43.96
ES,Spagna,2026,True,equipment_share_pct,33.98
FI,Finlandia,2014,False,equipment_share_pct,13.68
FI,Finlandia,2015,False,equipment_share_pct,14.15
FI,Finlandia,2016,False,equipment_share_pct,14.04
FI,Finlandia,2017,False,equipment_share_pct,13.35
FI,Finlandia,2018,False,equipment_share_pct,13.56
FI,Finlandia,2019,False,equipment_share_pct,21.14
FI,Finlandia,2020,False,equipment_share_pct,21.63
FI,Finlandia,2021,False,equipment_share_pct,19.88
FI,Finlandia,2022,False,equipment_share_pct,33.54
FI,Finlandia,2023,False,equipment_share_pct,42.6
FI,Finlandia,2024,False,equipment_share_pct,43.98
FI,Finlandia,2025,True,equipment_share_pct,41.78
FI,Finlandia,2026,True,equipment_share_pct,36.67
FR,Francia,2014,False,equipment_share_pct,24.64
FR,Francia,2015,False,equipment_share_pct,25.04
FR,Francia,2016,False,equipment_share_pct,24.44
FR,Francia,2017,False,equipment_share_pct,24.17
FR,Francia,2018,False,equipment_share_pct,23.66
FR,Francia,2019,False,equipment_share_pct,24.53
FR,Francia,2020,False,equipment_share_pct,26.62
FR,Francia,2021,False,equipment_share_pct,27.85
FR,Francia,2022,False,equipment_share_pct,28.64
FR,Francia,2023,False,equipment_share_pct,28.19
FR,Francia,2024,False,equipment_share_pct,27.45
FR,Francia,2025,True,equipment_share_pct,31.09
FR,Francia,2026,True,equipment_share_pct,34.08
HR,Croazia,2014,False,equipment_share_pct,5.56
HR,Croazia,2015,False,equipment_share_pct,8.01
HR,Croazia,2016,False,equipment_share_pct,7.51
HR,Croazia,2017,False,equipment_share_pct,5.69
HR,Croazia,2018,False,equipment_share_pct,3.37
HR,Croazia,2019,False,equipment_share_pct,6.55
HR,Croazia,2020,False,equipment_share_pct,9.06
HR,Croazia,2021,False,equipment_share_pct,30.01
HR,Croazia,2022,False,equipment_share_pct,31.19
HR,Croazia,2023,False,equipment_share_pct,24.2
HR,Croazia,2024,False,equipment_share_pct,26.66
HR,Croazia,2025,True,equipment_share_pct,34.31
HR,Croazia,2026,True,equipment_share_pct,23.41
HU,Ungheria,2014,False,equipment_share_pct,7.76
HU,Ungheria,2015,False,equipment_share_pct,9.75
HU,Ungheria,2016,False,equipment_share_pct,13.37
HU,Ungheria,2017,False,equipment_share_pct,18.54
HU,Ungheria,2018,False,equipment_share_pct,12.63
HU,Ungheria,2019,False,equipment_share_pct,36.46
HU,Ungheria,2020,False,equipment_share_pct,45.57
HU,Ungheria,2021,False,equipment_share_pct,36.4
HU,Ungheria,2022,False,equipment_share_pct,47.58
HU,Ungheria,2023,False,equipment_share_pct,49.77
HU,Ungheria,2024,False,equipment_share_pct,50.85
HU,Ungheria,2025,True,equipment_share_pct,48.19
HU,Ungheria,2026,True,equipment_share_pct,38.75
IT,Italia,2014,False,equipment_share_pct,10.92
IT,Italia,2015,False,equipment_share_pct,9.72
IT,Italia,2016,False,equipment_share_pct,19.09
IT,Italia,2017,False,equipment_share_pct,20.68
IT,Italia,2018,False,equipment_share_pct,19.13
IT,Italia,2019,False,equipment_share_pct,17.0
IT,Italia,2020,False,equipment_share_pct,18.56
IT,Italia,2021,False,equipment_share_pct,23.23
IT,Italia,2022,False,equipment_share_pct,22.77
IT,Italia,2023,False,equipment_share_pct,21.98
IT,Italia,2024,False,equipment_share_pct,22.31
IT,Italia,2025,True,equipment_share_pct,24.78
IT,Italia,2026,True,equipment_share_pct,24.45
LT,Lituania,2014,False,equipment_share_pct,14.06
LT,Lituania,2015,False,equipment_share_pct,21.55
LT,Lituania,2016,False,equipment_share_pct,30.06
LT,Lituania,2017,False,equipment_share_pct,31.61
LT,Lituania,2018,False,equipment_share_pct,36.98
LT,Lituania,2019,False,equipment_share_pct,37.57
LT,Lituania,2020,False,equipment_share_pct,33.71
LT,Lituania,2021,False,equipment_share_pct,22.32
LT,Lituania,2022,False,equipment_share_pct,36.62
LT,Lituania,2023,False,equipment_share_pct,28.66
LT,Lituania,2024,False,equipment_share_pct,30.02
LT,Lituania,2025,True,equipment_share_pct,47.35
LT,Lituania,2026,True,equipment_share_pct,47.57
LU,Lussemburgo,2014,False,equipment_share_pct,22.61
LU,Lussemburgo,2015,False,equipment_share_pct,33.33
LU,Lussemburgo,2016,False,equipment_share_pct,30.07
LU,Lussemburgo,2017,False,equipment_share_pct,42.06
LU,Lussemburgo,2018,False,equipment_share_pct,45.18
LU,Lussemburgo,2019,False,equipment_share_pct,49.71
LU,Lussemburgo,2020,False,equipment_share_pct,50.15
LU,Lussemburgo,2021,False,equipment_share_pct,39.58
LU,Lussemburgo,2022,False,equipment_share_pct,45.1
LU,Lussemburgo,2023,False,equipment_share_pct,49.94
LU,Lussemburgo,2024,False,equipment_share_pct,31.3
LU,Lussemburgo,2025,True,equipment_share_pct,57.04
LU,Lussemburgo,2026,True,equipment_share_pct,51.77
LV,Lettonia,2014,False,equipment_share_pct,7.55
LV,Lettonia,2015,False,equipment_share_pct,13.6
LV,Lettonia,2016,False,equipment_share_pct,19.05
LV,Lettonia,2017,False,equipment_share_pct,15.01
LV,Lettonia,2018,False,equipment_share_pct,31.85
LV,Lettonia,2019,False,equipment_share_pct,21.65
LV,Lettonia,2020,False,equipment_share_pct,20.53
LV,Lettonia,2021,False,equipment_share_pct,22.07
LV,Lettonia,2022,False,equipment_share_pct,24.65
LV,Lettonia,2023,False,equipment_share_pct,31.57
LV,Lettonia,2024,False,equipment_share_pct,25.31
LV,Lettonia,2025,True,equipment_share_pct,36.18
LV,Lettonia,2026,True,equipment_share_pct,40.1
ME,Montenegro,2014,False,equipment_share_pct,7.46
ME,Montenegro,2015,False,equipment_share_pct,5.43
ME,Montenegro,2016,False,equipment_share_pct,4.46
ME,Montenegro,2017,False,equipment_share_pct,4.97
ME,Montenegro,2018,False,equipment_share_pct,11.14
ME,Montenegro,2019,False,equipment_share_pct,14.96
ME,Montenegro,2020,False,equipment_share_pct,20.96
ME,Montenegro,2021,False,equipment_share_pct,20.54
ME,Montenegro,2022,False,equipment_share_pct,22.85
ME,Montenegro,2023,False,equipment_share_pct,24.0
ME,Montenegro,2024,False,equipment_share_pct,30.41
ME,Montenegro,2025,True,equipment_share_pct,42.83
ME,Montenegro,2026,True,equipment_share_pct,46.05
MK,Macedonia del Nord,2014,False,equipment_share_pct,5.92
MK,Macedonia del Nord,2015,False,equipment_share_pct,11.13
MK,Macedonia del Nord,2016,False,equipment_share_pct,8.37
MK,Macedonia del Nord,2017,False,equipment_share_pct,6.47
MK,Macedonia del Nord,2018,False,equipment_share_pct,11.09
MK,Macedonia del Nord,2019,False,equipment_share_pct,13.82
MK,Macedonia del Nord,2020,False,equipment_share_pct,11.53
MK,Macedonia del Nord,2021,False,equipment_share_pct,21.77
MK,Macedonia del Nord,2022,False,equipment_share_pct,24.13
MK,Macedonia del Nord,2023,False,equipment_share_pct,25.17
MK,Macedonia del Nord,2024,False,equipment_share_pct,30.23
MK,Macedonia del Nord,2025,True,equipment_share_pct,30.22
MK,Macedonia del Nord,2026,True,equipment_share_pct,30.48
NL,Paesi Bassi,2014,False,equipment_share_pct,10.68
NL,Paesi Bassi,2015,False,equipment_share_pct,11.16
NL,Paesi Bassi,2016,False,equipment_share_pct,14.14
NL,Paesi Bassi,2017,False,equipment_share_pct,14.75
NL,Paesi Bassi,2018,False,equipment_share_pct,16.39
NL,Paesi Bassi,2019,False,equipment_share_pct,20.34
NL,Paesi Bassi,2020,False,equipment_share_pct,22.13
NL,Paesi Bassi,2021,False,equipment_share_pct,23.85
NL,Paesi Bassi,2022,False,equipment_share_pct,14.78
NL,Paesi Bassi,2023,False,equipment_share_pct,8.1
NL,Paesi Bassi,2024,False,equipment_share_pct,19.82
NL,Paesi Bassi,2025,True,equipment_share_pct,23.11
NL,Paesi Bassi,2026,True,equipment_share_pct,33.69
NO,Norvegia,2014,False,equipment_share_pct,20.42
NO,Norvegia,2015,False,equipment_share_pct,21.83
NO,Norvegia,2016,False,equipment_share_pct,23.37
NO,Norvegia,2017,False,equipment_share_pct,24.63
NO,Norvegia,2018,False,equipment_share_pct,25.6
NO,Norvegia,2019,False,equipment_share_pct,28.76
NO,Norvegia,2020,False,equipment_share_pct,28.41
NO,Norvegia,2021,False,equipment_share_pct,29.19
NO,Norvegia,2022,False,equipment_share_pct,28.39
NO,Norvegia,2023,False,equipment_share_pct,29.29
NO,Norvegia,2024,False,equipment_share_pct,28.1
NO,Norvegia,2025,True,equipment_share_pct,26.83
NO,Norvegia,2026,True,equipment_share_pct,17.95
PL,Polonia,2014,False,equipment_share_pct,18.84
PL,Polonia,2015,False,equipment_share_pct,33.2
PL,Polonia,2016,False,equipment_share_pct,21.62
PL,Polonia,2017,False,equipment_share_pct,22.04
PL,Polonia,2018,False,equipment_share_pct,27.51
PL,Polonia,2019,False,equipment_share_pct,23.36
PL,Polonia,2020,False,equipment_share_pct,29.31
PL,Polonia,2021,False,equipment_share_pct,33.89
PL,Polonia,2022,False,equipment_share_pct,32.42
PL,Polonia,2023,False,equipment_share_pct,44.73
PL,Polonia,2024,False,equipment_share_pct,42.9
PL,Polonia,2025,True,equipment_share_pct,50.71
PL,Polonia,2026,True,equipment_share_pct,55.91
PT,Portogallo,2014,False,equipment_share_pct,8.43
PT,Portogallo,2015,False,equipment_share_pct,8.7
PT,Portogallo,2016,False,equipment_share_pct,9.95
PT,Portogallo,2017,False,equipment_share_pct,11.42
PT,Portogallo,2018,False,equipment_share_pct,15.48
PT,Portogallo,2019,False,equipment_share_pct,16.61
PT,Portogallo,2020,False,equipment_share_pct,17.36
PT,Portogallo,2021,False,equipment_share_pct,12.46
PT,Portogallo,2022,False,equipment_share_pct,16.09
PT,Portogallo,2023,False,equipment_share_pct,16.34
PT,Portogallo,2024,False,equipment_share_pct,15.11
PT,Portogallo,2025,True,equipment_share_pct,19.17
PT,Portogallo,2026,True,equipment_share_pct,34.03
RO,Romania,2014,False,equipment_share_pct,15.77
RO,Romania,2015,False,equipment_share_pct,19.65
RO,Romania,2016,False,equipment_share_pct,20.43
RO,Romania,2017,False,equipment_share_pct,33.34
RO,Romania,2018,False,equipment_share_pct,33.47
RO,Romania,2019,False,equipment_share_pct,25.59
RO,Romania,2020,False,equipment_share_pct,23.12
RO,Romania,2021,False,equipment_share_pct,21.57
RO,Romania,2022,False,equipment_share_pct,25.51
RO,Romania,2023,False,equipment_share_pct,21.94
RO,Romania,2024,False,equipment_share_pct,32.24
RO,Romania,2025,True,equipment_share_pct,30.05
RO,Romania,2026,True,equipment_share_pct,37.82
SE,Svezia,2014,False,equipment_share_pct,40.47
SE,Svezia,2015,False,equipment_share_pct,38.08
SE,Svezia,2016,False,equipment_share_pct,34.62
SE,Svezia,2017,False,equipment_share_pct,21.65
SE,Svezia,2018,False,equipment_share_pct,22.4
SE,Svezia,2019,False,equipment_share_pct,22.95
SE,Svezia,2020,False,equipment_share_pct,23.79
SE,Svezia,2021,False,equipment_share_pct,20.22
SE,Svezia,2022,False,equipment_share_pct,21.13
SE,Svezia,2023,False,equipment_share_pct,24.36
SE,Svezia,2024,False,equipment_share_pct,29.56
SE,Svezia,2025,True,equipment_share_pct,25.35
SE,Svezia,2026,True,equipment_share_pct,25.41
SI,Slovenia,2014,False,equipment_share_pct,0.66
SI,Slovenia,2015,False,equipment_share_pct,1.85
SI,Slovenia,2016,False,equipment_share_pct,1.02
SI,Slovenia,2017,False,equipment_share_pct,4.04
SI,Slovenia,2018,False,equipment_share_pct,5.98
SI,Slovenia,2019,False,equipment_share_pct,7.11
SI,Slovenia,2020,False,equipment_share_pct,5.69
SI,Slovenia,2021,False,equipment_share_pct,14.56
SI,Slovenia,2022,False,equipment_share_pct,22.38
SI,Slovenia,2023,False,equipment_share_pct,23.92
SI,Slovenia,2024,False,equipment_share_pct,24.98
SI,Slovenia,2025,True,equipment_share_pct,29.48
SI,Slovenia,2026,True,equipment_share_pct,27.8
SK,Slovacchia,2014,False,equipment_share_pct,11.12
SK,Slovacchia,2015,False,equipment_share_pct,18.28
SK,Slovacchia,2016,False,equipment_share_pct,15.32
SK,Slovacchia,2017,False,equipment_share_pct,17.74
SK,Slovacchia,2018,False,equipment_share_pct,22.27
SK,Slovacchia,2019,False,equipment_share_pct,40.07
SK,Slovacchia,2020,False,equipment_share_pct,31.84
SK,Slovacchia,2021,False,equipment_share_pct,32.34
SK,Slovacchia,2022,False,equipment_share_pct,36.54
SK,Slovacchia,2023,False,equipment_share_pct,27.48
SK,Slovacchia,2024,False,equipment_share_pct,35.17
SK,Slovacchia,2025,True,equipment_share_pct,27.26
SK,Slovacchia,2026,True,equipment_share_pct,25.22
TR,Turchia,2014,False,equipment_share_pct,25.08
TR,Turchia,2015,False,equipment_share_pct,25.13
TR,Turchia,2016,False,equipment_share_pct,25.55
TR,Turchia,2017,False,equipment_share_pct,30.3
TR,Turchia,2018,False,equipment_share_pct,37.64
TR,Turchia,2019,False,equipment_share_pct,34.32
TR,Turchia,2020,False,equipment_share_pct,30.73
TR,Turchia,2021,False,equipment_share_pct,29.31
TR,Turchia,2022,False,equipment_share_pct,28.43
TR,Turchia,2023,False,equipment_share_pct,29.79
TR,Turchia,2024,False,equipment_share_pct,33.36
TR,Turchia,2025,True,equipment_share_pct,35.8
TR,Turchia,2026,True,equipment_share_pct,30.1
UK,Regno Unito,2014,False,equipment_share_pct,22.82
UK,Regno Unito,2015,False,equipment_share_pct,21.75
UK,Regno Unito,2016,False,equipment_share_pct,21.24
UK,Regno Unito,2017,False,equipment_share_pct,22.29
UK,Regno Unito,2018,False,equipment_share_pct,22.25
UK,Regno Unito,2019,False,equipment_share_pct,22.85
UK,Regno Unito,2020,False,equipment_share_pct,23.83
UK,Regno Unito,2021,False,equipment_share_pct,29.5
UK,Regno Unito,2022,False,equipment_share_pct,31.42
UK,Regno Unito,2023,False,equipment_share_pct,31.26
UK,Regno Unito,2024,False,equipment_share_pct,33.36
UK,Regno Unito,2025,True,equipment_share_pct,36.13
UK,Regno Unito,2026,True,equipment_share_pct,37.22
US,Stati Uniti,2014,False,equipment_share_pct,25.97
US,Stati Uniti,2015,False,equipment_share_pct,25.41
US,Stati Uniti,2016,False,equipment_share_pct,25.05
US,Stati Uniti,2017,False,equipment_share_pct,25.73
US,Stati Uniti,2018,False,equipment_share_pct,27.06
US,Stati Uniti,2019,False,equipment_share_pct,29.06
US,Stati Uniti,2020,False,equipment_share_pct,29.69
US,Stati Uniti,2021,False,equipment_share_pct,28.7
US,Stati Uniti,2022,False,equipment_share_pct,27.85
US,Stati Uniti,2023,False,equipment_share_pct,28.75
US,Stati Uniti,2024,False,equipment_share_pct,29.88
US,Stati Uniti,2025,True,equipment_share_pct,29.21
US,Stati Uniti,2026,True,equipment_share_pct,28.31
AL,Albania,2014,False,gdp_per_capita_2021_kusd,5.1
AL,Albania,2015,False,gdp_per_capita_2021_kusd,5.2
AL,Albania,2016,False,gdp_per_capita_2021_kusd,5.4
AL,Albania,2017,False,gdp_per_capita_2021_kusd,5.6
AL,Albania,2018,False,gdp_per_capita_2021_kusd,5.8
AL,Albania,2019,False,gdp_per_capita_2021_kusd,6.0
AL,Albania,2020,False,gdp_per_capita_2021_kusd,5.8
AL,Albania,2021,False,gdp_per_capita_2021_kusd,6.4
AL,Albania,2022,False,gdp_per_capita_2021_kusd,6.8
AL,Albania,2023,False,gdp_per_capita_2021_kusd,7.1
AL,Albania,2024,False,gdp_per_capita_2021_kusd,7.5
AL,Albania,2025,True,gdp_per_capita_2021_kusd,7.9
AL,Albania,2026,True,gdp_per_capita_2021_kusd,8.2
BE,Belgio,2014,False,gdp_per_capita_2021_kusd,48.6
BE,Belgio,2015,False,gdp_per_capita_2021_kusd,49.0
BE,Belgio,2016,False,gdp_per_capita_2021_kusd,49.3
BE,Belgio,2017,False,gdp_per_capita_2021_kusd,49.9
BE,Belgio,2018,False,gdp_per_capita_2021_kusd,50.6
BE,Belgio,2019,False,gdp_per_capita_2021_kusd,51.5
BE,Belgio,2020,False,gdp_per_capita_2021_kusd,48.9
BE,Belgio,2021,False,gdp_per_capita_2021_kusd,51.7
BE,Belgio,2022,False,gdp_per_capita_2021_kusd,53.3
BE,Belgio,2023,False,gdp_per_capita_2021_kusd,53.7
BE,Belgio,2024,False,gdp_per_capita_2021_kusd,54.0
BE,Belgio,2025,True,gdp_per_capita_2021_kusd,54.3
BE,Belgio,2026,True,gdp_per_capita_2021_kusd,54.6
BG,Bulgaria,2014,False,gdp_per_capita_2021_kusd,9.8
BG,Bulgaria,2015,False,gdp_per_capita_2021_kusd,10.3
BG,Bulgaria,2016,False,gdp_per_capita_2021_kusd,10.7
BG,Bulgaria,2017,False,gdp_per_capita_2021_kusd,11.2
BG,Bulgaria,2018,False,gdp_per_capita_2021_kusd,11.6
BG,Bulgaria,2019,False,gdp_per_capita_2021_kusd,12.2
BG,Bulgaria,2020,False,gdp_per_capita_2021_kusd,12.0
BG,Bulgaria,2021,False,gdp_per_capita_2021_kusd,13.0
BG,Bulgaria,2022,False,gdp_per_capita_2021_kusd,13.6
BG,Bulgaria,2023,False,gdp_per_capita_2021_kusd,13.9
BG,Bulgaria,2024,False,gdp_per_capita_2021_kusd,14.3
BG,Bulgaria,2025,True,gdp_per_capita_2021_kusd,14.8
BG,Bulgaria,2026,True,gdp_per_capita_2021_kusd,15.3
CA,Canada,2014,False,gdp_per_capita_2021_kusd,51.7
CA,Canada,2015,False,gdp_per_capita_2021_kusd,51.6
CA,Canada,2016,False,gdp_per_capita_2021_kusd,51.6
CA,Canada,2017,False,gdp_per_capita_2021_kusd,52.5
CA,Canada,2018,False,gdp_per_capita_2021_kusd,53.2
CA,Canada,2019,False,gdp_per_capita_2021_kusd,53.4
CA,Canada,2020,False,gdp_per_capita_2021_kusd,50.2
CA,Canada,2021,False,gdp_per_capita_2021_kusd,52.9
CA,Canada,2022,False,gdp_per_capita_2021_kusd,54.4
CA,Canada,2023,False,gdp_per_capita_2021_kusd,53.9
CA,Canada,2024,False,gdp_per_capita_2021_kusd,53.4
CA,Canada,2025,True,gdp_per_capita_2021_kusd,53.8
CA,Canada,2026,True,gdp_per_capita_2021_kusd,53.9
CZ,Cechia,2014,False,gdp_per_capita_2021_kusd,23.3
CZ,Cechia,2015,False,gdp_per_capita_2021_kusd,24.5
CZ,Cechia,2016,False,gdp_per_capita_2021_kusd,25.1
CZ,Cechia,2017,False,gdp_per_capita_2021_kusd,26.4
CZ,Cechia,2018,False,gdp_per_capita_2021_kusd,27.1
CZ,Cechia,2019,False,gdp_per_capita_2021_kusd,28.0
CZ,Cechia,2020,False,gdp_per_capita_2021_kusd,26.6
CZ,Cechia,2021,False,gdp_per_capita_2021_kusd,27.7
CZ,Cechia,2022,False,gdp_per_capita_2021_kusd,27.8
CZ,Cechia,2023,False,gdp_per_capita_2021_kusd,27.6
CZ,Cechia,2024,False,gdp_per_capita_2021_kusd,27.8
CZ,Cechia,2025,True,gdp_per_capita_2021_kusd,28.6
CZ,Cechia,2026,True,gdp_per_capita_2021_kusd,29.1
DE,Germania,2014,False,gdp_per_capita_2021_kusd,49.7
DE,Germania,2015,False,gdp_per_capita_2021_kusd,50.1
DE,Germania,2016,False,gdp_per_capita_2021_kusd,50.8
DE,Germania,2017,False,gdp_per_capita_2021_kusd,52.3
DE,Germania,2018,False,gdp_per_capita_2021_kusd,52.8
DE,Germania,2019,False,gdp_per_capita_2021_kusd,53.3
DE,Germania,2020,False,gdp_per_capita_2021_kusd,51.0
DE,Germania,2021,False,gdp_per_capita_2021_kusd,53.0
DE,Germania,2022,False,gdp_per_capita_2021_kusd,53.7
DE,Germania,2023,False,gdp_per_capita_2021_kusd,52.8
DE,Germania,2024,False,gdp_per_capita_2021_kusd,52.4
DE,Germania,2025,True,gdp_per_capita_2021_kusd,52.6
DE,Germania,2026,True,gdp_per_capita_2021_kusd,53.0
DK,Danimarca,2014,False,gdp_per_capita_2021_kusd,61.2
DK,Danimarca,2015,False,gdp_per_capita_2021_kusd,62.1
DK,Danimarca,2016,False,gdp_per_capita_2021_kusd,63.5
DK,Danimarca,2017,False,gdp_per_capita_2021_kusd,65.0
DK,Danimarca,2018,False,gdp_per_capita_2021_kusd,65.9
DK,Danimarca,2019,False,gdp_per_capita_2021_kusd,66.7
DK,Danimarca,2020,False,gdp_per_capita_2021_kusd,65.4
DK,Danimarca,2021,False,gdp_per_capita_2021_kusd,69.4
DK,Danimarca,2022,False,gdp_per_capita_2021_kusd,69.1
DK,Danimarca,2023,False,gdp_per_capita_2021_kusd,69.0
DK,Danimarca,2024,False,gdp_per_capita_2021_kusd,71.0
DK,Danimarca,2025,True,gdp_per_capita_2021_kusd,72.8
DK,Danimarca,2026,True,gdp_per_capita_2021_kusd,74.3
EE,Estonia,2014,False,gdp_per_capita_2021_kusd,22.5
EE,Estonia,2015,False,gdp_per_capita_2021_kusd,23.0
EE,Estonia,2016,False,gdp_per_capita_2021_kusd,23.7
EE,Estonia,2017,False,gdp_per_capita_2021_kusd,24.9
EE,Estonia,2018,False,gdp_per_capita_2021_kusd,25.8
EE,Estonia,2019,False,gdp_per_capita_2021_kusd,26.6
EE,Estonia,2020,False,gdp_per_capita_2021_kusd,25.9
EE,Estonia,2021,False,gdp_per_capita_2021_kusd,27.9
EE,Estonia,2022,False,gdp_per_capita_2021_kusd,27.6
EE,Estonia,2023,False,gdp_per_capita_2021_kusd,26.1
EE,Estonia,2024,False,gdp_per_capita_2021_kusd,26.1
EE,Estonia,2025,True,gdp_per_capita_2021_kusd,26.5
EE,Estonia,2026,True,gdp_per_capita_2021_kusd,27.4
EL,Grecia,2014,False,gdp_per_capita_2021_kusd,19.2
EL,Grecia,2015,False,gdp_per_capita_2021_kusd,19.3
EL,Grecia,2016,False,gdp_per_capita_2021_kusd,19.4
EL,Grecia,2017,False,gdp_per_capita_2021_kusd,19.7
EL,Grecia,2018,False,gdp_per_capita_2021_kusd,20.2
EL,Grecia,2019,False,gdp_per_capita_2021_kusd,20.7
EL,Grecia,2020,False,gdp_per_capita_2021_kusd,18.8
EL,Grecia,2021,False,gdp_per_capita_2021_kusd,20.5
EL,Grecia,2022,False,gdp_per_capita_2021_kusd,21.8
EL,Grecia,2023,False,gdp_per_capita_2021_kusd,22.3
EL,Grecia,2024,False,gdp_per_capita_2021_kusd,22.8
EL,Grecia,2025,True,gdp_per_capita_2021_kusd,23.3
EL,Grecia,2026,True,gdp_per_capita_2021_kusd,23.8
ES,Spagna,2014,False,gdp_per_capita_2021_kusd,28.8
ES,Spagna,2015,False,gdp_per_capita_2021_kusd,30.0
ES,Spagna,2016,False,gdp_per_capita_2021_kusd,30.9
ES,Spagna,2017,False,gdp_per_capita_2021_kusd,31.7
ES,Spagna,2018,False,gdp_per_capita_2021_kusd,32.3
ES,Spagna,2019,False,gdp_per_capita_2021_kusd,32.7
ES,Spagna,2020,False,gdp_per_capita_2021_kusd,28.9
ES,Spagna,2021,False,gdp_per_capita_2021_kusd,30.9
ES,Spagna,2022,False,gdp_per_capita_2021_kusd,32.5
ES,Spagna,2023,False,gdp_per_capita_2021_kusd,33.0
ES,Spagna,2024,False,gdp_per_capita_2021_kusd,33.7
ES,Spagna,2025,True,gdp_per_capita_2021_kusd,34.4
ES,Spagna,2026,True,gdp_per_capita_2021_kusd,35.0
FI,Finlandia,2014,False,gdp_per_capita_2021_kusd,49.3
FI,Finlandia,2015,False,gdp_per_capita_2021_kusd,49.4
FI,Finlandia,2016,False,gdp_per_capita_2021_kusd,50.5
FI,Finlandia,2017,False,gdp_per_capita_2021_kusd,52.1
FI,Finlandia,2018,False,gdp_per_capita_2021_kusd,52.6
FI,Finlandia,2019,False,gdp_per_capita_2021_kusd,53.3
FI,Finlandia,2020,False,gdp_per_capita_2021_kusd,51.8
FI,Finlandia,2021,False,gdp_per_capita_2021_kusd,53.1
FI,Finlandia,2022,False,gdp_per_capita_2021_kusd,53.4
FI,Finlandia,2023,False,gdp_per_capita_2021_kusd,52.5
FI,Finlandia,2024,False,gdp_per_capita_2021_kusd,52.3
FI,Finlandia,2025,True,gdp_per_capita_2021_kusd,52.0
FI,Finlandia,2026,True,gdp_per_capita_2021_kusd,52.2
FR,Francia,2014,False,gdp_per_capita_2021_kusd,42.2
FR,Francia,2015,False,gdp_per_capita_2021_kusd,42.4
FR,Francia,2016,False,gdp_per_capita_2021_kusd,42.6
FR,Francia,2017,False,gdp_per_capita_2021_kusd,43.3
FR,Francia,2018,False,gdp_per_capita_2021_kusd,43.8
FR,Francia,2019,False,gdp_per_capita_2021_kusd,44.6
FR,Francia,2020,False,gdp_per_capita_2021_kusd,41.0
FR,Francia,2021,False,gdp_per_capita_2021_kusd,43.6
FR,Francia,2022,False,gdp_per_capita_2021_kusd,44.7
FR,Francia,2023,False,gdp_per_capita_2021_kusd,45.3
FR,Francia,2024,False,gdp_per_capita_2021_kusd,45.7
FR,Francia,2025,True,gdp_per_capita_2021_kusd,46.0
FR,Francia,2026,True,gdp_per_capita_2021_kusd,46.1
HR,Croazia,2014,False,gdp_per_capita_2021_kusd,13.7
HR,Croazia,2015,False,gdp_per_capita_2021_kusd,14.2
HR,Croazia,2016,False,gdp_per_capita_2021_kusd,14.9
HR,Croazia,2017,False,gdp_per_capita_2021_kusd,15.6
HR,Croazia,2018,False,gdp_per_capita_2021_kusd,16.3
HR,Croazia,2019,False,gdp_per_capita_2021_kusd,16.9
HR,Croazia,2020,False,gdp_per_capita_2021_kusd,15.7
HR,Croazia,2021,False,gdp_per_capita_2021_kusd,17.8
HR,Croazia,2022,False,gdp_per_capita_2021_kusd,19.2
HR,Croazia,2023,False,gdp_per_capita_2021_kusd,19.9
HR,Croazia,2024,False,gdp_per_capita_2021_kusd,20.8
HR,Croazia,2025,True,gdp_per_capita_2021_kusd,21.6
HR,Croazia,2026,True,gdp_per_capita_2021_kusd,22.3
HU,Ungheria,2014,False,gdp_per_capita_2021_kusd,14.8
HU,Ungheria,2015,False,gdp_per_capita_2021_kusd,15.4
HU,Ungheria,2016,False,gdp_per_capita_2021_kusd,15.8
HU,Ungheria,2017,False,gdp_per_capita_2021_kusd,16.6
HU,Ungheria,2018,False,gdp_per_capita_2021_kusd,17.5
HU,Ungheria,2019,False,gdp_per_capita_2021_kusd,18.4
HU,Ungheria,2020,False,gdp_per_capita_2021_kusd,17.7
HU,Ungheria,2021,False,gdp_per_capita_2021_kusd,19.0
HU,Ungheria,2022,False,gdp_per_capita_2021_kusd,19.9
HU,Ungheria,2023,False,gdp_per_capita_2021_kusd,19.7
HU,Ungheria,2024,False,gdp_per_capita_2021_kusd,19.9
HU,Ungheria,2025,True,gdp_per_capita_2021_kusd,20.1
HU,Ungheria,2026,True,gdp_per_capita_2021_kusd,20.5
IT,Italia,2014,False,gdp_per_capita_2021_kusd,34.7
IT,Italia,2015,False,gdp_per_capita_2021_kusd,35.0
IT,Italia,2016,False,gdp_per_capita_2021_kusd,35.5
IT,Italia,2017,False,gdp_per_capita_2021_kusd,36.2
IT,Italia,2018,False,gdp_per_capita_2021_kusd,36.5
IT,Italia,2019,False,gdp_per_capita_2021_kusd,36.8
IT,Italia,2020,False,gdp_per_capita_2021_kusd,33.7
IT,Italia,2021,False,gdp_per_capita_2021_kusd,36.9
IT,Italia,2022,False,gdp_per_capita_2021_kusd,38.7
IT,Italia,2023,False,gdp_per_capita_2021_kusd,39.1
IT,Italia,2024,False,gdp_per_capita_2021_kusd,39.4
IT,Italia,2025,True,gdp_per_capita_2021_kusd,39.7
IT,Italia,2026,True,gdp_per_capita_2021_kusd,40.0
LT,Lituania,2014,False,gdp_per_capita_2021_kusd,17.7
LT,Lituania,2015,False,gdp_per_capita_2021_kusd,18.4
LT,Lituania,2016,False,gdp_per_capita_2021_kusd,19.1
LT,Lituania,2017,False,gdp_per_capita_2021_kusd,20.2
LT,Lituania,2018,False,gdp_per_capita_2021_kusd,21.4
LT,Lituania,2019,False,gdp_per_capita_2021_kusd,22.4
LT,Lituania,2020,False,gdp_per_capita_2021_kusd,22.4
LT,Lituania,2021,False,gdp_per_capita_2021_kusd,23.9
LT,Lituania,2022,False,gdp_per_capita_2021_kusd,24.3
LT,Lituania,2023,False,gdp_per_capita_2021_kusd,24.1
LT,Lituania,2024,False,gdp_per_capita_2021_kusd,24.7
LT,Lituania,2025,True,gdp_per_capita_2021_kusd,25.4
LT,Lituania,2026,True,gdp_per_capita_2021_kusd,26.4
LU,Lussemburgo,2014,False,gdp_per_capita_2021_kusd,127.8
LU,Lussemburgo,2015,False,gdp_per_capita_2021_kusd,128.1
LU,Lussemburgo,2016,False,gdp_per_capita_2021_kusd,131.1
LU,Lussemburgo,2017,False,gdp_per_capita_2021_kusd,130.0
LU,Lussemburgo,2018,False,gdp_per_capita_2021_kusd,129.6
LU,Lussemburgo,2019,False,gdp_per_capita_2021_kusd,130.4
LU,Lussemburgo,2020,False,gdp_per_capita_2021_kusd,127.8
LU,Lussemburgo,2021,False,gdp_per_capita_2021_kusd,134.6
LU,Lussemburgo,2022,False,gdp_per_capita_2021_kusd,130.2
LU,Lussemburgo,2023,False,gdp_per_capita_2021_kusd,86.9
LU,Lussemburgo,2024,False,gdp_per_capita_2021_kusd,82.8
LU,Lussemburgo,2025,True,gdp_per_capita_2021_kusd,84.1
LU,Lussemburgo,2026,True,gdp_per_capita_2021_kusd,83.9
LV,Lettonia,2014,False,gdp_per_capita_2021_kusd,16.1
LV,Lettonia,2015,False,gdp_per_capita_2021_kusd,16.8
LV,Lettonia,2016,False,gdp_per_capita_2021_kusd,17.4
LV,Lettonia,2017,False,gdp_per_capita_2021_kusd,18.2
LV,Lettonia,2018,False,gdp_per_capita_2021_kusd,19.1
LV,Lettonia,2019,False,gdp_per_capita_2021_kusd,19.3
LV,Lettonia,2020,False,gdp_per_capita_2021_kusd,18.8
LV,Lettonia,2021,False,gdp_per_capita_2021_kusd,20.3
LV,Lettonia,2022,False,gdp_per_capita_2021_kusd,20.6
LV,Lettonia,2023,False,gdp_per_capita_2021_kusd,20.5
LV,Lettonia,2024,False,gdp_per_capita_2021_kusd,20.7
LV,Lettonia,2025,True,gdp_per_capita_2021_kusd,21.4
LV,Lettonia,2026,True,gdp_per_capita_2021_kusd,22.0
ME,Montenegro,2014,False,gdp_per_capita_2021_kusd,8.1
ME,Montenegro,2015,False,gdp_per_capita_2021_kusd,8.3
ME,Montenegro,2016,False,gdp_per_capita_2021_kusd,8.6
ME,Montenegro,2017,False,gdp_per_capita_2021_kusd,8.9
ME,Montenegro,2018,False,gdp_per_capita_2021_kusd,9.3
ME,Montenegro,2019,False,gdp_per_capita_2021_kusd,9.7
ME,Montenegro,2020,False,gdp_per_capita_2021_kusd,8.3
ME,Montenegro,2021,False,gdp_per_capita_2021_kusd,9.4
ME,Montenegro,2022,False,gdp_per_capita_2021_kusd,10.2
ME,Montenegro,2023,False,gdp_per_capita_2021_kusd,10.8
ME,Montenegro,2024,False,gdp_per_capita_2021_kusd,11.1
ME,Montenegro,2025,True,gdp_per_capita_2021_kusd,11.4
ME,Montenegro,2026,True,gdp_per_capita_2021_kusd,11.8
MK,Macedonia del Nord,2014,False,gdp_per_capita_2021_kusd,6.4
MK,Macedonia del Nord,2015,False,gdp_per_capita_2021_kusd,6.6
MK,Macedonia del Nord,2016,False,gdp_per_capita_2021_kusd,6.8
MK,Macedonia del Nord,2017,False,gdp_per_capita_2021_kusd,6.9
MK,Macedonia del Nord,2018,False,gdp_per_capita_2021_kusd,7.2
MK,Macedonia del Nord,2019,False,gdp_per_capita_2021_kusd,7.5
MK,Macedonia del Nord,2020,False,gdp_per_capita_2021_kusd,7.2
MK,Macedonia del Nord,2021,False,gdp_per_capita_2021_kusd,7.6
MK,Macedonia del Nord,2022,False,gdp_per_capita_2021_kusd,7.9
MK,Macedonia del Nord,2023,False,gdp_per_capita_2021_kusd,8.1
MK,Macedonia del Nord,2024,False,gdp_per_capita_2021_kusd,8.3
MK,Macedonia del Nord,2025,True,gdp_per_capita_2021_kusd,8.5
MK,Macedonia del Nord,2026,True,gdp_per_capita_2021_kusd,8.5
NATO_EUR_CAN,NATO Europa e Canada,2014,False,gdp_per_capita_2021_kusd,33.3
NATO_EUR_CAN,NATO Europa e Canada,2015,False,gdp_per_capita_2021_kusd,33.8
NATO_EUR_CAN,NATO Europa e Canada,2016,False,gdp_per_capita_2021_kusd,34.2
NATO_EUR_CAN,NATO Europa e Canada,2017,False,gdp_per_capita_2021_kusd,35.1
NATO_EUR_CAN,NATO Europa e Canada,2018,False,gdp_per_capita_2021_kusd,35.6
NATO_EUR_CAN,NATO Europa e Canada,2019,False,gdp_per_capita_2021_kusd,36.1
NATO_EUR_CAN,NATO Europa e Canada,2020,False,gdp_per_capita_2021_kusd,33.7
NATO_EUR_CAN,NATO Europa e Canada,2021,False,gdp_per_capita_2021_kusd,35.9
NATO_EUR_CAN,NATO Europa e Canada,2022,False,gdp_per_capita_2021_kusd,37.0
NATO_EUR_CAN,NATO Europa e Canada,2023,False,gdp_per_capita_2021_kusd,37.2
NATO_EUR_CAN,NATO Europa e Canada,2024,False,gdp_per_capita_2021_kusd,37.9
NATO_EUR_CAN,NATO Europa e Canada,2025,True,gdp_per_capita_2021_kusd,38.2
NATO_EUR_CAN,NATO Europa e Canada,2026,True,gdp_per_capita_2021_kusd,38.6
NATO_TOTAL,NATO totale,2014,False,gdp_per_capita_2021_kusd,43.6
NATO_TOTAL,NATO totale,2015,False,gdp_per_capita_2021_kusd,44.4
NATO_TOTAL,NATO totale,2016,False,gdp_per_capita_2021_kusd,45.0
NATO_TOTAL,NATO totale,2017,False,gdp_per_capita_2021_kusd,45.9
NATO_TOTAL,NATO totale,2018,False,gdp_per_capita_2021_kusd,46.8
NATO_TOTAL,NATO totale,2019,False,gdp_per_capita_2021_kusd,47.6
NATO_TOTAL,NATO totale,2020,False,gdp_per_capita_2021_kusd,45.5
NATO_TOTAL,NATO totale,2021,False,gdp_per_capita_2021_kusd,48.3
NATO_TOTAL,NATO totale,2022,False,gdp_per_capita_2021_kusd,49.5
NATO_TOTAL,NATO totale,2023,False,gdp_per_capita_2021_kusd,50.1
NATO_TOTAL,NATO totale,2024,False,gdp_per_capita_2021_kusd,50.9
NATO_TOTAL,NATO totale,2025,True,gdp_per_capita_2021_kusd,51.6
NATO_TOTAL,NATO totale,2026,True,gdp_per_capita_2021_kusd,52.3
NL,Paesi Bassi,2014,False,gdp_per_capita_2021_kusd,54.5
NL,Paesi Bassi,2015,False,gdp_per_capita_2021_kusd,55.4
NL,Paesi Bassi,2016,False,gdp_per_capita_2021_kusd,56.4
NL,Paesi Bassi,2017,False,gdp_per_capita_2021_kusd,57.6
NL,Paesi Bassi,2018,False,gdp_per_capita_2021_kusd,58.6
NL,Paesi Bassi,2019,False,gdp_per_capita_2021_kusd,59.5
NL,Paesi Bassi,2020,False,gdp_per_capita_2021_kusd,56.9
NL,Paesi Bassi,2021,False,gdp_per_capita_2021_kusd,60.2
NL,Paesi Bassi,2022,False,gdp_per_capita_2021_kusd,62.6
NL,Paesi Bassi,2023,False,gdp_per_capita_2021_kusd,61.6
NL,Paesi Bassi,2024,False,gdp_per_capita_2021_kusd,61.8
NL,Paesi Bassi,2025,True,gdp_per_capita_2021_kusd,62.6
NL,Paesi Bassi,2026,True,gdp_per_capita_2021_kusd,62.8
NO,Norvegia,2014,False,gdp_per_capita_2021_kusd,90.8
NO,Norvegia,2015,False,gdp_per_capita_2021_kusd,91.7
NO,Norvegia,2016,False,gdp_per_capita_2021_kusd,92.1
NO,Norvegia,2017,False,gdp_per_capita_2021_kusd,93.8
NO,Norvegia,2018,False,gdp_per_capita_2021_kusd,94.2
NO,Norvegia,2019,False,gdp_per_capita_2021_kusd,94.9
NO,Norvegia,2020,False,gdp_per_capita_2021_kusd,93.1
NO,Norvegia,2021,False,gdp_per_capita_2021_kusd,96.4
NO,Norvegia,2022,False,gdp_per_capita_2021_kusd,99.5
NO,Norvegia,2023,False,gdp_per_capita_2021_kusd,98.7
NO,Norvegia,2024,False,gdp_per_capita_2021_kusd,99.2
NO,Norvegia,2025,True,gdp_per_capita_2021_kusd,99.3
NO,Norvegia,2026,True,gdp_per_capita_2021_kusd,99.9
PL,Polonia,2014,False,gdp_per_capita_2021_kusd,13.8
PL,Polonia,2015,False,gdp_per_capita_2021_kusd,14.4
PL,Polonia,2016,False,gdp_per_capita_2021_kusd,14.9
PL,Polonia,2017,False,gdp_per_capita_2021_kusd,15.6
PL,Polonia,2018,False,gdp_per_capita_2021_kusd,16.6
PL,Polonia,2019,False,gdp_per_capita_2021_kusd,17.4
PL,Polonia,2020,False,gdp_per_capita_2021_kusd,17.3
PL,Polonia,2021,False,gdp_per_capita_2021_kusd,18.6
PL,Polonia,2022,False,gdp_per_capita_2021_kusd,19.3
PL,Polonia,2023,False,gdp_per_capita_2021_kusd,19.4
PL,Polonia,2024,False,gdp_per_capita_2021_kusd,20.0
PL,Polonia,2025,True,gdp_per_capita_2021_kusd,20.8
PL,Polonia,2026,True,gdp_per_capita_2021_kusd,21.5
PT,Portogallo,2014,False,gdp_per_capita_2021_kusd,22.4
PT,Portogallo,2015,False,gdp_per_capita_2021_kusd,22.8
PT,Portogallo,2016,False,gdp_per_capita_2021_kusd,23.4
PT,Portogallo,2017,False,gdp_per_capita_2021_kusd,24.2
PT,Portogallo,2018,False,gdp_per_capita_2021_kusd,24.9
PT,Portogallo,2019,False,gdp_per_capita_2021_kusd,25.5
PT,Portogallo,2020,False,gdp_per_capita_2021_kusd,23.4
PT,Portogallo,2021,False,gdp_per_capita_2021_kusd,24.6
PT,Portogallo,2022,False,gdp_per_capita_2021_kusd,26.2
PT,Portogallo,2023,False,gdp_per_capita_2021_kusd,26.7
PT,Portogallo,2024,False,gdp_per_capita_2021_kusd,27.0
PT,Portogallo,2025,True,gdp_per_capita_2021_kusd,27.3
PT,Portogallo,2026,True,gdp_per_capita_2021_kusd,27.6
RO,Romania,2014,False,gdp_per_capita_2021_kusd,11.2
RO,Romania,2015,False,gdp_per_capita_2021_kusd,11.6
RO,Romania,2016,False,gdp_per_capita_2021_kusd,12.0
RO,Romania,2017,False,gdp_per_capita_2021_kusd,13.1
RO,Romania,2018,False,gdp_per_capita_2021_kusd,13.8
RO,Romania,2019,False,gdp_per_capita_2021_kusd,14.5
RO,Romania,2020,False,gdp_per_capita_2021_kusd,14.0
RO,Romania,2021,False,gdp_per_capita_2021_kusd,14.9
RO,Romania,2022,False,gdp_per_capita_2021_kusd,15.6
RO,Romania,2023,False,gdp_per_capita_2021_kusd,15.9
RO,Romania,2024,False,gdp_per_capita_2021_kusd,16.1
RO,Romania,2025,True,gdp_per_capita_2021_kusd,16.2
RO,Romania,2026,True,gdp_per_capita_2021_kusd,16.3
SE,Svezia,2014,False,gdp_per_capita_2021_kusd,55.8
SE,Svezia,2015,False,gdp_per_capita_2021_kusd,57.5
SE,Svezia,2016,False,gdp_per_capita_2021_kusd,57.9
SE,Svezia,2017,False,gdp_per_capita_2021_kusd,58.3
SE,Svezia,2018,False,gdp_per_capita_2021_kusd,58.7
SE,Svezia,2019,False,gdp_per_capita_2021_kusd,59.6
SE,Svezia,2020,False,gdp_per_capita_2021_kusd,57.9
SE,Svezia,2021,False,gdp_per_capita_2021_kusd,60.5
SE,Svezia,2022,False,gdp_per_capita_2021_kusd,60.6
SE,Svezia,2023,False,gdp_per_capita_2021_kusd,60.2
SE,Svezia,2024,False,gdp_per_capita_2021_kusd,60.6
SE,Svezia,2025,True,gdp_per_capita_2021_kusd,61.4
SE,Svezia,2026,True,gdp_per_capita_2021_kusd,62.3
SI,Slovenia,2014,False,gdp_per_capita_2021_kusd,24.0
SI,Slovenia,2015,False,gdp_per_capita_2021_kusd,24.5
SI,Slovenia,2016,False,gdp_per_capita_2021_kusd,25.2
SI,Slovenia,2017,False,gdp_per_capita_2021_kusd,26.5
SI,Slovenia,2018,False,gdp_per_capita_2021_kusd,27.6
SI,Slovenia,2019,False,gdp_per_capita_2021_kusd,28.3
SI,Slovenia,2020,False,gdp_per_capita_2021_kusd,27.0
SI,Slovenia,2021,False,gdp_per_capita_2021_kusd,29.2
SI,Slovenia,2022,False,gdp_per_capita_2021_kusd,30.0
SI,Slovenia,2023,False,gdp_per_capita_2021_kusd,30.5
SI,Slovenia,2024,False,gdp_per_capita_2021_kusd,31.0
SI,Slovenia,2025,True,gdp_per_capita_2021_kusd,31.2
SI,Slovenia,2026,True,gdp_per_capita_2021_kusd,31.8
SK,Slovacchia,2014,False,gdp_per_capita_2021_kusd,18.4
SK,Slovacchia,2015,False,gdp_per_capita_2021_kusd,19.4
SK,Slovacchia,2016,False,gdp_per_capita_2021_kusd,19.7
SK,Slovacchia,2017,False,gdp_per_capita_2021_kusd,20.2
SK,Slovacchia,2018,False,gdp_per_capita_2021_kusd,21.0
SK,Slovacchia,2019,False,gdp_per_capita_2021_kusd,21.5
SK,Slovacchia,2020,False,gdp_per_capita_2021_kusd,20.9
SK,Slovacchia,2021,False,gdp_per_capita_2021_kusd,22.2
SK,Slovacchia,2022,False,gdp_per_capita_2021_kusd,22.2
SK,Slovacchia,2023,False,gdp_per_capita_2021_kusd,22.7
SK,Slovacchia,2024,False,gdp_per_capita_2021_kusd,23.1
SK,Slovacchia,2025,True,gdp_per_capita_2021_kusd,23.3
SK,Slovacchia,2026,True,gdp_per_capita_2021_kusd,23.5
TR,Turchia,2014,False,gdp_per_capita_2021_kusd,7.5
TR,Turchia,2015,False,gdp_per_capita_2021_kusd,7.8
TR,Turchia,2016,False,gdp_per_capita_2021_kusd,7.9
TR,Turchia,2017,False,gdp_per_capita_2021_kusd,8.3
TR,Turchia,2018,False,gdp_per_capita_2021_kusd,8.4
TR,Turchia,2019,False,gdp_per_capita_2021_kusd,8.4
TR,Turchia,2020,False,gdp_per_capita_2021_kusd,8.5
TR,Turchia,2021,False,gdp_per_capita_2021_kusd,9.4
TR,Turchia,2022,False,gdp_per_capita_2021_kusd,9.8
TR,Turchia,2023,False,gdp_per_capita_2021_kusd,10.3
TR,Turchia,2024,False,gdp_per_capita_2021_kusd,10.7
TR,Turchia,2025,True,gdp_per_capita_2021_kusd,11.0
TR,Turchia,2026,True,gdp_per_capita_2021_kusd,11.2
UK,Regno Unito,2014,False,gdp_per_capita_2021_kusd,45.8
UK,Regno Unito,2015,False,gdp_per_capita_2021_kusd,46.4
UK,Regno Unito,2016,False,gdp_per_capita_2021_kusd,47.1
UK,Regno Unito,2017,False,gdp_per_capita_2021_kusd,48.2
UK,Regno Unito,2018,False,gdp_per_capita_2021_kusd,48.8
UK,Regno Unito,2019,False,gdp_per_capita_2021_kusd,49.1
UK,Regno Unito,2020,False,gdp_per_capita_2021_kusd,44.1
UK,Regno Unito,2021,False,gdp_per_capita_2021_kusd,47.7
UK,Regno Unito,2022,False,gdp_per_capita_2021_kusd,49.7
UK,Regno Unito,2023,False,gdp_per_capita_2021_kusd,49.2
UK,Regno Unito,2024,False,gdp_per_capita_2021_kusd,49.2
UK,Regno Unito,2025,True,gdp_per_capita_2021_kusd,49.5
UK,Regno Unito,2026,True,gdp_per_capita_2021_kusd,49.7
US,Stati Uniti,2014,False,gdp_per_capita_2021_kusd,63.0
US,Stati Uniti,2015,False,gdp_per_capita_2021_kusd,64.3
US,Stati Uniti,2016,False,gdp_per_capita_2021_kusd,65.0
US,Stati Uniti,2017,False,gdp_per_capita_2021_kusd,66.1
US,Stati Uniti,2018,False,gdp_per_capita_2021_kusd,67.7
US,Stati Uniti,2019,False,gdp_per_capita_2021_kusd,69.1
US,Stati Uniti,2020,False,gdp_per_capita_2021_kusd,67.4
US,Stati Uniti,2021,False,gdp_per_capita_2021_kusd,71.4
US,Stati Uniti,2022,False,gdp_per_capita_2021_kusd,72.8
US,Stati Uniti,2023,False,gdp_per_capita_2021_kusd,74.3
US,Stati Uniti,2024,False,gdp_per_capita_2021_kusd,75.7
US,Stati Uniti,2025,True,gdp_per_capita_2021_kusd,76.9
US,Stati Uniti,2026,True,gdp_per_capita_2021_kusd,78.2
AL,Albania,2014,False,gdp_usd_2021_m,14705.0
AL,Albania,2015,False,gdp_usd_2021_m,15033.0
AL,Albania,2016,False,gdp_usd_2021_m,15620.0
AL,Albania,2017,False,gdp_usd_2021_m,16133.0
AL,Albania,2018,False,gdp_usd_2021_m,16725.0
AL,Albania,2019,False,gdp_usd_2021_m,17070.0
AL,Albania,2020,False,gdp_usd_2021_m,16505.0
AL,Albania,2021,False,gdp_usd_2021_m,17985.0
AL,Albania,2022,False,gdp_usd_2021_m,18853.0
AL,Albania,2023,False,gdp_usd_2021_m,19610.0
AL,Albania,2024,False,gdp_usd_2021_m,20404.0
AL,Albania,2025,True,gdp_usd_2021_m,21175.0
AL,Albania,2026,True,gdp_usd_2021_m,21866.0
BE,Belgio,2014,False,gdp_usd_2021_m,544410.0
BE,Belgio,2015,False,gdp_usd_2021_m,552435.0
BE,Belgio,2016,False,gdp_usd_2021_m,559028.0
BE,Belgio,2017,False,gdp_usd_2021_m,567271.0
BE,Belgio,2018,False,gdp_usd_2021_m,577924.0
BE,Belgio,2019,False,gdp_usd_2021_m,592042.0
BE,Belgio,2020,False,gdp_usd_2021_m,563666.0
BE,Belgio,2021,False,gdp_usd_2021_m,598920.0
BE,Belgio,2022,False,gdp_usd_2021_m,623024.0
BE,Belgio,2023,False,gdp_usd_2021_m,632751.0
BE,Belgio,2024,False,gdp_usd_2021_m,639697.0
BE,Belgio,2025,True,gdp_usd_2021_m,645986.0
BE,Belgio,2026,True,gdp_usd_2021_m,650546.0
BG,Bulgaria,2014,False,gdp_usd_2021_m,69539.0
BG,Bulgaria,2015,False,gdp_usd_2021_m,71902.0
BG,Bulgaria,2016,False,gdp_usd_2021_m,74078.0
BG,Bulgaria,2017,False,gdp_usd_2021_m,76112.0
BG,Bulgaria,2018,False,gdp_usd_2021_m,77885.0
BG,Bulgaria,2019,False,gdp_usd_2021_m,80840.0
BG,Bulgaria,2020,False,gdp_usd_2021_m,78307.0
BG,Bulgaria,2021,False,gdp_usd_2021_m,84437.0
BG,Bulgaria,2022,False,gdp_usd_2021_m,87885.0
BG,Bulgaria,2023,False,gdp_usd_2021_m,89363.0
BG,Bulgaria,2024,False,gdp_usd_2021_m,92390.0
BG,Bulgaria,2025,True,gdp_usd_2021_m,95251.0
BG,Bulgaria,2026,True,gdp_usd_2021_m,97631.0
CA,Canada,2014,False,gdp_usd_2021_m,1832181.0
CA,Canada,2015,False,gdp_usd_2021_m,1844090.0
CA,Canada,2016,False,gdp_usd_2021_m,1863242.0
CA,Canada,2017,False,gdp_usd_2021_m,1919769.0
CA,Canada,2018,False,gdp_usd_2021_m,1972428.0
CA,Canada,2019,False,gdp_usd_2021_m,2010070.0
CA,Canada,2020,False,gdp_usd_2021_m,1908798.0
CA,Canada,2021,False,gdp_usd_2021_m,2022382.0
CA,Canada,2022,False,gdp_usd_2021_m,2117341.0
CA,Canada,2023,False,gdp_usd_2021_m,2158695.0
CA,Canada,2024,False,gdp_usd_2021_m,2202867.0
CA,Canada,2025,True,gdp_usd_2021_m,2241257.0
CA,Canada,2026,True,gdp_usd_2021_m,2267180.0
CZ,Cechia,2014,False,gdp_usd_2021_m,244859.0
CZ,Cechia,2015,False,gdp_usd_2021_m,257169.0
CZ,Cechia,2016,False,gdp_usd_2021_m,263584.0
CZ,Cechia,2017,False,gdp_usd_2021_m,277679.0
CZ,Cechia,2018,False,gdp_usd_2021_m,285499.0
CZ,Cechia,2019,False,gdp_usd_2021_m,295512.0
CZ,Cechia,2020,False,gdp_usd_2021_m,279785.0
CZ,Cechia,2021,False,gdp_usd_2021_m,290894.0
CZ,Cechia,2022,False,gdp_usd_2021_m,299185.0
CZ,Cechia,2023,False,gdp_usd_2021_m,299696.0
CZ,Cechia,2024,False,gdp_usd_2021_m,303075.0
CZ,Cechia,2025,True,gdp_usd_2021_m,311099.0
CZ,Cechia,2026,True,gdp_usd_2021_m,316868.0
DE,Germania,2014,False,gdp_usd_2021_m,4016108.0
DE,Germania,2015,False,gdp_usd_2021_m,4073040.0
DE,Germania,2016,False,gdp_usd_2021_m,4160064.0
DE,Germania,2017,False,gdp_usd_2021_m,4289028.0
DE,Germania,2018,False,gdp_usd_2021_m,4338306.0
DE,Germania,2019,False,gdp_usd_2021_m,4382133.0
DE,Germania,2020,False,gdp_usd_2021_m,4185542.0
DE,Germania,2021,False,gdp_usd_2021_m,4347323.0
DE,Germania,2022,False,gdp_usd_2021_m,4429315.0
DE,Germania,2023,False,gdp_usd_2021_m,4399433.0
DE,Germania,2024,False,gdp_usd_2021_m,4378673.0
DE,Germania,2025,True,gdp_usd_2021_m,4393771.0
DE,Germania,2026,True,gdp_usd_2021_m,4422594.0
DK,Danimarca,2014,False,gdp_usd_2021_m,345506.0
DK,Danimarca,2015,False,gdp_usd_2021_m,352776.0
DK,Danimarca,2016,False,gdp_usd_2021_m,363617.0
DK,Danimarca,2017,False,gdp_usd_2021_m,374731.0
DK,Danimarca,2018,False,gdp_usd_2021_m,381701.0
DK,Danimarca,2019,False,gdp_usd_2021_m,388234.0
DK,Danimarca,2020,False,gdp_usd_2021_m,381323.0
DK,Danimarca,2021,False,gdp_usd_2021_m,406110.0
DK,Danimarca,2022,False,gdp_usd_2021_m,407913.0
DK,Danimarca,2023,False,gdp_usd_2021_m,410379.0
DK,Danimarca,2024,False,gdp_usd_2021_m,424651.0
DK,Danimarca,2025,True,gdp_usd_2021_m,437087.0
DK,Danimarca,2026,True,gdp_usd_2021_m,448224.0
EE,Estonia,2014,False,gdp_usd_2021_m,29542.0
EE,Estonia,2015,False,gdp_usd_2021_m,30217.0
EE,Estonia,2016,False,gdp_usd_2021_m,31133.0
EE,Estonia,2017,False,gdp_usd_2021_m,32787.0
EE,Estonia,2018,False,gdp_usd_2021_m,34013.0
EE,Estonia,2019,False,gdp_usd_2021_m,35258.0
EE,Estonia,2020,False,gdp_usd_2021_m,34369.0
EE,Estonia,2021,False,gdp_usd_2021_m,37174.0
EE,Estonia,2022,False,gdp_usd_2021_m,36731.0
EE,Estonia,2023,False,gdp_usd_2021_m,35697.0
EE,Estonia,2024,False,gdp_usd_2021_m,35661.0
EE,Estonia,2025,True,gdp_usd_2021_m,35847.0
EE,Estonia,2026,True,gdp_usd_2021_m,36499.0
EL,Grecia,2014,False,gdp_usd_2021_m,209568.0
EL,Grecia,2015,False,gdp_usd_2021_m,209089.0
EL,Grecia,2016,False,gdp_usd_2021_m,209023.0
EL,Grecia,2017,False,gdp_usd_2021_m,212102.0
EL,Grecia,2018,False,gdp_usd_2021_m,216481.0
EL,Grecia,2019,False,gdp_usd_2021_m,221411.0
EL,Grecia,2020,False,gdp_usd_2021_m,201049.0
EL,Grecia,2021,False,gdp_usd_2021_m,218449.0
EL,Grecia,2022,False,gdp_usd_2021_m,230512.0
EL,Grecia,2023,False,gdp_usd_2021_m,235435.0
EL,Grecia,2024,False,gdp_usd_2021_m,240348.0
EL,Grecia,2025,True,gdp_usd_2021_m,245330.0
EL,Grecia,2026,True,gdp_usd_2021_m,249934.0
ES,Spagna,2014,False,gdp_usd_2021_m,1337681.0
ES,Spagna,2015,False,gdp_usd_2021_m,1392003.0
ES,Spagna,2016,False,gdp_usd_2021_m,1432581.0
ES,Spagna,2017,False,gdp_usd_2021_m,1474070.0
ES,Spagna,2018,False,gdp_usd_2021_m,1509380.0
ES,Spagna,2019,False,gdp_usd_2021_m,1538983.0
ES,Spagna,2020,False,gdp_usd_2021_m,1370616.0
ES,Spagna,2021,False,gdp_usd_2021_m,1462216.0
ES,Spagna,2022,False,gdp_usd_2021_m,1555365.0
ES,Spagna,2023,False,gdp_usd_2021_m,1593639.0
ES,Spagna,2024,False,gdp_usd_2021_m,1648704.0
ES,Spagna,2025,True,gdp_usd_2021_m,1695280.0
ES,Spagna,2026,True,gdp_usd_2021_m,1732435.0
FI,Finlandia,2014,False,gdp_usd_2021_m,269342.0
FI,Finlandia,2015,False,gdp_usd_2021_m,270598.0
FI,Finlandia,2016,False,gdp_usd_2021_m,277558.0
FI,Finlandia,2017,False,gdp_usd_2021_m,286729.0
FI,Finlandia,2018,False,gdp_usd_2021_m,290150.0
FI,Finlandia,2019,False,gdp_usd_2021_m,294066.0
FI,Finlandia,2020,False,gdp_usd_2021_m,286743.0
FI,Finlandia,2021,False,gdp_usd_2021_m,294419.0
FI,Finlandia,2022,False,gdp_usd_2021_m,296665.0
FI,Finlandia,2023,False,gdp_usd_2021_m,292839.0
FI,Finlandia,2024,False,gdp_usd_2021_m,293935.0
FI,Finlandia,2025,True,gdp_usd_2021_m,294442.0
FI,Finlandia,2026,True,gdp_usd_2021_m,296892.0
FR,Francia,2014,False,gdp_usd_2021_m,2784060.0
FR,Francia,2015,False,gdp_usd_2021_m,2811830.0
FR,Francia,2016,False,gdp_usd_2021_m,2832408.0
FR,Francia,2017,False,gdp_usd_2021_m,2896769.0
FR,Francia,2018,False,gdp_usd_2021_m,2942829.0
FR,Francia,2019,False,gdp_usd_2021_m,3004487.0
FR,Francia,2020,False,gdp_usd_2021_m,2775909.0
FR,Francia,2021,False,gdp_usd_2021_m,2964643.0
FR,Francia,2022,False,gdp_usd_2021_m,3047569.0
FR,Francia,2023,False,gdp_usd_2021_m,3096966.0
FR,Francia,2024,False,gdp_usd_2021_m,3131175.0
FR,Francia,2025,True,gdp_usd_2021_m,3160589.0
FR,Francia,2026,True,gdp_usd_2021_m,3181189.0
HR,Croazia,2014,False,gdp_usd_2021_m,57632.0
HR,Croazia,2015,False,gdp_usd_2021_m,58969.0
HR,Croazia,2016,False,gdp_usd_2021_m,61014.0
HR,Croazia,2017,False,gdp_usd_2021_m,63017.0
HR,Croazia,2018,False,gdp_usd_2021_m,64852.0
HR,Croazia,2019,False,gdp_usd_2021_m,66863.0
HR,Croazia,2020,False,gdp_usd_2021_m,61306.0
HR,Croazia,2021,False,gdp_usd_2021_m,69051.0
HR,Croazia,2022,False,gdp_usd_2021_m,74087.0
HR,Croazia,2023,False,gdp_usd_2021_m,76874.0
HR,Croazia,2024,False,gdp_usd_2021_m,79816.0
HR,Croazia,2025,True,gdp_usd_2021_m,82532.0
HR,Croazia,2026,True,gdp_usd_2021_m,84719.0
HU,Ungheria,2014,False,gdp_usd_2021_m,145638.0
HU,Ungheria,2015,False,gdp_usd_2021_m,150968.0
HU,Ungheria,2016,False,gdp_usd_2021_m,154650.0
HU,Ungheria,2017,False,gdp_usd_2021_m,161028.0
HU,Ungheria,2018,False,gdp_usd_2021_m,170055.0
HU,Ungheria,2019,False,gdp_usd_2021_m,178689.0
HU,Ungheria,2020,False,gdp_usd_2021_m,170936.0
HU,Ungheria,2021,False,gdp_usd_2021_m,183283.0
HU,Ungheria,2022,False,gdp_usd_2021_m,190894.0
HU,Ungheria,2023,False,gdp_usd_2021_m,189334.0
HU,Ungheria,2024,False,gdp_usd_2021_m,190676.0
HU,Ungheria,2025,True,gdp_usd_2021_m,191648.0
HU,Ungheria,2026,True,gdp_usd_2021_m,194626.0
IT,Italia,2014,False,gdp_usd_2021_m,2090525.0
IT,Italia,2015,False,gdp_usd_2021_m,2109040.0
IT,Italia,2016,False,gdp_usd_2021_m,2135113.0
IT,Italia,2017,False,gdp_usd_2021_m,2169355.0
IT,Italia,2018,False,gdp_usd_2021_m,2187287.0
IT,Italia,2019,False,gdp_usd_2021_m,2196673.0
IT,Italia,2020,False,gdp_usd_2021_m,2001869.0
IT,Italia,2021,False,gdp_usd_2021_m,2180656.0
IT,Italia,2022,False,gdp_usd_2021_m,2285788.0
IT,Italia,2023,False,gdp_usd_2021_m,2306881.0
IT,Italia,2024,False,gdp_usd_2021_m,2324945.0
IT,Italia,2025,True,gdp_usd_2021_m,2337490.0
IT,Italia,2026,True,gdp_usd_2021_m,2349884.0
LT,Lituania,2014,False,gdp_usd_2021_m,51982.0
LT,Lituania,2015,False,gdp_usd_2021_m,53455.0
LT,Lituania,2016,False,gdp_usd_2021_m,54883.0
LT,Lituania,2017,False,gdp_usd_2021_m,57414.0
LT,Lituania,2018,False,gdp_usd_2021_m,60238.0
LT,Lituania,2019,False,gdp_usd_2021_m,63056.0
LT,Lituania,2020,False,gdp_usd_2021_m,63083.0
LT,Lituania,2021,False,gdp_usd_2021_m,67117.0
LT,Lituania,2022,False,gdp_usd_2021_m,68771.0
LT,Lituania,2023,False,gdp_usd_2021_m,69280.0
LT,Lituania,2024,False,gdp_usd_2021_m,71379.0
LT,Lituania,2025,True,gdp_usd_2021_m,73464.0
LT,Lituania,2026,True,gdp_usd_2021_m,75550.0
LU,Lussemburgo,2014,False,gdp_usd_2021_m,71327.0
LU,Lussemburgo,2015,False,gdp_usd_2021_m,72955.0
LU,Lussemburgo,2016,False,gdp_usd_2021_m,76596.0
LU,Lussemburgo,2017,False,gdp_usd_2021_m,77615.0
LU,Lussemburgo,2018,False,gdp_usd_2021_m,78893.0
LU,Lussemburgo,2019,False,gdp_usd_2021_m,81070.0
LU,Lussemburgo,2020,False,gdp_usd_2021_m,80678.0
LU,Lussemburgo,2021,False,gdp_usd_2021_m,86269.0
LU,Lussemburgo,2022,False,gdp_usd_2021_m,85331.0
LU,Lussemburgo,2023,False,gdp_usd_2021_m,58042.0
LU,Lussemburgo,2024,False,gdp_usd_2021_m,56171.0
LU,Lussemburgo,2025,True,gdp_usd_2021_m,57784.0
LU,Lussemburgo,2026,True,gdp_usd_2021_m,58405.0
LV,Lettonia,2014,False,gdp_usd_2021_m,32027.0
LV,Lettonia,2015,False,gdp_usd_2021_m,33238.0
LV,Lettonia,2016,False,gdp_usd_2021_m,34086.0
LV,Lettonia,2017,False,gdp_usd_2021_m,35245.0
LV,Lettonia,2018,False,gdp_usd_2021_m,36764.0
LV,Lettonia,2019,False,gdp_usd_2021_m,37012.0
LV,Lettonia,2020,False,gdp_usd_2021_m,35728.0
LV,Lettonia,2021,False,gdp_usd_2021_m,38209.0
LV,Lettonia,2022,False,gdp_usd_2021_m,38938.0
LV,Lettonia,2023,False,gdp_usd_2021_m,38571.0
LV,Lettonia,2024,False,gdp_usd_2021_m,38557.0
LV,Lettonia,2025,True,gdp_usd_2021_m,39381.0
LV,Lettonia,2026,True,gdp_usd_2021_m,40124.0
ME,Montenegro,2014,False,gdp_usd_2021_m,5066.0
ME,Montenegro,2015,False,gdp_usd_2021_m,5194.0
ME,Montenegro,2016,False,gdp_usd_2021_m,5373.0
ME,Montenegro,2017,False,gdp_usd_2021_m,5546.0
ME,Montenegro,2018,False,gdp_usd_2021_m,5808.0
ME,Montenegro,2019,False,gdp_usd_2021_m,6063.0
ME,Montenegro,2020,False,gdp_usd_2021_m,5154.0
ME,Montenegro,2021,False,gdp_usd_2021_m,5827.0
ME,Montenegro,2022,False,gdp_usd_2021_m,6278.0
ME,Montenegro,2023,False,gdp_usd_2021_m,6684.0
ME,Montenegro,2024,False,gdp_usd_2021_m,6896.0
ME,Montenegro,2025,True,gdp_usd_2021_m,7085.0
ME,Montenegro,2026,True,gdp_usd_2021_m,7283.0
MK,Macedonia del Nord,2014,False,gdp_usd_2021_m,12184.0
MK,Macedonia del Nord,2015,False,gdp_usd_2021_m,12653.0
MK,Macedonia del Nord,2016,False,gdp_usd_2021_m,13014.0
MK,Macedonia del Nord,2017,False,gdp_usd_2021_m,13155.0
MK,Macedonia del Nord,2018,False,gdp_usd_2021_m,13534.0
MK,Macedonia del Nord,2019,False,gdp_usd_2021_m,14063.0
MK,Macedonia del Nord,2020,False,gdp_usd_2021_m,13403.0
MK,Macedonia del Nord,2021,False,gdp_usd_2021_m,14008.0
MK,Macedonia del Nord,2022,False,gdp_usd_2021_m,14394.0
MK,Macedonia del Nord,2023,False,gdp_usd_2021_m,14762.0
MK,Macedonia del Nord,2024,False,gdp_usd_2021_m,15204.0
MK,Macedonia del Nord,2025,True,gdp_usd_2021_m,15734.0
MK,Macedonia del Nord,2026,True,gdp_usd_2021_m,16239.0
NATO_EUR_CAN,NATO Europa e Canada,2014,False,gdp_usd_2021_m,19961594.0
NATO_EUR_CAN,NATO Europa e Canada,2015,False,gdp_usd_2021_m,20339266.0
NATO_EUR_CAN,NATO Europa e Canada,2016,False,gdp_usd_2021_m,20721760.0
NATO_EUR_CAN,NATO Europa e Canada,2017,False,gdp_usd_2021_m,21353786.0
NATO_EUR_CAN,NATO Europa e Canada,2018,False,gdp_usd_2021_m,21772008.0
NATO_EUR_CAN,NATO Europa e Canada,2019,False,gdp_usd_2021_m,22142077.0
NATO_EUR_CAN,NATO Europa e Canada,2020,False,gdp_usd_2021_m,20759642.0
NATO_EUR_CAN,NATO Europa e Canada,2021,False,gdp_usd_2021_m,22133272.0
NATO_EUR_CAN,NATO Europa e Canada,2022,False,gdp_usd_2021_m,23012946.0
NATO_EUR_CAN,NATO Europa e Canada,2023,False,gdp_usd_2021_m,23490174.0
NATO_EUR_CAN,NATO Europa e Canada,2024,False,gdp_usd_2021_m,24424846.0
NATO_EUR_CAN,NATO Europa e Canada,2025,True,gdp_usd_2021_m,24767531.0
NATO_EUR_CAN,NATO Europa e Canada,2026,True,gdp_usd_2021_m,25055621.0
NATO_TOTAL,NATO totale,2014,False,gdp_usd_2021_m,40083402.0
NATO_TOTAL,NATO totale,2015,False,gdp_usd_2021_m,41053772.0
NATO_TOTAL,NATO totale,2016,False,gdp_usd_2021_m,41813156.0
NATO_TOTAL,NATO totale,2017,False,gdp_usd_2021_m,42963530.0
NATO_TOTAL,NATO totale,2018,False,gdp_usd_2021_m,44022804.0
NATO_TOTAL,NATO totale,2019,False,gdp_usd_2021_m,44967796.0
NATO_TOTAL,NATO totale,2020,False,gdp_usd_2021_m,43110272.0
NATO_TOTAL,NATO totale,2021,False,gdp_usd_2021_m,45858917.0
NATO_TOTAL,NATO totale,2022,False,gdp_usd_2021_m,47337478.0
NATO_TOTAL,NATO totale,2023,False,gdp_usd_2021_m,48528475.0
NATO_TOTAL,NATO totale,2024,False,gdp_usd_2021_m,50162514.0
NATO_TOTAL,NATO totale,2025,True,gdp_usd_2021_m,51047322.0
NATO_TOTAL,NATO totale,2026,True,gdp_usd_2021_m,51847884.0
NL,Paesi Bassi,2014,False,gdp_usd_2021_m,918542.0
NL,Paesi Bassi,2015,False,gdp_usd_2021_m,937810.0
NL,Paesi Bassi,2016,False,gdp_usd_2021_m,960501.0
NL,Paesi Bassi,2017,False,gdp_usd_2021_m,987216.0
NL,Paesi Bassi,2018,False,gdp_usd_2021_m,1009458.0
NL,Paesi Bassi,2019,False,gdp_usd_2021_m,1032623.0
NL,Paesi Bassi,2020,False,gdp_usd_2021_m,993089.0
NL,Paesi Bassi,2021,False,gdp_usd_2021_m,1054717.0
NL,Paesi Bassi,2022,False,gdp_usd_2021_m,1107578.0
NL,Paesi Bassi,2023,False,gdp_usd_2021_m,1101094.0
NL,Paesi Bassi,2024,False,gdp_usd_2021_m,1112830.0
NL,Paesi Bassi,2025,True,gdp_usd_2021_m,1132803.0
NL,Paesi Bassi,2026,True,gdp_usd_2021_m,1143884.0
NO,Norvegia,2014,False,gdp_usd_2021_m,466351.0
NO,Norvegia,2015,False,gdp_usd_2021_m,475885.0
NO,Norvegia,2016,False,gdp_usd_2021_m,482031.0
NO,Norvegia,2017,False,gdp_usd_2021_m,494900.0
NO,Norvegia,2018,False,gdp_usd_2021_m,500395.0
NO,Norvegia,2019,False,gdp_usd_2021_m,507750.0
NO,Norvegia,2020,False,gdp_usd_2021_m,500841.0
NO,Norvegia,2021,False,gdp_usd_2021_m,521592.0
NO,Norvegia,2022,False,gdp_usd_2021_m,542875.0
NO,Norvegia,2023,False,gdp_usd_2021_m,544790.0
NO,Norvegia,2024,False,gdp_usd_2021_m,552546.0
NO,Norvegia,2025,True,gdp_usd_2021_m,558543.0
NO,Norvegia,2026,True,gdp_usd_2021_m,565852.0
PL,Polonia,2014,False,gdp_usd_2021_m,523995.0
PL,Polonia,2015,False,gdp_usd_2021_m,546509.0
PL,Polonia,2016,False,gdp_usd_2021_m,563929.0
PL,Polonia,2017,False,gdp_usd_2021_m,593656.0
PL,Polonia,2018,False,gdp_usd_2021_m,630095.0
PL,Polonia,2019,False,gdp_usd_2021_m,658644.0
PL,Polonia,2020,False,gdp_usd_2021_m,644817.0
PL,Polonia,2021,False,gdp_usd_2021_m,689101.0
PL,Polonia,2022,False,gdp_usd_2021_m,727363.0
PL,Polonia,2023,False,gdp_usd_2021_m,728529.0
PL,Polonia,2024,False,gdp_usd_2021_m,751117.0
PL,Polonia,2025,True,gdp_usd_2021_m,778397.0
PL,Polonia,2026,True,gdp_usd_2021_m,802068.0
PT,Portogallo,2014,False,gdp_usd_2021_m,233509.0
PT,Portogallo,2015,False,gdp_usd_2021_m,237221.0
PT,Portogallo,2016,False,gdp_usd_2021_m,241976.0
PT,Portogallo,2017,False,gdp_usd_2021_m,249997.0
PT,Portogallo,2018,False,gdp_usd_2021_m,257362.0
PT,Portogallo,2019,False,gdp_usd_2021_m,264429.0
PT,Portogallo,2020,False,gdp_usd_2021_m,242733.0
PT,Portogallo,2021,False,gdp_usd_2021_m,256226.0
PT,Portogallo,2022,False,gdp_usd_2021_m,274126.0
PT,Portogallo,2023,False,gdp_usd_2021_m,282623.0
PT,Portogallo,2024,False,gdp_usd_2021_m,288882.0
PT,Portogallo,2025,True,gdp_usd_2021_m,294269.0
PT,Portogallo,2026,True,gdp_usd_2021_m,299447.0
RO,Romania,2014,False,gdp_usd_2021_m,222806.0
RO,Romania,2015,False,gdp_usd_2021_m,229840.0
RO,Romania,2016,False,gdp_usd_2021_m,236413.0
RO,Romania,2017,False,gdp_usd_2021_m,255788.0
RO,Romania,2018,False,gdp_usd_2021_m,269587.0
RO,Romania,2019,False,gdp_usd_2021_m,280263.0
RO,Romania,2020,False,gdp_usd_2021_m,270179.0
RO,Romania,2021,False,gdp_usd_2021_m,285275.0
RO,Romania,2022,False,gdp_usd_2021_m,297222.0
RO,Romania,2023,False,gdp_usd_2021_m,303932.0
RO,Romania,2024,False,gdp_usd_2021_m,306716.0
RO,Romania,2025,True,gdp_usd_2021_m,308795.0
RO,Romania,2026,True,gdp_usd_2021_m,308389.0
SE,Svezia,2014,False,gdp_usd_2021_m,541174.0
SE,Svezia,2015,False,gdp_usd_2021_m,563175.0
SE,Svezia,2016,False,gdp_usd_2021_m,573803.0
SE,Svezia,2017,False,gdp_usd_2021_m,586224.0
SE,Svezia,2018,False,gdp_usd_2021_m,597193.0
SE,Svezia,2019,False,gdp_usd_2021_m,612868.0
SE,Svezia,2020,False,gdp_usd_2021_m,599928.0
SE,Svezia,2021,False,gdp_usd_2021_m,629955.0
SE,Svezia,2022,False,gdp_usd_2021_m,638203.0
SE,Svezia,2023,False,gdp_usd_2021_m,638365.0
SE,Svezia,2024,False,gdp_usd_2021_m,644591.0
SE,Svezia,2025,True,gdp_usd_2021_m,656246.0
SE,Svezia,2026,True,gdp_usd_2021_m,668708.0
SI,Slovenia,2014,False,gdp_usd_2021_m,49400.0
SI,Slovenia,2015,False,gdp_usd_2021_m,50582.0
SI,Slovenia,2016,False,gdp_usd_2021_m,52117.0
SI,Slovenia,2017,False,gdp_usd_2021_m,54814.0
SI,Slovenia,2018,False,gdp_usd_2021_m,57214.0
SI,Slovenia,2019,False,gdp_usd_2021_m,59220.0
SI,Slovenia,2020,False,gdp_usd_2021_m,56801.0
SI,Slovenia,2021,False,gdp_usd_2021_m,61582.0
SI,Slovenia,2022,False,gdp_usd_2021_m,63225.0
SI,Slovenia,2023,False,gdp_usd_2021_m,64727.0
SI,Slovenia,2024,False,gdp_usd_2021_m,65848.0
SI,Slovenia,2025,True,gdp_usd_2021_m,66546.0
SI,Slovenia,2026,True,gdp_usd_2021_m,67829.0
SK,Slovacchia,2014,False,gdp_usd_2021_m,99799.0
SK,Slovacchia,2015,False,gdp_usd_2021_m,104965.0
SK,Slovacchia,2016,False,gdp_usd_2021_m,107010.0
SK,Slovacchia,2017,False,gdp_usd_2021_m,110086.0
SK,Slovacchia,2018,False,gdp_usd_2021_m,114558.0
SK,Slovacchia,2019,False,gdp_usd_2021_m,117165.0
SK,Slovacchia,2020,False,gdp_usd_2021_m,114136.0
SK,Slovacchia,2021,False,gdp_usd_2021_m,120591.0
SK,Slovacchia,2022,False,gdp_usd_2021_m,121248.0
SK,Slovacchia,2023,False,gdp_usd_2021_m,123810.0
SK,Slovacchia,2024,False,gdp_usd_2021_m,126210.0
SK,Slovacchia,2025,True,gdp_usd_2021_m,127229.0
SK,Slovacchia,2026,True,gdp_usd_2021_m,128129.0
TR,Turchia,2014,False,gdp_usd_2021_m,588517.0
TR,Turchia,2015,False,gdp_usd_2021_m,622683.0
TR,Turchia,2016,False,gdp_usd_2021_m,643379.0
TR,Turchia,2017,False,gdp_usd_2021_m,693729.0
TR,Turchia,2018,False,gdp_usd_2021_m,717789.0
TR,Turchia,2019,False,gdp_usd_2021_m,727132.0
TR,Turchia,2020,False,gdp_usd_2021_m,740242.0
TR,Turchia,2021,False,gdp_usd_2021_m,827673.0
TR,Turchia,2022,False,gdp_usd_2021_m,872709.0
TR,Turchia,2023,False,gdp_usd_2021_m,916738.0
TR,Turchia,2024,False,gdp_usd_2021_m,947243.0
TR,Turchia,2025,True,gdp_usd_2021_m,981388.0
TR,Turchia,2026,True,gdp_usd_2021_m,1011506.0
UK,Regno Unito,2014,False,gdp_usd_2021_m,2959257.0
UK,Regno Unito,2015,False,gdp_usd_2021_m,3022597.0
UK,Regno Unito,2016,False,gdp_usd_2021_m,3089292.0
UK,Regno Unito,2017,False,gdp_usd_2021_m,3182688.0
UK,Regno Unito,2018,False,gdp_usd_2021_m,3232062.0
UK,Regno Unito,2019,False,gdp_usd_2021_m,3272666.0
UK,Regno Unito,2020,False,gdp_usd_2021_m,2943832.0
UK,Regno Unito,2021,False,gdp_usd_2021_m,3195327.0
UK,Regno Unito,2022,False,gdp_usd_2021_m,3359877.0
UK,Regno Unito,2023,False,gdp_usd_2021_m,3369004.0
UK,Regno Unito,2024,False,gdp_usd_2021_m,3404028.0
UK,Regno Unito,2025,True,gdp_usd_2021_m,3451095.0
UK,Regno Unito,2026,True,gdp_usd_2021_m,3480654.0
US,Stati Uniti,2014,False,gdp_usd_2021_m,20121808.0
US,Stati Uniti,2015,False,gdp_usd_2021_m,20714506.0
US,Stati Uniti,2016,False,gdp_usd_2021_m,21091396.0
US,Stati Uniti,2017,False,gdp_usd_2021_m,21609743.0
US,Stati Uniti,2018,False,gdp_usd_2021_m,22250796.0
US,Stati Uniti,2019,False,gdp_usd_2021_m,22825719.0
US,Stati Uniti,2020,False,gdp_usd_2021_m,22350630.0
US,Stati Uniti,2021,False,gdp_usd_2021_m,23725646.0
US,Stati Uniti,2022,False,gdp_usd_2021_m,24324532.0
US,Stati Uniti,2023,False,gdp_usd_2021_m,25038301.0
US,Stati Uniti,2024,False,gdp_usd_2021_m,25737668.0
US,Stati Uniti,2025,True,gdp_usd_2021_m,26279790.0
US,Stati Uniti,2026,True,gdp_usd_2021_m,26792263.0
AL,Albania,2014,False,gdp_usd_current_m,13314.0
AL,Albania,2015,False,gdp_usd_current_m,11472.0
AL,Albania,2016,False,gdp_usd_current_m,11989.0
AL,Albania,2017,False,gdp_usd_current_m,13292.0
AL,Albania,2018,False,gdp_usd_current_m,15380.0
AL,Albania,2019,False,gdp_usd_current_m,15582.0
AL,Albania,2020,False,gdp_usd_current_m,15271.0
AL,Albania,2021,False,gdp_usd_current_m,17985.0
AL,Albania,2022,False,gdp_usd_current_m,19189.0
AL,Albania,2023,False,gdp_usd_current_m,23633.0
AL,Albania,2024,False,gdp_usd_current_m,27084.0
AL,Albania,2025,True,gdp_usd_current_m,30446.0
AL,Albania,2026,True,gdp_usd_current_m,33644.0
BE,Belgio,2014,False,gdp_usd_current_m,538126.0
BE,Belgio,2015,False,gdp_usd_current_m,461091.0
BE,Belgio,2016,False,gdp_usd_current_m,474141.0
BE,Belgio,2017,False,gdp_usd_current_m,500732.0
BE,Belgio,2018,False,gdp_usd_current_m,542885.0
BE,Belgio,2019,False,gdp_usd_current_m,536786.0
BE,Belgio,2020,False,gdp_usd_current_m,529270.0
BE,Belgio,2021,False,gdp_usd_current_m,598920.0
BE,Belgio,2022,False,gdp_usd_current_m,591940.0
BE,Belgio,2023,False,gdp_usd_current_m,650967.0
BE,Belgio,2024,False,gdp_usd_current_m,670781.0
BE,Belgio,2025,True,gdp_usd_current_m,725055.0
BE,Belgio,2026,True,gdp_usd_current_m,782936.0
BG,Bulgaria,2014,False,gdp_usd_current_m,57172.0
BG,Bulgaria,2015,False,gdp_usd_current_m,50818.0
BG,Bulgaria,2016,False,gdp_usd_current_m,53948.0
BG,Bulgaria,2017,False,gdp_usd_current_m,59288.0
BG,Bulgaria,2018,False,gdp_usd_current_m,66163.0
BG,Bulgaria,2019,False,gdp_usd_current_m,68513.0
BG,Bulgaria,2020,False,gdp_usd_current_m,70595.0
BG,Bulgaria,2021,False,gdp_usd_current_m,84437.0
BG,Bulgaria,2022,False,gdp_usd_current_m,90716.0
BG,Bulgaria,2023,False,gdp_usd_current_m,102236.0
BG,Bulgaria,2024,False,gdp_usd_current_m,113364.0
BG,Bulgaria,2025,True,gdp_usd_current_m,131024.0
BG,Bulgaria,2026,True,gdp_usd_current_m,142928.0
CA,Canada,2014,False,gdp_usd_current_m,1805751.0
CA,Canada,2015,False,gdp_usd_current_m,1556508.0
CA,Canada,2016,False,gdp_usd_current_m,1527996.0
CA,Canada,2017,False,gdp_usd_current_m,1649266.0
CA,Canada,2018,False,gdp_usd_current_m,1725300.0
CA,Canada,2019,False,gdp_usd_current_m,1743725.0
CA,Canada,2020,False,gdp_usd_current_m,1655685.0
CA,Canada,2021,False,gdp_usd_current_m,2022382.0
CA,Canada,2022,False,gdp_usd_current_m,2200567.0
CA,Canada,2023,False,gdp_usd_current_m,2196594.0
CA,Canada,2024,False,gdp_usd_current_m,2270076.0
CA,Canada,2025,True,gdp_usd_current_m,2319900.0
CA,Canada,2026,True,gdp_usd_current_m,2464958.0
CZ,Cechia,2014,False,gdp_usd_current_m,210863.0
CZ,Cechia,2015,False,gdp_usd_current_m,189191.0
CZ,Cechia,2016,False,gdp_usd_current_m,198082.0
CZ,Cechia,2017,False,gdp_usd_current_m,221824.0
CZ,Cechia,2018,False,gdp_usd_current_m,252250.0
CZ,Cechia,2019,False,gdp_usd_current_m,256908.0
CZ,Cechia,2020,False,gdp_usd_current_m,251183.0
CZ,Cechia,2021,False,gdp_usd_current_m,290894.0
CZ,Cechia,2022,False,gdp_usd_current_m,301769.0
CZ,Cechia,2023,False,gdp_usd_current_m,345431.0
CZ,Cechia,2024,False,gdp_usd_current_m,347007.0
CZ,Cechia,2025,True,gdp_usd_current_m,391196.0
CZ,Cechia,2026,True,gdp_usd_current_m,434002.0
DE,Germania,2014,False,gdp_usd_current_m,3972092.0
DE,Germania,2015,False,gdp_usd_current_m,3422478.0
DE,Germania,2016,False,gdp_usd_current_m,3530033.0
DE,Germania,2017,False,gdp_usd_current_m,3768723.0
DE,Germania,2018,False,gdp_usd_current_m,4062913.0
DE,Germania,2019,False,gdp_usd_current_m,3967280.0
DE,Germania,2020,False,gdp_usd_current_m,3930378.0
DE,Germania,2021,False,gdp_usd_current_m,4347323.0
DE,Germania,2022,False,gdp_usd_current_m,4197365.0
DE,Germania,2023,False,gdp_usd_current_m,4565113.0
DE,Germania,2024,False,gdp_usd_current_m,4686831.0
DE,Germania,2025,True,gdp_usd_current_m,5056631.0
DE,Germania,2026,True,gdp_usd_current_m,5455980.0
DK,Danimarca,2014,False,gdp_usd_current_m,352833.0
DK,Danimarca,2015,False,gdp_usd_current_m,301759.0
DK,Danimarca,2016,False,gdp_usd_current_m,312182.0
DK,Danimarca,2017,False,gdp_usd_current_m,331611.0
DK,Danimarca,2018,False,gdp_usd_current_m,355293.0
DK,Danimarca,2019,False,gdp_usd_current_m,345402.0
DK,Danimarca,2020,False,gdp_usd_current_m,355631.0
DK,Danimarca,2021,False,gdp_usd_current_m,406110.0
DK,Danimarca,2022,False,gdp_usd_current_m,400115.0
DK,Danimarca,2023,False,gdp_usd_current_m,404652.0
DK,Danimarca,2024,False,gdp_usd_current_m,424525.0
DK,Danimarca,2025,True,gdp_usd_current_m,462526.0
DK,Danimarca,2026,True,gdp_usd_current_m,504483.0
EE,Estonia,2014,False,gdp_usd_current_m,27048.0
EE,Estonia,2015,False,gdp_usd_current_m,23303.0
EE,Estonia,2016,False,gdp_usd_current_m,24545.0
EE,Estonia,2017,False,gdp_usd_current_m,27427.0
EE,Estonia,2018,False,gdp_usd_current_m,31192.0
EE,Estonia,2019,False,gdp_usd_current_m,31842.0
EE,Estonia,2020,False,gdp_usd_current_m,31783.0
EE,Estonia,2021,False,gdp_usd_current_m,37174.0
EE,Estonia,2022,False,gdp_usd_current_m,38219.0
EE,Estonia,2023,False,gdp_usd_current_m,41481.0
EE,Estonia,2024,False,gdp_usd_current_m,43099.0
EE,Estonia,2025,True,gdp_usd_current_m,46988.0
EE,Estonia,2026,True,gdp_usd_current_m,51802.0
EL,Grecia,2014,False,gdp_usd_current_m,233972.0
EL,Grecia,2015,False,gdp_usd_current_m,194587.0
EL,Grecia,2016,False,gdp_usd_current_m,193044.0
EL,Grecia,2017,False,gdp_usd_current_m,200310.0
EL,Grecia,2018,False,gdp_usd_current_m,213396.0
EL,Grecia,2019,False,gdp_usd_current_m,207329.0
EL,Grecia,2020,False,gdp_usd_current_m,191210.0
EL,Grecia,2021,False,gdp_usd_current_m,218449.0
EL,Grecia,2022,False,gdp_usd_current_m,218162.0
EL,Grecia,2023,False,gdp_usd_current_m,243016.0
EL,Grecia,2024,False,gdp_usd_current_m,256161.0
EL,Grecia,2025,True,gdp_usd_current_m,280476.0
EL,Grecia,2026,True,gdp_usd_current_m,308783.0
ES,Spagna,2014,False,gdp_usd_current_m,1380600.0
ES,Spagna,2015,False,gdp_usd_current_m,1206286.0
ES,Spagna,2016,False,gdp_usd_current_m,1242674.0
ES,Spagna,2017,False,gdp_usd_current_m,1321288.0
ES,Spagna,2018,False,gdp_usd_current_m,1432291.0
ES,Spagna,2019,False,gdp_usd_current_m,1403652.0
ES,Spagna,2020,False,gdp_usd_current_m,1288750.0
ES,Spagna,2021,False,gdp_usd_current_m,1462216.0
ES,Spagna,2022,False,gdp_usd_current_m,1449991.0
ES,Spagna,2023,False,gdp_usd_current_m,1619949.0
ES,Spagna,2024,False,gdp_usd_current_m,1725152.0
ES,Spagna,2025,True,gdp_usd_current_m,1905372.0
ES,Spagna,2026,True,gdp_usd_current_m,2088363.0
FI,Finlandia,2014,False,gdp_usd_current_m,273549.0
FI,Finlandia,2015,False,gdp_usd_current_m,233234.0
FI,Finlandia,2016,False,gdp_usd_current_m,238712.0
FI,Finlandia,2017,False,gdp_usd_current_m,253757.0
FI,Finlandia,2018,False,gdp_usd_current_m,273993.0
FI,Finlandia,2019,False,gdp_usd_current_m,267044.0
FI,Finlandia,2020,False,gdp_usd_current_m,269784.0
FI,Finlandia,2021,False,gdp_usd_current_m,294419.0
FI,Finlandia,2022,False,gdp_usd_current_m,280474.0
FI,Finlandia,2023,False,gdp_usd_current_m,295277.0
FI,Finlandia,2024,False,gdp_usd_current_m,298636.0
FI,Finlandia,2025,True,gdp_usd_current_m,316860.0
FI,Finlandia,2026,True,gdp_usd_current_m,341172.0
FR,Francia,2014,False,gdp_usd_current_m,2865683.0
FR,Francia,2015,False,gdp_usd_current_m,2444257.0
FR,Francia,2016,False,gdp_usd_current_m,2468316.0
FR,Francia,2017,False,gdp_usd_current_m,2591027.0
FR,Francia,2018,False,gdp_usd_current_m,2784679.0
FR,Francia,2019,False,gdp_usd_current_m,2726673.0
FR,Francia,2020,False,gdp_usd_current_m,2644609.0
FR,Francia,2021,False,gdp_usd_current_m,2964643.0
FR,Francia,2022,False,gdp_usd_current_m,2795685.0
FR,Francia,2023,False,gdp_usd_current_m,3061133.0
FR,Francia,2024,False,gdp_usd_current_m,3160993.0
FR,Francia,2025,True,gdp_usd_current_m,3370182.0
FR,Francia,2026,True,gdp_usd_current_m,3600188.0
HR,Croazia,2014,False,gdp_usd_current_m,59622.0
HR,Croazia,2015,False,gdp_usd_current_m,51005.0
HR,Croazia,2016,False,gdp_usd_current_m,52636.0
HR,Croazia,2017,False,gdp_usd_current_m,56162.0
HR,Croazia,2018,False,gdp_usd_current_m,61693.0
HR,Croazia,2019,False,gdp_usd_current_m,61472.0
HR,Croazia,2020,False,gdp_usd_current_m,57913.0
HR,Croazia,2021,False,gdp_usd_current_m,69051.0
HR,Croazia,2022,False,gdp_usd_current_m,71256.0
HR,Croazia,2023,False,gdp_usd_current_m,85646.0
HR,Croazia,2024,False,gdp_usd_current_m,92954.0
HR,Croazia,2025,True,gdp_usd_current_m,105001.0
HR,Croazia,2026,True,gdp_usd_current_m,117910.0
HU,Ungheria,2014,False,gdp_usd_current_m,141129.0
HU,Ungheria,2015,False,gdp_usd_current_m,125244.0
HU,Ungheria,2016,False,gdp_usd_current_m,128984.0
HU,Ungheria,2017,False,gdp_usd_current_m,143335.0
HU,Ungheria,2018,False,gdp_usd_current_m,161185.0
HU,Ungheria,2019,False,gdp_usd_current_m,164927.0
HU,Ungheria,2020,False,gdp_usd_current_m,158468.0
HU,Ungheria,2021,False,gdp_usd_current_m,183283.0
HU,Ungheria,2022,False,gdp_usd_current_m,177784.0
HU,Ungheria,2023,False,gdp_usd_current_m,213104.0
HU,Ungheria,2024,False,gdp_usd_current_m,223004.0
HU,Ungheria,2025,True,gdp_usd_current_m,248606.0
HU,Ungheria,2026,True,gdp_usd_current_m,272991.0
IT,Italia,2014,False,gdp_usd_current_m,2173816.0
IT,Italia,2015,False,gdp_usd_current_m,1845613.0
IT,Italia,2016,False,gdp_usd_current_m,1886592.0
IT,Italia,2017,False,gdp_usd_current_m,1970026.0
IT,Italia,2018,False,gdp_usd_current_m,2100386.0
IT,Italia,2019,False,gdp_usd_current_m,2019830.0
IT,Italia,2020,False,gdp_usd_current_m,1905953.0
IT,Italia,2021,False,gdp_usd_current_m,2180656.0
IT,Italia,2022,False,gdp_usd_current_m,2105724.0
IT,Italia,2023,False,gdp_usd_current_m,2317550.0
IT,Italia,2024,False,gdp_usd_current_m,2382717.0
IT,Italia,2025,True,gdp_usd_current_m,2550111.0
IT,Italia,2026,True,gdp_usd_current_m,2713512.0
LT,Lituania,2014,False,gdp_usd_current_m,48383.0
LT,Lituania,2015,False,gdp_usd_current_m,41545.0
LT,Lituania,2016,False,gdp_usd_current_m,42959.0
LT,Lituania,2017,False,gdp_usd_current_m,47740.0
LT,Lituania,2018,False,gdp_usd_current_m,54286.0
LT,Lituania,2019,False,gdp_usd_current_m,55128.0
LT,Lituania,2020,False,gdp_usd_current_m,57366.0
LT,Lituania,2021,False,gdp_usd_current_m,67117.0
LT,Lituania,2022,False,gdp_usd_current_m,70695.0
LT,Lituania,2023,False,gdp_usd_current_m,80380.0
LT,Lituania,2024,False,gdp_usd_current_m,85478.0
LT,Lituania,2025,True,gdp_usd_current_m,95156.0
LT,Lituania,2026,True,gdp_usd_current_m,105926.0
LU,Lussemburgo,2014,False,gdp_usd_current_m,68802.0
LU,Lussemburgo,2015,False,gdp_usd_current_m,60189.0
LU,Lussemburgo,2016,False,gdp_usd_current_m,62088.0
LU,Lussemburgo,2017,False,gdp_usd_current_m,65811.0
LU,Lussemburgo,2018,False,gdp_usd_current_m,71111.0
LU,Lussemburgo,2019,False,gdp_usd_current_m,69701.0
LU,Lussemburgo,2020,False,gdp_usd_current_m,73588.0
LU,Lussemburgo,2021,False,gdp_usd_current_m,86269.0
LU,Lussemburgo,2022,False,gdp_usd_current_m,81063.0
LU,Lussemburgo,2023,False,gdp_usd_current_m,60235.0
LU,Lussemburgo,2024,False,gdp_usd_current_m,60987.0
LU,Lussemburgo,2025,True,gdp_usd_current_m,67588.0
LU,Lussemburgo,2026,True,gdp_usd_current_m,73338.0
LV,Lettonia,2014,False,gdp_usd_current_m,30285.0
LV,Lettonia,2015,False,gdp_usd_current_m,26347.0
LV,Lettonia,2016,False,gdp_usd_current_m,27110.0
LV,Lettonia,2017,False,gdp_usd_current_m,29381.0
LV,Lettonia,2018,False,gdp_usd_current_m,33263.0
LV,Lettonia,2019,False,gdp_usd_current_m,33103.0
LV,Lettonia,2020,False,gdp_usd_current_m,33353.0
LV,Lettonia,2021,False,gdp_usd_current_m,38209.0
LV,Lettonia,2022,False,gdp_usd_current_m,38033.0
LV,Lettonia,2023,False,gdp_usd_current_m,42792.0
LV,Lettonia,2024,False,gdp_usd_current_m,43988.0
LV,Lettonia,2025,True,gdp_usd_current_m,48591.0
LV,Lettonia,2026,True,gdp_usd_current_m,53569.0
ME,Montenegro,2014,False,gdp_usd_current_m,4581.0
ME,Montenegro,2015,False,gdp_usd_current_m,4011.0
ME,Montenegro,2016,False,gdp_usd_current_m,4356.0
ME,Montenegro,2017,False,gdp_usd_current_m,4802.0
ME,Montenegro,2018,False,gdp_usd_current_m,5436.0
ME,Montenegro,2019,False,gdp_usd_current_m,5484.0
ME,Montenegro,2020,False,gdp_usd_current_m,4730.0
ME,Montenegro,2021,False,gdp_usd_current_m,5827.0
ME,Montenegro,2022,False,gdp_usd_current_m,6265.0
ME,Montenegro,2023,False,gdp_usd_current_m,7646.0
ME,Montenegro,2024,False,gdp_usd_current_m,8272.0
ME,Montenegro,2025,True,gdp_usd_current_m,9228.0
ME,Montenegro,2026,True,gdp_usd_current_m,10252.0
MK,Macedonia del Nord,2014,False,gdp_usd_current_m,11378.0
MK,Macedonia del Nord,2015,False,gdp_usd_current_m,10067.0
MK,Macedonia del Nord,2016,False,gdp_usd_current_m,10686.0
MK,Macedonia del Nord,2017,False,gdp_usd_current_m,11336.0
MK,Macedonia del Nord,2018,False,gdp_usd_current_m,12694.0
MK,Macedonia del Nord,2019,False,gdp_usd_current_m,12609.0
MK,Macedonia del Nord,2020,False,gdp_usd_current_m,12385.0
MK,Macedonia del Nord,2021,False,gdp_usd_current_m,14008.0
MK,Macedonia del Nord,2022,False,gdp_usd_current_m,13957.0
MK,Macedonia del Nord,2023,False,gdp_usd_current_m,15864.0
MK,Macedonia del Nord,2024,False,gdp_usd_current_m,16954.0
MK,Macedonia del Nord,2025,True,gdp_usd_current_m,19142.0
MK,Macedonia del Nord,2026,True,gdp_usd_current_m,21632.0
NATO_EUR_CAN,NATO Europa e Canada,2014,False,gdp_usd_current_m,20569074.0
NATO_EUR_CAN,NATO Europa e Canada,2015,False,gdp_usd_current_m,18008106.0
NATO_EUR_CAN,NATO Europa e Canada,2016,False,gdp_usd_current_m,18025270.0
NATO_EUR_CAN,NATO Europa e Canada,2017,False,gdp_usd_current_m,18960063.0
NATO_EUR_CAN,NATO Europa e Canada,2018,False,gdp_usd_current_m,20327456.0
NATO_EUR_CAN,NATO Europa e Canada,2019,False,gdp_usd_current_m,19996041.0
NATO_EUR_CAN,NATO Europa e Canada,2020,False,gdp_usd_current_m,19307513.0
NATO_EUR_CAN,NATO Europa e Canada,2021,False,gdp_usd_current_m,22133272.0
NATO_EUR_CAN,NATO Europa e Canada,2022,False,gdp_usd_current_m,22103029.0
NATO_EUR_CAN,NATO Europa e Canada,2023,False,gdp_usd_current_m,24272826.0
NATO_EUR_CAN,NATO Europa e Canada,2024,False,gdp_usd_current_m,26173309.0
NATO_EUR_CAN,NATO Europa e Canada,2025,True,gdp_usd_current_m,28399917.0
NATO_EUR_CAN,NATO Europa e Canada,2026,True,gdp_usd_current_m,30635357.0
NATO_TOTAL,NATO totale,2014,False,gdp_usd_current_m,38177212.0
NATO_TOTAL,NATO totale,2015,False,gdp_usd_current_m,36303125.0
NATO_TOTAL,NATO totale,2016,False,gdp_usd_current_m,36830183.0
NATO_TOTAL,NATO totale,2017,False,gdp_usd_current_m,38572166.0
NATO_TOTAL,NATO totale,2018,False,gdp_usd_current_m,40983972.0
NATO_TOTAL,NATO totale,2019,False,gdp_usd_current_m,41536022.0
NATO_TOTAL,NATO totale,2020,False,gdp_usd_current_m,40682795.0
NATO_TOTAL,NATO totale,2021,False,gdp_usd_current_m,45858918.0
NATO_TOTAL,NATO totale,2022,False,gdp_usd_current_m,48157643.0
NATO_TOTAL,NATO totale,2023,False,gdp_usd_current_m,52084343.0
NATO_TOTAL,NATO totale,2024,False,gdp_usd_current_m,55471321.0
NATO_TOTAL,NATO totale,2025,True,gdp_usd_current_m,59162016.0
NATO_TOTAL,NATO totale,2026,True,gdp_usd_current_m,63182981.0
NL,Paesi Bassi,2014,False,gdp_usd_current_m,901881.0
NL,Paesi Bassi,2015,False,gdp_usd_current_m,775864.0
NL,Paesi Bassi,2016,False,gdp_usd_current_m,797106.0
NL,Paesi Bassi,2017,False,gdp_usd_current_m,848196.0
NL,Paesi Bassi,2018,False,gdp_usd_current_m,930332.0
NL,Paesi Bassi,2019,False,gdp_usd_current_m,928971.0
NL,Paesi Bassi,2020,False,gdp_usd_current_m,931957.0
NL,Paesi Bassi,2021,False,gdp_usd_current_m,1054717.0
NL,Paesi Bassi,2022,False,gdp_usd_current_m,1047033.0
NL,Paesi Bassi,2023,False,gdp_usd_current_m,1135674.0
NL,Paesi Bassi,2024,False,gdp_usd_current_m,1213438.0
NL,Paesi Bassi,2025,True,gdp_usd_current_m,1331901.0
NL,Paesi Bassi,2026,True,gdp_usd_current_m,1436621.0
NO,Norvegia,2014,False,gdp_usd_current_m,515830.0
NO,Norvegia,2015,False,gdp_usd_current_m,400669.0
NO,Norvegia,2016,False,gdp_usd_current_m,383284.0
NO,Norvegia,2017,False,gdp_usd_current_m,415673.0
NO,Norvegia,2018,False,gdp_usd_current_m,454589.0
NO,Norvegia,2019,False,gdp_usd_current_m,424245.0
NO,Norvegia,2020,False,gdp_usd_current_m,382253.0
NO,Norvegia,2021,False,gdp_usd_current_m,521592.0
NO,Norvegia,2022,False,gdp_usd_current_m,617322.0
NO,Norvegia,2023,False,gdp_usd_current_m,502198.0
NO,Norvegia,2024,False,gdp_usd_current_m,500886.0
NO,Norvegia,2025,True,gdp_usd_current_m,530756.0
NO,Norvegia,2026,True,gdp_usd_current_m,606925.0
PL,Polonia,2014,False,gdp_usd_current_m,542120.0
PL,Polonia,2015,False,gdp_usd_current_m,478907.0
PL,Polonia,2016,False,gdp_usd_current_m,473099.0
PL,Polonia,2017,False,gdp_usd_current_m,528417.0
PL,Polonia,2018,False,gdp_usd_current_m,594142.0
PL,Polonia,2019,False,gdp_usd_current_m,601917.0
PL,Polonia,2020,False,gdp_usd_current_m,605469.0
PL,Polonia,2021,False,gdp_usd_current_m,689101.0
PL,Polonia,2022,False,gdp_usd_current_m,694578.0
PL,Polonia,2023,False,gdp_usd_current_m,812056.0
PL,Polonia,2024,False,gdp_usd_current_m,919155.0
PL,Polonia,2025,True,gdp_usd_current_m,1038864.0
PL,Polonia,2026,True,gdp_usd_current_m,1134841.0
PT,Portogallo,2014,False,gdp_usd_current_m,230138.0
PT,Portogallo,2015,False,gdp_usd_current_m,199058.0
PT,Portogallo,2016,False,gdp_usd_current_m,206249.0
PT,Portogallo,2017,False,gdp_usd_current_m,220785.0
PT,Portogallo,2018,False,gdp_usd_current_m,242203.0
PT,Portogallo,2019,False,gdp_usd_current_m,240143.0
PT,Portogallo,2020,False,gdp_usd_current_m,229435.0
PT,Portogallo,2021,False,gdp_usd_current_m,256226.0
PT,Portogallo,2022,False,gdp_usd_current_m,257101.0
PT,Portogallo,2023,False,gdp_usd_current_m,292408.0
PT,Portogallo,2024,False,gdp_usd_current_m,313562.0
PT,Portogallo,2025,True,gdp_usd_current_m,346443.0
PT,Portogallo,2026,True,gdp_usd_current_m,378919.0
RO,Romania,2014,False,gdp_usd_current_m,199989.0
RO,Romania,2015,False,gdp_usd_current_m,177878.0
RO,Romania,2016,False,gdp_usd_current_m,185337.0
RO,Romania,2017,False,gdp_usd_current_m,210530.0
RO,Romania,2018,False,gdp_usd_current_m,241973.0
RO,Romania,2019,False,gdp_usd_current_m,250056.0
RO,Romania,2020,False,gdp_usd_current_m,250961.0
RO,Romania,2021,False,gdp_usd_current_m,285275.0
RO,Romania,2022,False,gdp_usd_current_m,295891.0
RO,Romania,2023,False,gdp_usd_current_m,347829.0
RO,Romania,2024,False,gdp_usd_current_m,382650.0
RO,Romania,2025,True,gdp_usd_current_m,429288.0
RO,Romania,2026,True,gdp_usd_current_m,477961.0
SE,Svezia,2014,False,gdp_usd_current_m,578981.0
SE,Svezia,2015,False,gdp_usd_current_m,501340.0
SE,Svezia,2016,False,gdp_usd_current_m,511701.0
SE,Svezia,2017,False,gdp_usd_current_m,535191.0
SE,Svezia,2018,False,gdp_usd_current_m,550133.0
SE,Svezia,2019,False,gdp_usd_current_m,531415.0
SE,Svezia,2020,False,gdp_usd_current_m,543994.0
SE,Svezia,2021,False,gdp_usd_current_m,629955.0
SE,Svezia,2022,False,gdp_usd_current_m,573704.0
SE,Svezia,2023,False,gdp_usd_current_m,579146.0
SE,Svezia,2024,False,gdp_usd_current_m,604853.0
SE,Svezia,2025,True,gdp_usd_current_m,670573.0
SE,Svezia,2026,True,gdp_usd_current_m,750944.0
SI,Slovenia,2014,False,gdp_usd_current_m,49527.0
SI,Slovenia,2015,False,gdp_usd_current_m,42714.0
SI,Slovenia,2016,False,gdp_usd_current_m,44279.0
SI,Slovenia,2017,False,gdp_usd_current_m,48136.0
SI,Slovenia,2018,False,gdp_usd_current_m,53713.0
SI,Slovenia,2019,False,gdp_usd_current_m,53916.0
SI,Slovenia,2020,False,gdp_usd_current_m,53342.0
SI,Slovenia,2021,False,gdp_usd_current_m,61582.0
SI,Slovenia,2022,False,gdp_usd_current_m,59946.0
SI,Slovenia,2023,False,gdp_usd_current_m,69275.0
SI,Slovenia,2024,False,gdp_usd_current_m,72950.0
SI,Slovenia,2025,True,gdp_usd_current_m,79603.0
SI,Slovenia,2026,True,gdp_usd_current_m,86525.0
SK,Slovacchia,2014,False,gdp_usd_current_m,101739.0
SK,Slovacchia,2015,False,gdp_usd_current_m,89187.0
SK,Slovacchia,2016,False,gdp_usd_current_m,90322.0
SK,Slovacchia,2017,False,gdp_usd_current_m,95944.0
SK,Slovacchia,2018,False,gdp_usd_current_m,106660.0
SK,Slovacchia,2019,False,gdp_usd_current_m,105855.0
SK,Slovacchia,2020,False,gdp_usd_current_m,107646.0
SK,Slovacchia,2021,False,gdp_usd_current_m,120591.0
SK,Slovacchia,2022,False,gdp_usd_current_m,115884.0
SK,Slovacchia,2023,False,gdp_usd_current_m,133617.0
SK,Slovacchia,2024,False,gdp_usd_current_m,140892.0
SK,Slovacchia,2025,True,gdp_usd_current_m,154442.0
SK,Slovacchia,2026,True,gdp_usd_current_m,168746.0
TR,Turchia,2014,False,gdp_usd_current_m,943337.0
TR,Turchia,2015,False,gdp_usd_current_m,868204.0
TR,Turchia,2016,False,gdp_usd_current_m,870339.0
TR,Turchia,2017,False,gdp_usd_current_m,863906.0
TR,Turchia,2018,False,gdp_usd_current_m,807318.0
TR,Turchia,2019,False,gdp_usd_current_m,775223.0
TR,Turchia,2020,False,gdp_usd_current_m,730345.0
TR,Turchia,2021,False,gdp_usd_current_m,827673.0
TR,Turchia,2022,False,gdp_usd_current_m,924752.0
TR,Turchia,2023,False,gdp_usd_current_m,1153295.0
TR,Turchia,2024,False,gdp_usd_current_m,1358251.0
TR,Turchia,2025,True,gdp_usd_current_m,1597301.0
TR,Turchia,2026,True,gdp_usd_current_m,1671447.0
UK,Regno Unito,2014,False,gdp_usd_current_m,3086969.0
UK,Regno Unito,2015,False,gdp_usd_current_m,2946231.0
UK,Regno Unito,2016,False,gdp_usd_current_m,2716852.0
UK,Regno Unito,2017,False,gdp_usd_current_m,2701370.0
UK,Regno Unito,2018,False,gdp_usd_current_m,2900745.0
UK,Regno Unito,2019,False,gdp_usd_current_m,2877392.0
UK,Regno Unito,2020,False,gdp_usd_current_m,2725948.0
UK,Regno Unito,2021,False,gdp_usd_current_m,3195327.0
UK,Regno Unito,2022,False,gdp_usd_current_m,3192851.0
UK,Regno Unito,2023,False,gdp_usd_current_m,3422072.0
UK,Regno Unito,2024,False,gdp_usd_current_m,3695421.0
UK,Regno Unito,2025,True,gdp_usd_current_m,4002084.0
UK,Regno Unito,2026,True,gdp_usd_current_m,4300972.0
US,Stati Uniti,2014,False,gdp_usd_current_m,17608138.0
US,Stati Uniti,2015,False,gdp_usd_current_m,18295019.0
US,Stati Uniti,2016,False,gdp_usd_current_m,18804913.0
US,Stati Uniti,2017,False,gdp_usd_current_m,19612102.0
US,Stati Uniti,2018,False,gdp_usd_current_m,20656516.0
US,Stati Uniti,2019,False,gdp_usd_current_m,21539982.0
US,Stati Uniti,2020,False,gdp_usd_current_m,21375282.0
US,Stati Uniti,2021,False,gdp_usd_current_m,23725646.0
US,Stati Uniti,2022,False,gdp_usd_current_m,26054614.0
US,Stati Uniti,2023,False,gdp_usd_current_m,27811517.0
US,Stati Uniti,2024,False,gdp_usd_current_m,29298013.0
US,Stati Uniti,2025,True,gdp_usd_current_m,30762099.0
US,Stati Uniti,2026,True,gdp_usd_current_m,32547624.0
AL,Albania,2014,False,infrastructure_share_pct,0.86
AL,Albania,2015,False,infrastructure_share_pct,1.4
AL,Albania,2016,False,infrastructure_share_pct,1.37
AL,Albania,2017,False,infrastructure_share_pct,0.92
AL,Albania,2018,False,infrastructure_share_pct,1.09
AL,Albania,2019,False,infrastructure_share_pct,1.64
AL,Albania,2020,False,infrastructure_share_pct,1.39
AL,Albania,2021,False,infrastructure_share_pct,3.61
AL,Albania,2022,False,infrastructure_share_pct,5.12
AL,Albania,2023,False,infrastructure_share_pct,9.15
AL,Albania,2024,False,infrastructure_share_pct,9.69
AL,Albania,2025,True,infrastructure_share_pct,11.3
AL,Albania,2026,True,infrastructure_share_pct,3.46
BE,Belgio,2014,False,infrastructure_share_pct,1.81
BE,Belgio,2015,False,infrastructure_share_pct,0.93
BE,Belgio,2016,False,infrastructure_share_pct,0.96
BE,Belgio,2017,False,infrastructure_share_pct,1.05
BE,Belgio,2018,False,infrastructure_share_pct,1.43
BE,Belgio,2019,False,infrastructure_share_pct,1.19
BE,Belgio,2020,False,infrastructure_share_pct,1.0
BE,Belgio,2021,False,infrastructure_share_pct,0.82
BE,Belgio,2022,False,infrastructure_share_pct,2.67
BE,Belgio,2023,False,infrastructure_share_pct,3.85
BE,Belgio,2024,False,infrastructure_share_pct,4.33
BE,Belgio,2025,True,infrastructure_share_pct,2.95
BE,Belgio,2026,True,infrastructure_share_pct,4.59
BG,Bulgaria,2014,False,infrastructure_share_pct,0.63
BG,Bulgaria,2015,False,infrastructure_share_pct,1.27
BG,Bulgaria,2016,False,infrastructure_share_pct,0.63
BG,Bulgaria,2017,False,infrastructure_share_pct,0.83
BG,Bulgaria,2018,False,infrastructure_share_pct,2.62
BG,Bulgaria,2019,False,infrastructure_share_pct,1.09
BG,Bulgaria,2020,False,infrastructure_share_pct,7.71
BG,Bulgaria,2021,False,infrastructure_share_pct,4.93
BG,Bulgaria,2022,False,infrastructure_share_pct,6.96
BG,Bulgaria,2023,False,infrastructure_share_pct,2.01
BG,Bulgaria,2024,False,infrastructure_share_pct,0.9
BG,Bulgaria,2025,True,infrastructure_share_pct,4.12
BG,Bulgaria,2026,True,infrastructure_share_pct,1.55
CA,Canada,2014,False,infrastructure_share_pct,3.81
CA,Canada,2015,False,infrastructure_share_pct,3.63
CA,Canada,2016,False,infrastructure_share_pct,3.03
CA,Canada,2017,False,infrastructure_share_pct,2.98
CA,Canada,2018,False,infrastructure_share_pct,3.58
CA,Canada,2019,False,infrastructure_share_pct,2.72
CA,Canada,2020,False,infrastructure_share_pct,3.07
CA,Canada,2021,False,infrastructure_share_pct,3.22
CA,Canada,2022,False,infrastructure_share_pct,2.64
CA,Canada,2023,False,infrastructure_share_pct,2.66
CA,Canada,2024,False,infrastructure_share_pct,2.34
CA,Canada,2025,True,infrastructure_share_pct,2.64
CA,Canada,2026,True,infrastructure_share_pct,3.05
CZ,Cechia,2014,False,infrastructure_share_pct,2.34
CZ,Cechia,2015,False,infrastructure_share_pct,3.32
CZ,Cechia,2016,False,infrastructure_share_pct,3.91
CZ,Cechia,2017,False,infrastructure_share_pct,3.99
CZ,Cechia,2018,False,infrastructure_share_pct,5.31
CZ,Cechia,2019,False,infrastructure_share_pct,5.27
CZ,Cechia,2020,False,infrastructure_share_pct,7.41
CZ,Cechia,2021,False,infrastructure_share_pct,6.24
CZ,Cechia,2022,False,infrastructure_share_pct,4.32
CZ,Cechia,2023,False,infrastructure_share_pct,6.37
CZ,Cechia,2024,False,infrastructure_share_pct,8.35
CZ,Cechia,2025,True,infrastructure_share_pct,5.74
CZ,Cechia,2026,True,infrastructure_share_pct,7.91
DE,Germania,2014,False,infrastructure_share_pct,3.75
DE,Germania,2015,False,infrastructure_share_pct,3.6
DE,Germania,2016,False,infrastructure_share_pct,3.39
DE,Germania,2017,False,infrastructure_share_pct,4.06
DE,Germania,2018,False,infrastructure_share_pct,4.15
DE,Germania,2019,False,infrastructure_share_pct,3.99
DE,Germania,2020,False,infrastructure_share_pct,3.78
DE,Germania,2021,False,infrastructure_share_pct,3.74
DE,Germania,2022,False,infrastructure_share_pct,3.54
DE,Germania,2023,False,infrastructure_share_pct,3.35
DE,Germania,2024,False,infrastructure_share_pct,3.11
DE,Germania,2025,True,infrastructure_share_pct,4.85
DE,Germania,2026,True,infrastructure_share_pct,4.91
DK,Danimarca,2014,False,infrastructure_share_pct,0.97
DK,Danimarca,2015,False,infrastructure_share_pct,1.09
DK,Danimarca,2016,False,infrastructure_share_pct,2.16
DK,Danimarca,2017,False,infrastructure_share_pct,1.95
DK,Danimarca,2018,False,infrastructure_share_pct,1.49
DK,Danimarca,2019,False,infrastructure_share_pct,1.85
DK,Danimarca,2020,False,infrastructure_share_pct,1.84
DK,Danimarca,2021,False,infrastructure_share_pct,4.08
DK,Danimarca,2022,False,infrastructure_share_pct,3.07
DK,Danimarca,2023,False,infrastructure_share_pct,2.64
DK,Danimarca,2024,False,infrastructure_share_pct,1.56
DK,Danimarca,2025,True,infrastructure_share_pct,2.17
DK,Danimarca,2026,True,infrastructure_share_pct,6.4
EE,Estonia,2014,False,infrastructure_share_pct,8.2
EE,Estonia,2015,False,infrastructure_share_pct,8.45
EE,Estonia,2016,False,infrastructure_share_pct,12.15
EE,Estonia,2017,False,infrastructure_share_pct,11.27
EE,Estonia,2018,False,infrastructure_share_pct,8.52
EE,Estonia,2019,False,infrastructure_share_pct,6.13
EE,Estonia,2020,False,infrastructure_share_pct,6.65
EE,Estonia,2021,False,infrastructure_share_pct,5.55
EE,Estonia,2022,False,infrastructure_share_pct,8.02
EE,Estonia,2023,False,infrastructure_share_pct,10.65
EE,Estonia,2024,False,infrastructure_share_pct,12.9
EE,Estonia,2025,True,infrastructure_share_pct,6.39
EE,Estonia,2026,True,infrastructure_share_pct,6.55
EL,Grecia,2014,False,infrastructure_share_pct,1.1
EL,Grecia,2015,False,infrastructure_share_pct,0.65
EL,Grecia,2016,False,infrastructure_share_pct,0.58
EL,Grecia,2017,False,infrastructure_share_pct,0.79
EL,Grecia,2018,False,infrastructure_share_pct,0.62
EL,Grecia,2019,False,infrastructure_share_pct,0.2
EL,Grecia,2020,False,infrastructure_share_pct,0.18
EL,Grecia,2021,False,infrastructure_share_pct,0.26
EL,Grecia,2022,False,infrastructure_share_pct,0.26
EL,Grecia,2023,False,infrastructure_share_pct,0.59
EL,Grecia,2024,False,infrastructure_share_pct,0.92
EL,Grecia,2025,True,infrastructure_share_pct,0.94
EL,Grecia,2026,True,infrastructure_share_pct,0.4
ES,Spagna,2014,False,infrastructure_share_pct,0.66
ES,Spagna,2015,False,infrastructure_share_pct,0.97
ES,Spagna,2016,False,infrastructure_share_pct,0.97
ES,Spagna,2017,False,infrastructure_share_pct,0.68
ES,Spagna,2018,False,infrastructure_share_pct,0.64
ES,Spagna,2019,False,infrastructure_share_pct,0.98
ES,Spagna,2020,False,infrastructure_share_pct,1.07
ES,Spagna,2021,False,infrastructure_share_pct,1.08
ES,Spagna,2022,False,infrastructure_share_pct,0.76
ES,Spagna,2023,False,infrastructure_share_pct,1.46
ES,Spagna,2024,False,infrastructure_share_pct,1.47
ES,Spagna,2025,True,infrastructure_share_pct,1.14
ES,Spagna,2026,True,infrastructure_share_pct,1.72
FI,Finlandia,2014,False,infrastructure_share_pct,0.0
FI,Finlandia,2015,False,infrastructure_share_pct,0.0
FI,Finlandia,2016,False,infrastructure_share_pct,0.0
FI,Finlandia,2017,False,infrastructure_share_pct,0.0
FI,Finlandia,2018,False,infrastructure_share_pct,0.0
FI,Finlandia,2019,False,infrastructure_share_pct,0.29
FI,Finlandia,2020,False,infrastructure_share_pct,0.37
FI,Finlandia,2021,False,infrastructure_share_pct,0.63
FI,Finlandia,2022,False,infrastructure_share_pct,0.52
FI,Finlandia,2023,False,infrastructure_share_pct,0.15
FI,Finlandia,2024,False,infrastructure_share_pct,0.22
FI,Finlandia,2025,True,infrastructure_share_pct,0.15
FI,Finlandia,2026,True,infrastructure_share_pct,0.17
FR,Francia,2014,False,infrastructure_share_pct,2.33
FR,Francia,2015,False,infrastructure_share_pct,2.8
FR,Francia,2016,False,infrastructure_share_pct,2.7
FR,Francia,2017,False,infrastructure_share_pct,2.88
FR,Francia,2018,False,infrastructure_share_pct,3.51
FR,Francia,2019,False,infrastructure_share_pct,3.13
FR,Francia,2020,False,infrastructure_share_pct,2.88
FR,Francia,2021,False,infrastructure_share_pct,3.04
FR,Francia,2022,False,infrastructure_share_pct,3.01
FR,Francia,2023,False,infrastructure_share_pct,3.6
FR,Francia,2024,False,infrastructure_share_pct,3.65
FR,Francia,2025,True,infrastructure_share_pct,3.98
FR,Francia,2026,True,infrastructure_share_pct,3.81
HR,Croazia,2014,False,infrastructure_share_pct,1.24
HR,Croazia,2015,False,infrastructure_share_pct,1.98
HR,Croazia,2016,False,infrastructure_share_pct,1.26
HR,Croazia,2017,False,infrastructure_share_pct,3.59
HR,Croazia,2018,False,infrastructure_share_pct,1.0
HR,Croazia,2019,False,infrastructure_share_pct,1.41
HR,Croazia,2020,False,infrastructure_share_pct,1.53
HR,Croazia,2021,False,infrastructure_share_pct,0.55
HR,Croazia,2022,False,infrastructure_share_pct,0.71
HR,Croazia,2023,False,infrastructure_share_pct,3.01
HR,Croazia,2024,False,infrastructure_share_pct,2.25
HR,Croazia,2025,True,infrastructure_share_pct,0.81
HR,Croazia,2026,True,infrastructure_share_pct,1.86
HU,Ungheria,2014,False,infrastructure_share_pct,1.07
HU,Ungheria,2015,False,infrastructure_share_pct,1.21
HU,Ungheria,2016,False,infrastructure_share_pct,1.13
HU,Ungheria,2017,False,infrastructure_share_pct,1.31
HU,Ungheria,2018,False,infrastructure_share_pct,1.68
HU,Ungheria,2019,False,infrastructure_share_pct,2.64
HU,Ungheria,2020,False,infrastructure_share_pct,1.41
HU,Ungheria,2021,False,infrastructure_share_pct,9.16
HU,Ungheria,2022,False,infrastructure_share_pct,2.23
HU,Ungheria,2023,False,infrastructure_share_pct,1.13
HU,Ungheria,2024,False,infrastructure_share_pct,0.86
HU,Ungheria,2025,True,infrastructure_share_pct,0.43
HU,Ungheria,2026,True,infrastructure_share_pct,4.49
IT,Italia,2014,False,infrastructure_share_pct,1.4
IT,Italia,2015,False,infrastructure_share_pct,1.3
IT,Italia,2016,False,infrastructure_share_pct,0.7
IT,Italia,2017,False,infrastructure_share_pct,0.94
IT,Italia,2018,False,infrastructure_share_pct,1.29
IT,Italia,2019,False,infrastructure_share_pct,0.67
IT,Italia,2020,False,infrastructure_share_pct,0.97
IT,Italia,2021,False,infrastructure_share_pct,1.48
IT,Italia,2022,False,infrastructure_share_pct,1.95
IT,Italia,2023,False,infrastructure_share_pct,2.13
IT,Italia,2024,False,infrastructure_share_pct,3.15
IT,Italia,2025,True,infrastructure_share_pct,2.52
IT,Italia,2026,True,infrastructure_share_pct,6.85
LT,Lituania,2014,False,infrastructure_share_pct,2.17
LT,Lituania,2015,False,infrastructure_share_pct,2.16
LT,Lituania,2016,False,infrastructure_share_pct,3.59
LT,Lituania,2017,False,infrastructure_share_pct,3.92
LT,Lituania,2018,False,infrastructure_share_pct,2.24
LT,Lituania,2019,False,infrastructure_share_pct,2.4
LT,Lituania,2020,False,infrastructure_share_pct,1.25
LT,Lituania,2021,False,infrastructure_share_pct,2.47
LT,Lituania,2022,False,infrastructure_share_pct,4.54
LT,Lituania,2023,False,infrastructure_share_pct,9.77
LT,Lituania,2024,False,infrastructure_share_pct,9.44
LT,Lituania,2025,True,infrastructure_share_pct,4.42
LT,Lituania,2026,True,infrastructure_share_pct,6.42
LU,Lussemburgo,2014,False,infrastructure_share_pct,10.26
LU,Lussemburgo,2015,False,infrastructure_share_pct,7.79
LU,Lussemburgo,2016,False,infrastructure_share_pct,6.64
LU,Lussemburgo,2017,False,infrastructure_share_pct,4.64
LU,Lussemburgo,2018,False,infrastructure_share_pct,5.05
LU,Lussemburgo,2019,False,infrastructure_share_pct,3.16
LU,Lussemburgo,2020,False,infrastructure_share_pct,3.42
LU,Lussemburgo,2021,False,infrastructure_share_pct,7.28
LU,Lussemburgo,2022,False,infrastructure_share_pct,4.96
LU,Lussemburgo,2023,False,infrastructure_share_pct,6.51
LU,Lussemburgo,2024,False,infrastructure_share_pct,7.56
LU,Lussemburgo,2025,True,infrastructure_share_pct,4.33
LU,Lussemburgo,2026,True,infrastructure_share_pct,6.92
LV,Lettonia,2014,False,infrastructure_share_pct,8.89
LV,Lettonia,2015,False,infrastructure_share_pct,6.64
LV,Lettonia,2016,False,infrastructure_share_pct,12.83
LV,Lettonia,2017,False,infrastructure_share_pct,15.02
LV,Lettonia,2018,False,infrastructure_share_pct,6.45
LV,Lettonia,2019,False,infrastructure_share_pct,10.3
LV,Lettonia,2020,False,infrastructure_share_pct,11.85
LV,Lettonia,2021,False,infrastructure_share_pct,5.28
LV,Lettonia,2022,False,infrastructure_share_pct,4.31
LV,Lettonia,2023,False,infrastructure_share_pct,6.85
LV,Lettonia,2024,False,infrastructure_share_pct,5.44
LV,Lettonia,2025,True,infrastructure_share_pct,8.62
LV,Lettonia,2026,True,infrastructure_share_pct,10.32
ME,Montenegro,2014,False,infrastructure_share_pct,0.96
ME,Montenegro,2015,False,infrastructure_share_pct,2.47
ME,Montenegro,2016,False,infrastructure_share_pct,2.41
ME,Montenegro,2017,False,infrastructure_share_pct,0.88
ME,Montenegro,2018,False,infrastructure_share_pct,1.86
ME,Montenegro,2019,False,infrastructure_share_pct,1.48
ME,Montenegro,2020,False,infrastructure_share_pct,1.33
ME,Montenegro,2021,False,infrastructure_share_pct,5.26
ME,Montenegro,2022,False,infrastructure_share_pct,0.49
ME,Montenegro,2023,False,infrastructure_share_pct,5.16
ME,Montenegro,2024,False,infrastructure_share_pct,7.63
ME,Montenegro,2025,True,infrastructure_share_pct,4.15
ME,Montenegro,2026,True,infrastructure_share_pct,5.08
MK,Macedonia del Nord,2014,False,infrastructure_share_pct,1.24
MK,Macedonia del Nord,2015,False,infrastructure_share_pct,1.67
MK,Macedonia del Nord,2016,False,infrastructure_share_pct,1.28
MK,Macedonia del Nord,2017,False,infrastructure_share_pct,1.01
MK,Macedonia del Nord,2018,False,infrastructure_share_pct,0.95
MK,Macedonia del Nord,2019,False,infrastructure_share_pct,3.89
MK,Macedonia del Nord,2020,False,infrastructure_share_pct,2.78
MK,Macedonia del Nord,2021,False,infrastructure_share_pct,3.09
MK,Macedonia del Nord,2022,False,infrastructure_share_pct,3.09
MK,Macedonia del Nord,2023,False,infrastructure_share_pct,1.64
MK,Macedonia del Nord,2024,False,infrastructure_share_pct,2.06
MK,Macedonia del Nord,2025,True,infrastructure_share_pct,3.78
MK,Macedonia del Nord,2026,True,infrastructure_share_pct,2.75
NL,Paesi Bassi,2014,False,infrastructure_share_pct,4.77
NL,Paesi Bassi,2015,False,infrastructure_share_pct,3.19
NL,Paesi Bassi,2016,False,infrastructure_share_pct,3.9
NL,Paesi Bassi,2017,False,infrastructure_share_pct,3.02
NL,Paesi Bassi,2018,False,infrastructure_share_pct,3.46
NL,Paesi Bassi,2019,False,infrastructure_share_pct,3.26
NL,Paesi Bassi,2020,False,infrastructure_share_pct,3.14
NL,Paesi Bassi,2021,False,infrastructure_share_pct,2.99
NL,Paesi Bassi,2022,False,infrastructure_share_pct,3.32
NL,Paesi Bassi,2023,False,infrastructure_share_pct,2.93
NL,Paesi Bassi,2024,False,infrastructure_share_pct,2.26
NL,Paesi Bassi,2025,True,infrastructure_share_pct,4.4
NO,Norvegia,2014,False,infrastructure_share_pct,5.71
NO,Norvegia,2015,False,infrastructure_share_pct,5.3
NO,Norvegia,2016,False,infrastructure_share_pct,6.56
NO,Norvegia,2017,False,infrastructure_share_pct,6.93
NO,Norvegia,2018,False,infrastructure_share_pct,6.67
NO,Norvegia,2019,False,infrastructure_share_pct,5.87
NO,Norvegia,2020,False,infrastructure_share_pct,6.55
NO,Norvegia,2021,False,infrastructure_share_pct,6.45
NO,Norvegia,2022,False,infrastructure_share_pct,5.64
NO,Norvegia,2023,False,infrastructure_share_pct,5.17
NO,Norvegia,2024,False,infrastructure_share_pct,6.56
NO,Norvegia,2025,True,infrastructure_share_pct,5.38
NO,Norvegia,2026,True,infrastructure_share_pct,5.2
PL,Polonia,2014,False,infrastructure_share_pct,5.47
PL,Polonia,2015,False,infrastructure_share_pct,4.74
PL,Polonia,2016,False,infrastructure_share_pct,4.62
PL,Polonia,2017,False,infrastructure_share_pct,4.21
PL,Polonia,2018,False,infrastructure_share_pct,3.45
PL,Polonia,2019,False,infrastructure_share_pct,4.78
PL,Polonia,2020,False,infrastructure_share_pct,4.31
PL,Polonia,2021,False,infrastructure_share_pct,3.71
PL,Polonia,2022,False,infrastructure_share_pct,4.12
PL,Polonia,2023,False,infrastructure_share_pct,4.41
PL,Polonia,2024,False,infrastructure_share_pct,4.72
PL,Polonia,2025,True,infrastructure_share_pct,4.09
PL,Polonia,2026,True,infrastructure_share_pct,3.99
PT,Portogallo,2014,False,infrastructure_share_pct,0.11
PT,Portogallo,2015,False,infrastructure_share_pct,0.25
PT,Portogallo,2016,False,infrastructure_share_pct,0.06
PT,Portogallo,2017,False,infrastructure_share_pct,0.03
PT,Portogallo,2018,False,infrastructure_share_pct,0.05
PT,Portogallo,2019,False,infrastructure_share_pct,0.11
PT,Portogallo,2020,False,infrastructure_share_pct,0.08
PT,Portogallo,2021,False,infrastructure_share_pct,4.48
PT,Portogallo,2022,False,infrastructure_share_pct,2.11
PT,Portogallo,2023,False,infrastructure_share_pct,2.48
PT,Portogallo,2024,False,infrastructure_share_pct,3.91
PT,Portogallo,2025,True,infrastructure_share_pct,5.89
RO,Romania,2014,False,infrastructure_share_pct,1.09
RO,Romania,2015,False,infrastructure_share_pct,1.27
RO,Romania,2016,False,infrastructure_share_pct,2.77
RO,Romania,2017,False,infrastructure_share_pct,2.09
RO,Romania,2018,False,infrastructure_share_pct,1.54
RO,Romania,2019,False,infrastructure_share_pct,3.53
RO,Romania,2020,False,infrastructure_share_pct,4.29
RO,Romania,2021,False,infrastructure_share_pct,7.06
RO,Romania,2022,False,infrastructure_share_pct,4.19
RO,Romania,2023,False,infrastructure_share_pct,4.49
RO,Romania,2024,False,infrastructure_share_pct,4.93
RO,Romania,2025,True,infrastructure_share_pct,7.06
RO,Romania,2026,True,infrastructure_share_pct,7.37
SE,Svezia,2014,False,infrastructure_share_pct,0.47
SE,Svezia,2015,False,infrastructure_share_pct,0.46
SE,Svezia,2016,False,infrastructure_share_pct,0.47
SE,Svezia,2017,False,infrastructure_share_pct,0.45
SE,Svezia,2018,False,infrastructure_share_pct,0.43
SE,Svezia,2019,False,infrastructure_share_pct,0.38
SE,Svezia,2020,False,infrastructure_share_pct,0.36
SE,Svezia,2021,False,infrastructure_share_pct,0.29
SE,Svezia,2022,False,infrastructure_share_pct,0.23
SE,Svezia,2023,False,infrastructure_share_pct,3.16
SE,Svezia,2024,False,infrastructure_share_pct,2.71
SE,Svezia,2025,True,infrastructure_share_pct,3.58
SE,Svezia,2026,True,infrastructure_share_pct,3.74
SI,Slovenia,2014,False,infrastructure_share_pct,0.65
SI,Slovenia,2015,False,infrastructure_share_pct,0.61
SI,Slovenia,2016,False,infrastructure_share_pct,1.14
SI,Slovenia,2017,False,infrastructure_share_pct,0.45
SI,Slovenia,2018,False,infrastructure_share_pct,1.4
SI,Slovenia,2019,False,infrastructure_share_pct,0.57
SI,Slovenia,2020,False,infrastructure_share_pct,1.1
SI,Slovenia,2021,False,infrastructure_share_pct,1.31
SI,Slovenia,2022,False,infrastructure_share_pct,1.92
SI,Slovenia,2023,False,infrastructure_share_pct,6.72
SI,Slovenia,2024,False,infrastructure_share_pct,4.15
SI,Slovenia,2025,True,infrastructure_share_pct,3.54
SI,Slovenia,2026,True,infrastructure_share_pct,5.47
SK,Slovacchia,2014,False,infrastructure_share_pct,0.57
SK,Slovacchia,2015,False,infrastructure_share_pct,1.99
SK,Slovacchia,2016,False,infrastructure_share_pct,3.75
SK,Slovacchia,2017,False,infrastructure_share_pct,2.97
SK,Slovacchia,2018,False,infrastructure_share_pct,2.0
SK,Slovacchia,2019,False,infrastructure_share_pct,1.17
SK,Slovacchia,2020,False,infrastructure_share_pct,5.21
SK,Slovacchia,2021,False,infrastructure_share_pct,1.46
SK,Slovacchia,2022,False,infrastructure_share_pct,2.6
SK,Slovacchia,2023,False,infrastructure_share_pct,3.67
SK,Slovacchia,2024,False,infrastructure_share_pct,2.91
SK,Slovacchia,2025,True,infrastructure_share_pct,9.89
SK,Slovacchia,2026,True,infrastructure_share_pct,12.15
TR,Turchia,2014,False,infrastructure_share_pct,2.77
TR,Turchia,2015,False,infrastructure_share_pct,2.56
TR,Turchia,2016,False,infrastructure_share_pct,2.42
TR,Turchia,2017,False,infrastructure_share_pct,2.95
TR,Turchia,2018,False,infrastructure_share_pct,2.53
TR,Turchia,2019,False,infrastructure_share_pct,2.26
TR,Turchia,2020,False,infrastructure_share_pct,2.22
TR,Turchia,2021,False,infrastructure_share_pct,7.49
TR,Turchia,2022,False,infrastructure_share_pct,7.63
TR,Turchia,2023,False,infrastructure_share_pct,9.48
TR,Turchia,2024,False,infrastructure_share_pct,7.01
TR,Turchia,2025,True,infrastructure_share_pct,3.99
TR,Turchia,2026,True,infrastructure_share_pct,3.99
UK,Regno Unito,2014,False,infrastructure_share_pct,1.95
UK,Regno Unito,2015,False,infrastructure_share_pct,1.63
UK,Regno Unito,2016,False,infrastructure_share_pct,1.87
UK,Regno Unito,2017,False,infrastructure_share_pct,2.25
UK,Regno Unito,2018,False,infrastructure_share_pct,2.99
UK,Regno Unito,2019,False,infrastructure_share_pct,2.11
UK,Regno Unito,2020,False,infrastructure_share_pct,1.72
UK,Regno Unito,2021,False,infrastructure_share_pct,1.72
UK,Regno Unito,2022,False,infrastructure_share_pct,2.88
UK,Regno Unito,2023,False,infrastructure_share_pct,2.21
UK,Regno Unito,2024,False,infrastructure_share_pct,2.24
UK,Regno Unito,2025,True,infrastructure_share_pct,0.42
UK,Regno Unito,2026,True,infrastructure_share_pct,0.4
US,Stati Uniti,2014,False,infrastructure_share_pct,1.71
US,Stati Uniti,2015,False,infrastructure_share_pct,1.45
US,Stati Uniti,2016,False,infrastructure_share_pct,1.22
US,Stati Uniti,2017,False,infrastructure_share_pct,1.23
US,Stati Uniti,2018,False,infrastructure_share_pct,1.17
US,Stati Uniti,2019,False,infrastructure_share_pct,1.38
US,Stati Uniti,2020,False,infrastructure_share_pct,1.33
US,Stati Uniti,2021,False,infrastructure_share_pct,1.27
US,Stati Uniti,2022,False,infrastructure_share_pct,1.32
US,Stati Uniti,2023,False,infrastructure_share_pct,1.49
US,Stati Uniti,2024,False,infrastructure_share_pct,1.74
US,Stati Uniti,2025,True,infrastructure_share_pct,1.53
US,Stati Uniti,2026,True,infrastructure_share_pct,1.94
AL,Albania,2014,False,other_share_pct,14.44
AL,Albania,2015,False,other_share_pct,11.53
AL,Albania,2016,False,other_share_pct,22.57
AL,Albania,2017,False,other_share_pct,23.92
AL,Albania,2018,False,other_share_pct,18.79
AL,Albania,2019,False,other_share_pct,20.86
AL,Albania,2020,False,other_share_pct,19.2
AL,Albania,2021,False,other_share_pct,17.7
AL,Albania,2022,False,other_share_pct,17.78
AL,Albania,2023,False,other_share_pct,16.67
AL,Albania,2024,False,other_share_pct,18.79
AL,Albania,2025,True,other_share_pct,14.65
AL,Albania,2026,True,other_share_pct,9.85
BE,Belgio,2014,False,other_share_pct,16.83
BE,Belgio,2015,False,other_share_pct,17.4
BE,Belgio,2016,False,other_share_pct,17.52
BE,Belgio,2017,False,other_share_pct,17.23
BE,Belgio,2018,False,other_share_pct,17.72
BE,Belgio,2019,False,other_share_pct,19.36
BE,Belgio,2020,False,other_share_pct,21.54
BE,Belgio,2021,False,other_share_pct,22.92
BE,Belgio,2022,False,other_share_pct,27.08
BE,Belgio,2023,False,other_share_pct,25.79
BE,Belgio,2024,False,other_share_pct,32.33
BE,Belgio,2025,True,other_share_pct,51.75
BE,Belgio,2026,True,other_share_pct,35.71
BG,Bulgaria,2014,False,other_share_pct,25.51
BG,Bulgaria,2015,False,other_share_pct,21.6
BG,Bulgaria,2016,False,other_share_pct,24.57
BG,Bulgaria,2017,False,other_share_pct,22.74
BG,Bulgaria,2018,False,other_share_pct,24.74
BG,Bulgaria,2019,False,other_share_pct,9.74
BG,Bulgaria,2020,False,other_share_pct,20.05
BG,Bulgaria,2021,False,other_share_pct,18.43
BG,Bulgaria,2022,False,other_share_pct,19.54
BG,Bulgaria,2023,False,other_share_pct,16.8
BG,Bulgaria,2024,False,other_share_pct,15.28
BG,Bulgaria,2025,True,other_share_pct,17.25
BG,Bulgaria,2026,True,other_share_pct,15.56
CA,Canada,2014,False,other_share_pct,32.26
CA,Canada,2015,False,other_share_pct,32.14
CA,Canada,2016,False,other_share_pct,33.25
CA,Canada,2017,False,other_share_pct,28.95
CA,Canada,2018,False,other_share_pct,33.46
CA,Canada,2019,False,other_share_pct,33.9
CA,Canada,2020,False,other_share_pct,33.04
CA,Canada,2021,False,other_share_pct,34.79
CA,Canada,2022,False,other_share_pct,37.6
CA,Canada,2023,False,other_share_pct,35.23
CA,Canada,2024,False,other_share_pct,33.4
CA,Canada,2025,True,other_share_pct,37.09
CA,Canada,2026,True,other_share_pct,35.99
CZ,Cechia,2014,False,other_share_pct,29.73
CZ,Cechia,2015,False,other_share_pct,29.67
CZ,Cechia,2016,False,other_share_pct,27.45
CZ,Cechia,2017,False,other_share_pct,28.35
CZ,Cechia,2018,False,other_share_pct,28.95
CZ,Cechia,2019,False,other_share_pct,26.47
CZ,Cechia,2020,False,other_share_pct,25.56
CZ,Cechia,2021,False,other_share_pct,28.58
CZ,Cechia,2022,False,other_share_pct,28.17
CZ,Cechia,2023,False,other_share_pct,27.72
CZ,Cechia,2024,False,other_share_pct,23.68
CZ,Cechia,2025,True,other_share_pct,27.52
CZ,Cechia,2026,True,other_share_pct,36.6
DE,Germania,2014,False,other_share_pct,32.63
DE,Germania,2015,False,other_share_pct,34.61
DE,Germania,2016,False,other_share_pct,36.05
DE,Germania,2017,False,other_share_pct,35.2
DE,Germania,2018,False,other_share_pct,35.49
DE,Germania,2019,False,other_share_pct,36.06
DE,Germania,2020,False,other_share_pct,36.55
DE,Germania,2021,False,other_share_pct,37.29
DE,Germania,2022,False,other_share_pct,39.96
DE,Germania,2023,False,other_share_pct,42.84
DE,Germania,2024,False,other_share_pct,46.34
DE,Germania,2025,True,other_share_pct,42.93
DE,Germania,2026,True,other_share_pct,40.13
DK,Danimarca,2014,False,other_share_pct,36.78
DK,Danimarca,2015,False,other_share_pct,35.4
DK,Danimarca,2016,False,other_share_pct,34.65
DK,Danimarca,2017,False,other_share_pct,40.66
DK,Danimarca,2018,False,other_share_pct,36.97
DK,Danimarca,2019,False,other_share_pct,33.69
DK,Danimarca,2020,False,other_share_pct,34.44
DK,Danimarca,2021,False,other_share_pct,30.42
DK,Danimarca,2022,False,other_share_pct,37.33
DK,Danimarca,2023,False,other_share_pct,55.17
DK,Danimarca,2024,False,other_share_pct,48.5
DK,Danimarca,2025,True,other_share_pct,41.45
DK,Danimarca,2026,True,other_share_pct,41.26
EE,Estonia,2014,False,other_share_pct,31.03
EE,Estonia,2015,False,other_share_pct,39.18
EE,Estonia,2016,False,other_share_pct,31.3
EE,Estonia,2017,False,other_share_pct,34.62
EE,Estonia,2018,False,other_share_pct,41.14
EE,Estonia,2019,False,other_share_pct,44.2
EE,Estonia,2020,False,other_share_pct,37.68
EE,Estonia,2021,False,other_share_pct,37.65
EE,Estonia,2022,False,other_share_pct,40.71
EE,Estonia,2023,False,other_share_pct,48.32
EE,Estonia,2024,False,other_share_pct,27.97
EE,Estonia,2025,True,other_share_pct,44.3
EE,Estonia,2026,True,other_share_pct,34.91
EL,Grecia,2014,False,other_share_pct,13.55
EL,Grecia,2015,False,other_share_pct,16.9
EL,Grecia,2016,False,other_share_pct,12.84
EL,Grecia,2017,False,other_share_pct,11.37
EL,Grecia,2018,False,other_share_pct,9.6
EL,Grecia,2019,False,other_share_pct,11.17
EL,Grecia,2020,False,other_share_pct,14.55
EL,Grecia,2021,False,other_share_pct,8.72
EL,Grecia,2022,False,other_share_pct,11.53
EL,Grecia,2023,False,other_share_pct,12.67
EL,Grecia,2024,False,other_share_pct,11.95
EL,Grecia,2025,True,other_share_pct,14.19
EL,Grecia,2026,True,other_share_pct,9.73
ES,Spagna,2014,False,other_share_pct,18.5
ES,Spagna,2015,False,other_share_pct,19.03
ES,Spagna,2016,False,other_share_pct,19.78
ES,Spagna,2017,False,other_share_pct,17.28
ES,Spagna,2018,False,other_share_pct,17.89
ES,Spagna,2019,False,other_share_pct,16.14
ES,Spagna,2020,False,other_share_pct,16.96
ES,Spagna,2021,False,other_share_pct,17.76
ES,Spagna,2022,False,other_share_pct,25.65
ES,Spagna,2023,False,other_share_pct,21.85
ES,Spagna,2024,False,other_share_pct,16.3
ES,Spagna,2025,True,other_share_pct,17.19
ES,Spagna,2026,True,other_share_pct,25.75
FI,Finlandia,2014,False,other_share_pct,46.08
FI,Finlandia,2015,False,other_share_pct,47.96
FI,Finlandia,2016,False,other_share_pct,47.1
FI,Finlandia,2017,False,other_share_pct,46.13
FI,Finlandia,2018,False,other_share_pct,47.49
FI,Finlandia,2019,False,other_share_pct,44.1
FI,Finlandia,2020,False,other_share_pct,44.16
FI,Finlandia,2021,False,other_share_pct,44.4
FI,Finlandia,2022,False,other_share_pct,37.3
FI,Finlandia,2023,False,other_share_pct,34.17
FI,Finlandia,2024,False,other_share_pct,31.35
FI,Finlandia,2025,True,other_share_pct,38.91
FI,Finlandia,2026,True,other_share_pct,43.25
FR,Francia,2014,False,other_share_pct,24.43
FR,Francia,2015,False,other_share_pct,24.37
FR,Francia,2016,False,other_share_pct,24.92
FR,Francia,2017,False,other_share_pct,24.97
FR,Francia,2018,False,other_share_pct,25.92
FR,Francia,2019,False,other_share_pct,26.74
FR,Francia,2020,False,other_share_pct,26.49
FR,Francia,2021,False,other_share_pct,26.12
FR,Francia,2022,False,other_share_pct,26.02
FR,Francia,2023,False,other_share_pct,26.0
FR,Francia,2024,False,other_share_pct,29.85
FR,Francia,2025,True,other_share_pct,26.93
FR,Francia,2026,True,other_share_pct,26.86
HR,Croazia,2014,False,other_share_pct,16.65
HR,Croazia,2015,False,other_share_pct,17.73
HR,Croazia,2016,False,other_share_pct,15.83
HR,Croazia,2017,False,other_share_pct,18.99
HR,Croazia,2018,False,other_share_pct,18.67
HR,Croazia,2019,False,other_share_pct,18.33
HR,Croazia,2020,False,other_share_pct,13.27
HR,Croazia,2021,False,other_share_pct,12.73
HR,Croazia,2022,False,other_share_pct,12.72
HR,Croazia,2023,False,other_share_pct,14.49
HR,Croazia,2024,False,other_share_pct,12.88
HR,Croazia,2025,True,other_share_pct,13.33
HR,Croazia,2026,True,other_share_pct,20.58
HU,Ungheria,2014,False,other_share_pct,41.4
HU,Ungheria,2015,False,other_share_pct,40.83
HU,Ungheria,2016,False,other_share_pct,35.84
HU,Ungheria,2017,False,other_share_pct,43.01
HU,Ungheria,2018,False,other_share_pct,43.36
HU,Ungheria,2019,False,other_share_pct,25.53
HU,Ungheria,2020,False,other_share_pct,25.84
HU,Ungheria,2021,False,other_share_pct,15.7
HU,Ungheria,2022,False,other_share_pct,18.76
HU,Ungheria,2023,False,other_share_pct,26.33
HU,Ungheria,2024,False,other_share_pct,26.69
HU,Ungheria,2025,True,other_share_pct,26.32
HU,Ungheria,2026,True,other_share_pct,25.45
IT,Italia,2014,False,other_share_pct,11.27
IT,Italia,2015,False,other_share_pct,11.42
IT,Italia,2016,False,other_share_pct,9.42
IT,Italia,2017,False,other_share_pct,10.8
IT,Italia,2018,False,other_share_pct,11.43
IT,Italia,2019,False,other_share_pct,12.11
IT,Italia,2020,False,other_share_pct,12.95
IT,Italia,2021,False,other_share_pct,11.56
IT,Italia,2022,False,other_share_pct,11.61
IT,Italia,2023,False,other_share_pct,13.55
IT,Italia,2024,False,other_share_pct,14.07
IT,Italia,2025,True,other_share_pct,11.44
IT,Italia,2026,True,other_share_pct,11.61
LT,Lituania,2014,False,other_share_pct,26.24
LT,Lituania,2015,False,other_share_pct,27.79
LT,Lituania,2016,False,other_share_pct,20.85
LT,Lituania,2017,False,other_share_pct,23.67
LT,Lituania,2018,False,other_share_pct,23.3
LT,Lituania,2019,False,other_share_pct,20.01
LT,Lituania,2020,False,other_share_pct,23.71
LT,Lituania,2021,False,other_share_pct,32.63
LT,Lituania,2022,False,other_share_pct,25.63
LT,Lituania,2023,False,other_share_pct,29.51
LT,Lituania,2024,False,other_share_pct,30.77
LT,Lituania,2025,True,other_share_pct,23.53
LT,Lituania,2026,True,other_share_pct,24.63
LU,Lussemburgo,2014,False,other_share_pct,17.82
LU,Lussemburgo,2015,False,other_share_pct,16.11
LU,Lussemburgo,2016,False,other_share_pct,17.73
LU,Lussemburgo,2017,False,other_share_pct,18.9
LU,Lussemburgo,2018,False,other_share_pct,16.35
LU,Lussemburgo,2019,False,other_share_pct,16.37
LU,Lussemburgo,2020,False,other_share_pct,16.3
LU,Lussemburgo,2021,False,other_share_pct,18.57
LU,Lussemburgo,2022,False,other_share_pct,21.15
LU,Lussemburgo,2023,False,other_share_pct,19.71
LU,Lussemburgo,2024,False,other_share_pct,40.55
LU,Lussemburgo,2025,True,other_share_pct,24.42
LU,Lussemburgo,2026,True,other_share_pct,26.06
LV,Lettonia,2014,False,other_share_pct,30.59
LV,Lettonia,2015,False,other_share_pct,29.69
LV,Lettonia,2016,False,other_share_pct,24.25
LV,Lettonia,2017,False,other_share_pct,31.38
LV,Lettonia,2018,False,other_share_pct,27.38
LV,Lettonia,2019,False,other_share_pct,34.51
LV,Lettonia,2020,False,other_share_pct,30.46
LV,Lettonia,2021,False,other_share_pct,35.42
LV,Lettonia,2022,False,other_share_pct,34.51
LV,Lettonia,2023,False,other_share_pct,29.27
LV,Lettonia,2024,False,other_share_pct,36.37
LV,Lettonia,2025,True,other_share_pct,25.92
LV,Lettonia,2026,True,other_share_pct,27.54
ME,Montenegro,2014,False,other_share_pct,13.06
ME,Montenegro,2015,False,other_share_pct,14.07
ME,Montenegro,2016,False,other_share_pct,17.8
ME,Montenegro,2017,False,other_share_pct,13.27
ME,Montenegro,2018,False,other_share_pct,13.5
ME,Montenegro,2019,False,other_share_pct,12.16
ME,Montenegro,2020,False,other_share_pct,13.06
ME,Montenegro,2021,False,other_share_pct,14.3
ME,Montenegro,2022,False,other_share_pct,15.53
ME,Montenegro,2023,False,other_share_pct,12.44
ME,Montenegro,2024,False,other_share_pct,14.61
ME,Montenegro,2025,True,other_share_pct,13.27
ME,Montenegro,2026,True,other_share_pct,11.15
MK,Macedonia del Nord,2014,False,other_share_pct,20.34
MK,Macedonia del Nord,2015,False,other_share_pct,16.25
MK,Macedonia del Nord,2016,False,other_share_pct,19.09
MK,Macedonia del Nord,2017,False,other_share_pct,17.26
MK,Macedonia del Nord,2018,False,other_share_pct,16.43
MK,Macedonia del Nord,2019,False,other_share_pct,20.36
MK,Macedonia del Nord,2020,False,other_share_pct,22.37
MK,Macedonia del Nord,2021,False,other_share_pct,24.1
MK,Macedonia del Nord,2022,False,other_share_pct,29.98
MK,Macedonia del Nord,2023,False,other_share_pct,25.47
MK,Macedonia del Nord,2024,False,other_share_pct,24.8
MK,Macedonia del Nord,2025,True,other_share_pct,23.49
MK,Macedonia del Nord,2026,True,other_share_pct,25.04
NL,Paesi Bassi,2014,False,other_share_pct,28.05
NL,Paesi Bassi,2015,False,other_share_pct,30.14
NL,Paesi Bassi,2016,False,other_share_pct,30.2
NL,Paesi Bassi,2017,False,other_share_pct,30.04
NL,Paesi Bassi,2018,False,other_share_pct,28.99
NL,Paesi Bassi,2019,False,other_share_pct,27.13
NL,Paesi Bassi,2020,False,other_share_pct,26.24
NL,Paesi Bassi,2021,False,other_share_pct,25.29
NL,Paesi Bassi,2022,False,other_share_pct,34.85
NL,Paesi Bassi,2023,False,other_share_pct,58.31
NL,Paesi Bassi,2024,False,other_share_pct,37.11
NL,Paesi Bassi,2025,True,other_share_pct,39.28
NO,Norvegia,2014,False,other_share_pct,33.24
NO,Norvegia,2015,False,other_share_pct,32.9
NO,Norvegia,2016,False,other_share_pct,31.46
NO,Norvegia,2017,False,other_share_pct,31.36
NO,Norvegia,2018,False,other_share_pct,31.3
NO,Norvegia,2019,False,other_share_pct,30.59
NO,Norvegia,2020,False,other_share_pct,30.53
NO,Norvegia,2021,False,other_share_pct,30.21
NO,Norvegia,2022,False,other_share_pct,31.75
NO,Norvegia,2023,False,other_share_pct,31.57
NO,Norvegia,2024,False,other_share_pct,36.07
NO,Norvegia,2025,True,other_share_pct,46.11
NO,Norvegia,2026,True,other_share_pct,56.75
PL,Polonia,2014,False,other_share_pct,24.24
PL,Polonia,2015,False,other_share_pct,20.11
PL,Polonia,2016,False,other_share_pct,26.61
PL,Polonia,2017,False,other_share_pct,23.71
PL,Polonia,2018,False,other_share_pct,22.89
PL,Polonia,2019,False,other_share_pct,24.95
PL,Polonia,2020,False,other_share_pct,21.67
PL,Polonia,2021,False,other_share_pct,18.85
PL,Polonia,2022,False,other_share_pct,20.74
PL,Polonia,2023,False,other_share_pct,18.94
PL,Polonia,2024,False,other_share_pct,20.15
PL,Polonia,2025,True,other_share_pct,15.62
PL,Polonia,2026,True,other_share_pct,12.76
PT,Portogallo,2014,False,other_share_pct,10.19
PT,Portogallo,2015,False,other_share_pct,9.15
PT,Portogallo,2016,False,other_share_pct,8.61
PT,Portogallo,2017,False,other_share_pct,8.35
PT,Portogallo,2018,False,other_share_pct,9.72
PT,Portogallo,2019,False,other_share_pct,12.77
PT,Portogallo,2020,False,other_share_pct,11.41
PT,Portogallo,2021,False,other_share_pct,19.97
PT,Portogallo,2022,False,other_share_pct,19.99
PT,Portogallo,2023,False,other_share_pct,17.57
PT,Portogallo,2024,False,other_share_pct,26.21
PT,Portogallo,2025,True,other_share_pct,25.75
RO,Romania,2014,False,other_share_pct,11.98
RO,Romania,2015,False,other_share_pct,15.78
RO,Romania,2016,False,other_share_pct,11.79
RO,Romania,2017,False,other_share_pct,9.9
RO,Romania,2018,False,other_share_pct,10.51
RO,Romania,2019,False,other_share_pct,12.99
RO,Romania,2020,False,other_share_pct,13.38
RO,Romania,2021,False,other_share_pct,13.58
RO,Romania,2022,False,other_share_pct,15.26
RO,Romania,2023,False,other_share_pct,13.89
RO,Romania,2024,False,other_share_pct,12.43
RO,Romania,2025,True,other_share_pct,12.12
RO,Romania,2026,True,other_share_pct,10.49
SE,Svezia,2014,False,other_share_pct,24.97
SE,Svezia,2015,False,other_share_pct,31.53
SE,Svezia,2016,False,other_share_pct,32.79
SE,Svezia,2017,False,other_share_pct,48.4
SE,Svezia,2018,False,other_share_pct,49.0
SE,Svezia,2019,False,other_share_pct,46.67
SE,Svezia,2020,False,other_share_pct,45.09
SE,Svezia,2021,False,other_share_pct,56.83
SE,Svezia,2022,False,other_share_pct,57.15
SE,Svezia,2023,False,other_share_pct,46.21
SE,Svezia,2024,False,other_share_pct,44.97
SE,Svezia,2025,True,other_share_pct,49.6
SE,Svezia,2026,True,other_share_pct,50.26
SI,Slovenia,2014,False,other_share_pct,16.38
SI,Slovenia,2015,False,other_share_pct,15.31
SI,Slovenia,2016,False,other_share_pct,21.8
SI,Slovenia,2017,False,other_share_pct,20.47
SI,Slovenia,2018,False,other_share_pct,20.24
SI,Slovenia,2019,False,other_share_pct,23.25
SI,Slovenia,2020,False,other_share_pct,20.46
SI,Slovenia,2021,False,other_share_pct,22.14
SI,Slovenia,2022,False,other_share_pct,21.94
SI,Slovenia,2023,False,other_share_pct,19.54
SI,Slovenia,2024,False,other_share_pct,18.84
SI,Slovenia,2025,True,other_share_pct,21.67
SI,Slovenia,2026,True,other_share_pct,20.6
SK,Slovacchia,2014,False,other_share_pct,19.16
SK,Slovacchia,2015,False,other_share_pct,23.49
SK,Slovacchia,2016,False,other_share_pct,22.22
SK,Slovacchia,2017,False,other_share_pct,21.08
SK,Slovacchia,2018,False,other_share_pct,20.99
SK,Slovacchia,2019,False,other_share_pct,17.95
SK,Slovacchia,2020,False,other_share_pct,20.6
SK,Slovacchia,2021,False,other_share_pct,19.59
SK,Slovacchia,2022,False,other_share_pct,18.09
SK,Slovacchia,2023,False,other_share_pct,25.13
SK,Slovacchia,2024,False,other_share_pct,20.04
SK,Slovacchia,2025,True,other_share_pct,20.42
SK,Slovacchia,2026,True,other_share_pct,18.69
TR,Turchia,2014,False,other_share_pct,15.27
TR,Turchia,2015,False,other_share_pct,15.49
TR,Turchia,2016,False,other_share_pct,14.43
TR,Turchia,2017,False,other_share_pct,15.73
TR,Turchia,2018,False,other_share_pct,14.65
TR,Turchia,2019,False,other_share_pct,15.04
TR,Turchia,2020,False,other_share_pct,16.41
TR,Turchia,2021,False,other_share_pct,15.32
TR,Turchia,2022,False,other_share_pct,18.67
TR,Turchia,2023,False,other_share_pct,16.53
TR,Turchia,2024,False,other_share_pct,16.42
TR,Turchia,2025,True,other_share_pct,23.23
TR,Turchia,2026,True,other_share_pct,28.93
UK,Regno Unito,2014,False,other_share_pct,38.63
UK,Regno Unito,2015,False,other_share_pct,39.82
UK,Regno Unito,2016,False,other_share_pct,41.62
UK,Regno Unito,2017,False,other_share_pct,40.92
UK,Regno Unito,2018,False,other_share_pct,41.01
UK,Regno Unito,2019,False,other_share_pct,40.97
UK,Regno Unito,2020,False,other_share_pct,40.65
UK,Regno Unito,2021,False,other_share_pct,37.29
UK,Regno Unito,2022,False,other_share_pct,35.96
UK,Regno Unito,2023,False,other_share_pct,35.84
UK,Regno Unito,2024,False,other_share_pct,34.03
UK,Regno Unito,2025,True,other_share_pct,33.74
UK,Regno Unito,2026,True,other_share_pct,34.87
US,Stati Uniti,2014,False,other_share_pct,36.87
US,Stati Uniti,2015,False,other_share_pct,36.51
US,Stati Uniti,2016,False,other_share_pct,28.73
US,Stati Uniti,2017,False,other_share_pct,31.52
US,Stati Uniti,2018,False,other_share_pct,32.03
US,Stati Uniti,2019,False,other_share_pct,30.84
US,Stati Uniti,2020,False,other_share_pct,30.51
US,Stati Uniti,2021,False,other_share_pct,41.69
US,Stati Uniti,2022,False,other_share_pct,41.58
US,Stati Uniti,2023,False,other_share_pct,42.81
US,Stati Uniti,2024,False,other_share_pct,43.16
US,Stati Uniti,2025,True,other_share_pct,42.23
US,Stati Uniti,2026,True,other_share_pct,42.53
AL,Albania,2014,False,personnel_k,6.7
AL,Albania,2015,False,personnel_k,6.2
AL,Albania,2016,False,personnel_k,5.8
AL,Albania,2017,False,personnel_k,6.8
AL,Albania,2018,False,personnel_k,6.8
AL,Albania,2019,False,personnel_k,6.8
AL,Albania,2020,False,personnel_k,6.7
AL,Albania,2021,False,personnel_k,6.6
AL,Albania,2022,False,personnel_k,6.6
AL,Albania,2023,False,personnel_k,6.4
AL,Albania,2024,False,personnel_k,7.0
AL,Albania,2025,True,personnel_k,6.6
AL,Albania,2026,True,personnel_k,6.9
BE,Belgio,2014,False,personnel_k,30.5
BE,Belgio,2015,False,personnel_k,29.7
BE,Belgio,2016,False,personnel_k,28.8
BE,Belgio,2017,False,personnel_k,27.8
BE,Belgio,2018,False,personnel_k,26.5
BE,Belgio,2019,False,personnel_k,23.3
BE,Belgio,2020,False,personnel_k,22.8
BE,Belgio,2021,False,personnel_k,22.1
BE,Belgio,2022,False,personnel_k,21.4
BE,Belgio,2023,False,personnel_k,21.1
BE,Belgio,2024,False,personnel_k,21.3
BE,Belgio,2025,True,personnel_k,22.1
BE,Belgio,2026,True,personnel_k,22.9
BG,Bulgaria,2014,False,personnel_k,27.5
BG,Bulgaria,2015,False,personnel_k,24.9
BG,Bulgaria,2016,False,personnel_k,24.7
BG,Bulgaria,2017,False,personnel_k,24.3
BG,Bulgaria,2018,False,personnel_k,24.4
BG,Bulgaria,2019,False,personnel_k,24.6
BG,Bulgaria,2020,False,personnel_k,25.0
BG,Bulgaria,2021,False,personnel_k,25.7
BG,Bulgaria,2022,False,personnel_k,25.6
BG,Bulgaria,2023,False,personnel_k,25.6
BG,Bulgaria,2024,False,personnel_k,25.5
BG,Bulgaria,2025,True,personnel_k,26.4
BG,Bulgaria,2026,True,personnel_k,27.3
CA,Canada,2014,False,personnel_k,65.9
CA,Canada,2015,False,personnel_k,70.3
CA,Canada,2016,False,personnel_k,70.5
CA,Canada,2017,False,personnel_k,68.2
CA,Canada,2018,False,personnel_k,70.3
CA,Canada,2019,False,personnel_k,71.8
CA,Canada,2020,False,personnel_k,70.3
CA,Canada,2021,False,personnel_k,68.2
CA,Canada,2022,False,personnel_k,67.4
CA,Canada,2023,False,personnel_k,68.6
CA,Canada,2024,False,personnel_k,70.6
CA,Canada,2025,True,personnel_k,70.9
CA,Canada,2026,True,personnel_k,77.1
CZ,Cechia,2014,False,personnel_k,20.2
CZ,Cechia,2015,False,personnel_k,21.5
CZ,Cechia,2016,False,personnel_k,22.7
CZ,Cechia,2017,False,personnel_k,23.8
CZ,Cechia,2018,False,personnel_k,24.7
CZ,Cechia,2019,False,personnel_k,25.3
CZ,Cechia,2020,False,personnel_k,26.1
CZ,Cechia,2021,False,personnel_k,26.4
CZ,Cechia,2022,False,personnel_k,26.6
CZ,Cechia,2023,False,personnel_k,27.6
CZ,Cechia,2024,False,personnel_k,28.0
CZ,Cechia,2025,True,personnel_k,28.8
CZ,Cechia,2026,True,personnel_k,32.1
DE,Germania,2014,False,personnel_k,178.8
DE,Germania,2015,False,personnel_k,177.2
DE,Germania,2016,False,personnel_k,177.9
DE,Germania,2017,False,personnel_k,179.8
DE,Germania,2018,False,personnel_k,181.5
DE,Germania,2019,False,personnel_k,183.8
DE,Germania,2020,False,personnel_k,183.9
DE,Germania,2021,False,personnel_k,183.9
DE,Germania,2022,False,personnel_k,183.2
DE,Germania,2023,False,personnel_k,181.7
DE,Germania,2024,False,personnel_k,181.4
DE,Germania,2025,True,personnel_k,182.3
DE,Germania,2026,True,personnel_k,183.2
DK,Danimarca,2014,False,personnel_k,16.9
DK,Danimarca,2015,False,personnel_k,17.2
DK,Danimarca,2016,False,personnel_k,17.3
DK,Danimarca,2017,False,personnel_k,16.7
DK,Danimarca,2018,False,personnel_k,17.2
DK,Danimarca,2019,False,personnel_k,16.3
DK,Danimarca,2020,False,personnel_k,16.9
DK,Danimarca,2021,False,personnel_k,16.9
DK,Danimarca,2022,False,personnel_k,16.7
DK,Danimarca,2023,False,personnel_k,17.3
DK,Danimarca,2024,False,personnel_k,17.7
DK,Danimarca,2025,True,personnel_k,18.0
DK,Danimarca,2026,True,personnel_k,18.5
EE,Estonia,2014,False,personnel_k,6.3
EE,Estonia,2015,False,personnel_k,6.0
EE,Estonia,2016,False,personnel_k,6.1
EE,Estonia,2017,False,personnel_k,6.0
EE,Estonia,2018,False,personnel_k,6.2
EE,Estonia,2019,False,personnel_k,6.3
EE,Estonia,2020,False,personnel_k,6.7
EE,Estonia,2021,False,personnel_k,6.6
EE,Estonia,2022,False,personnel_k,6.3
EE,Estonia,2023,False,personnel_k,6.4
EE,Estonia,2024,False,personnel_k,6.6
EE,Estonia,2025,True,personnel_k,7.8
EE,Estonia,2026,True,personnel_k,5.1
EL,Grecia,2014,False,personnel_k,107.3
EL,Grecia,2015,False,personnel_k,104.4
EL,Grecia,2016,False,personnel_k,106.0
EL,Grecia,2017,False,personnel_k,106.8
EL,Grecia,2018,False,personnel_k,109.2
EL,Grecia,2019,False,personnel_k,102.5
EL,Grecia,2020,False,personnel_k,106.6
EL,Grecia,2021,False,personnel_k,108.1
EL,Grecia,2022,False,personnel_k,107.3
EL,Grecia,2023,False,personnel_k,109.7
EL,Grecia,2024,False,personnel_k,109.2
EL,Grecia,2025,True,personnel_k,107.1
EL,Grecia,2026,True,personnel_k,113.1
ES,Spagna,2014,False,personnel_k,121.8
ES,Spagna,2015,False,personnel_k,121.6
ES,Spagna,2016,False,personnel_k,121.0
ES,Spagna,2017,False,personnel_k,117.7
ES,Spagna,2018,False,personnel_k,117.4
ES,Spagna,2019,False,personnel_k,117.0
ES,Spagna,2020,False,personnel_k,118.7
ES,Spagna,2021,False,personnel_k,118.7
ES,Spagna,2022,False,personnel_k,117.3
ES,Spagna,2023,False,personnel_k,116.4
ES,Spagna,2024,False,personnel_k,116.7
ES,Spagna,2025,True,personnel_k,117.4
ES,Spagna,2026,True,personnel_k,119.9
FI,Finlandia,2014,False,personnel_k,32.5
FI,Finlandia,2015,False,personnel_k,31.0
FI,Finlandia,2016,False,personnel_k,31.3
FI,Finlandia,2017,False,personnel_k,31.0
FI,Finlandia,2018,False,personnel_k,31.8
FI,Finlandia,2019,False,personnel_k,31.1
FI,Finlandia,2020,False,personnel_k,31.3
FI,Finlandia,2021,False,personnel_k,31.1
FI,Finlandia,2022,False,personnel_k,30.5
FI,Finlandia,2023,False,personnel_k,25.9
FI,Finlandia,2024,False,personnel_k,27.0
FI,Finlandia,2025,True,personnel_k,27.7
FI,Finlandia,2026,True,personnel_k,28.1
FR,Francia,2014,False,personnel_k,207.0
FR,Francia,2015,False,personnel_k,204.8
FR,Francia,2016,False,personnel_k,208.1
FR,Francia,2017,False,personnel_k,208.2
FR,Francia,2018,False,personnel_k,208.2
FR,Francia,2019,False,personnel_k,207.8
FR,Francia,2020,False,personnel_k,207.6
FR,Francia,2021,False,personnel_k,207.6
FR,Francia,2022,False,personnel_k,207.1
FR,Francia,2023,False,personnel_k,205.3
FR,Francia,2024,False,personnel_k,201.3
FR,Francia,2025,True,personnel_k,201.7
FR,Francia,2026,True,personnel_k,202.0
HR,Croazia,2014,False,personnel_k,15.4
HR,Croazia,2015,False,personnel_k,15.1
HR,Croazia,2016,False,personnel_k,14.8
HR,Croazia,2017,False,personnel_k,14.8
HR,Croazia,2018,False,personnel_k,15.0
HR,Croazia,2019,False,personnel_k,14.8
HR,Croazia,2020,False,personnel_k,14.7
HR,Croazia,2021,False,personnel_k,14.9
HR,Croazia,2022,False,personnel_k,14.4
HR,Croazia,2023,False,personnel_k,13.9
HR,Croazia,2024,False,personnel_k,13.5
HR,Croazia,2025,True,personnel_k,13.6
HR,Croazia,2026,True,personnel_k,14.3
HU,Ungheria,2014,False,personnel_k,17.5
HU,Ungheria,2015,False,personnel_k,17.4
HU,Ungheria,2016,False,personnel_k,17.9
HU,Ungheria,2017,False,personnel_k,18.7
HU,Ungheria,2018,False,personnel_k,19.9
HU,Ungheria,2019,False,personnel_k,18.9
HU,Ungheria,2020,False,personnel_k,19.8
HU,Ungheria,2021,False,personnel_k,20.0
HU,Ungheria,2022,False,personnel_k,19.7
HU,Ungheria,2023,False,personnel_k,17.6
HU,Ungheria,2024,False,personnel_k,18.7
HU,Ungheria,2025,True,personnel_k,19.9
HU,Ungheria,2026,True,personnel_k,20.6
IT,Italia,2014,False,personnel_k,183.5
IT,Italia,2015,False,personnel_k,178.4
IT,Italia,2016,False,personnel_k,176.3
IT,Italia,2017,False,personnel_k,174.6
IT,Italia,2018,False,personnel_k,174.1
IT,Italia,2019,False,personnel_k,176.4
IT,Italia,2020,False,personnel_k,173.4
IT,Italia,2021,False,personnel_k,170.3
IT,Italia,2022,False,personnel_k,170.0
IT,Italia,2023,False,personnel_k,169.2
IT,Italia,2024,False,personnel_k,168.9
IT,Italia,2025,True,personnel_k,185.4
IT,Italia,2026,True,personnel_k,191.6
LT,Lituania,2014,False,personnel_k,8.6
LT,Lituania,2015,False,personnel_k,11.8
LT,Lituania,2016,False,personnel_k,11.8
LT,Lituania,2017,False,personnel_k,13.5
LT,Lituania,2018,False,personnel_k,14.3
LT,Lituania,2019,False,personnel_k,14.9
LT,Lituania,2020,False,personnel_k,15.1
LT,Lituania,2021,False,personnel_k,15.2
LT,Lituania,2022,False,personnel_k,15.7
LT,Lituania,2023,False,personnel_k,16.5
LT,Lituania,2024,False,personnel_k,17.3
LT,Lituania,2025,True,personnel_k,19.0
LT,Lituania,2026,True,personnel_k,20.2
LU,Lussemburgo,2014,False,personnel_k,0.8
LU,Lussemburgo,2015,False,personnel_k,0.8
LU,Lussemburgo,2016,False,personnel_k,0.8
LU,Lussemburgo,2017,False,personnel_k,0.8
LU,Lussemburgo,2018,False,personnel_k,0.9
LU,Lussemburgo,2019,False,personnel_k,0.9
LU,Lussemburgo,2020,False,personnel_k,0.8
LU,Lussemburgo,2021,False,personnel_k,0.9
LU,Lussemburgo,2022,False,personnel_k,0.9
LU,Lussemburgo,2023,False,personnel_k,0.9
LU,Lussemburgo,2024,False,personnel_k,0.9
LU,Lussemburgo,2025,True,personnel_k,1.0
LU,Lussemburgo,2026,True,personnel_k,1.0
LV,Lettonia,2014,False,personnel_k,4.6
LV,Lettonia,2015,False,personnel_k,4.8
LV,Lettonia,2016,False,personnel_k,5.2
LV,Lettonia,2017,False,personnel_k,5.5
LV,Lettonia,2018,False,personnel_k,5.9
LV,Lettonia,2019,False,personnel_k,6.0
LV,Lettonia,2020,False,personnel_k,6.4
LV,Lettonia,2021,False,personnel_k,6.5
LV,Lettonia,2022,False,personnel_k,6.4
LV,Lettonia,2023,False,personnel_k,6.9
LV,Lettonia,2024,False,personnel_k,7.7
LV,Lettonia,2025,True,personnel_k,8.2
LV,Lettonia,2026,True,personnel_k,8.3
ME,Montenegro,2014,False,personnel_k,1.9
ME,Montenegro,2015,False,personnel_k,1.7
ME,Montenegro,2016,False,personnel_k,1.5
ME,Montenegro,2017,False,personnel_k,1.5
ME,Montenegro,2018,False,personnel_k,1.5
ME,Montenegro,2019,False,personnel_k,1.5
ME,Montenegro,2020,False,personnel_k,1.9
ME,Montenegro,2021,False,personnel_k,1.6
ME,Montenegro,2022,False,personnel_k,1.6
ME,Montenegro,2023,False,personnel_k,1.7
ME,Montenegro,2024,False,personnel_k,1.6
ME,Montenegro,2025,True,personnel_k,1.7
ME,Montenegro,2026,True,personnel_k,2.0
MK,Macedonia del Nord,2014,False,personnel_k,6.5
MK,Macedonia del Nord,2015,False,personnel_k,6.8
MK,Macedonia del Nord,2016,False,personnel_k,6.6
MK,Macedonia del Nord,2017,False,personnel_k,6.3
MK,Macedonia del Nord,2018,False,personnel_k,6.5
MK,Macedonia del Nord,2019,False,personnel_k,6.4
MK,Macedonia del Nord,2020,False,personnel_k,6.4
MK,Macedonia del Nord,2021,False,personnel_k,6.1
MK,Macedonia del Nord,2022,False,personnel_k,5.9
MK,Macedonia del Nord,2023,False,personnel_k,5.7
MK,Macedonia del Nord,2024,False,personnel_k,5.8
MK,Macedonia del Nord,2025,True,personnel_k,6.0
MK,Macedonia del Nord,2026,True,personnel_k,6.1
NATO_EUR_CAN,NATO Europa e Canada,2014,False,personnel_k,1890.8
NATO_EUR_CAN,NATO Europa e Canada,2015,False,personnel_k,1810.7
NATO_EUR_CAN,NATO Europa e Canada,2016,False,personnel_k,1788.3
NATO_EUR_CAN,NATO Europa e Canada,2017,False,personnel_k,1857.1
NATO_EUR_CAN,NATO Europa e Canada,2018,False,personnel_k,1893.0
NATO_EUR_CAN,NATO Europa e Canada,2019,False,personnel_k,1883.7
NATO_EUR_CAN,NATO Europa e Canada,2020,False,personnel_k,1896.7
NATO_EUR_CAN,NATO Europa e Canada,2021,False,personnel_k,1968.3
NATO_EUR_CAN,NATO Europa e Canada,2022,False,personnel_k,1968.2
NATO_EUR_CAN,NATO Europa e Canada,2023,False,personnel_k,1932.4
NATO_EUR_CAN,NATO Europa e Canada,2024,False,personnel_k,1942.9
NATO_EUR_CAN,NATO Europa e Canada,2025,True,personnel_k,2024.6
NATO_EUR_CAN,NATO Europa e Canada,2026,True,personnel_k,2118.6
NATO_TOTAL,NATO totale,2014,False,personnel_k,3228.9
NATO_TOTAL,NATO totale,2015,False,personnel_k,3124.8
NATO_TOTAL,NATO totale,2016,False,personnel_k,3089.8
NATO_TOTAL,NATO totale,2017,False,personnel_k,3163.0
NATO_TOTAL,NATO totale,2018,False,personnel_k,3210.5
NATO_TOTAL,NATO totale,2019,False,personnel_k,3212.9
NATO_TOTAL,NATO totale,2020,False,personnel_k,3243.4
NATO_TOTAL,NATO totale,2021,False,personnel_k,3317.3
NATO_TOTAL,NATO totale,2022,False,personnel_k,3285.2
NATO_TOTAL,NATO totale,2023,False,personnel_k,3218.4
NATO_TOTAL,NATO totale,2024,False,personnel_k,3214.1
NATO_TOTAL,NATO totale,2025,True,personnel_k,3322.7
NATO_TOTAL,NATO totale,2026,True,personnel_k,3440.5
NL,Paesi Bassi,2014,False,personnel_k,41.2
NL,Paesi Bassi,2015,False,personnel_k,40.6
NL,Paesi Bassi,2016,False,personnel_k,40.0
NL,Paesi Bassi,2017,False,personnel_k,39.5
NL,Paesi Bassi,2018,False,personnel_k,39.3
NL,Paesi Bassi,2019,False,personnel_k,39.7
NL,Paesi Bassi,2020,False,personnel_k,40.4
NL,Paesi Bassi,2021,False,personnel_k,40.9
NL,Paesi Bassi,2022,False,personnel_k,40.6
NL,Paesi Bassi,2023,False,personnel_k,41.7
NL,Paesi Bassi,2024,False,personnel_k,43.0
NL,Paesi Bassi,2025,True,personnel_k,45.1
NL,Paesi Bassi,2026,True,personnel_k,47.3
NO,Norvegia,2014,False,personnel_k,21.0
NO,Norvegia,2015,False,personnel_k,20.9
NO,Norvegia,2016,False,personnel_k,20.5
NO,Norvegia,2017,False,personnel_k,20.2
NO,Norvegia,2018,False,personnel_k,20.2
NO,Norvegia,2019,False,personnel_k,19.2
NO,Norvegia,2020,False,personnel_k,20.6
NO,Norvegia,2021,False,personnel_k,23.1
NO,Norvegia,2022,False,personnel_k,23.5
NO,Norvegia,2023,False,personnel_k,24.0
NO,Norvegia,2024,False,personnel_k,26.0
NO,Norvegia,2025,True,personnel_k,26.7
NO,Norvegia,2026,True,personnel_k,28.0
PL,Polonia,2014,False,personnel_k,99.0
PL,Polonia,2015,False,personnel_k,98.9
PL,Polonia,2016,False,personnel_k,101.6
PL,Polonia,2017,False,personnel_k,105.3
PL,Polonia,2018,False,personnel_k,109.5
PL,Polonia,2019,False,personnel_k,113.1
PL,Polonia,2020,False,personnel_k,116.2
PL,Polonia,2021,False,personnel_k,166.8
PL,Polonia,2022,False,personnel_k,176.0
PL,Polonia,2023,False,personnel_k,208.7
PL,Polonia,2024,False,personnel_k,216.9
PL,Polonia,2025,True,personnel_k,238.2
PL,Polonia,2026,True,personnel_k,263.6
PT,Portogallo,2014,False,personnel_k,30.7
PT,Portogallo,2015,False,personnel_k,28.3
PT,Portogallo,2016,False,personnel_k,29.8
PT,Portogallo,2017,False,personnel_k,27.8
PT,Portogallo,2018,False,personnel_k,26.9
PT,Portogallo,2019,False,personnel_k,23.8
PT,Portogallo,2020,False,personnel_k,23.7
PT,Portogallo,2021,False,personnel_k,25.3
PT,Portogallo,2022,False,personnel_k,22.5
PT,Portogallo,2023,False,personnel_k,24.8
PT,Portogallo,2024,False,personnel_k,24.5
PT,Portogallo,2025,True,personnel_k,25.2
PT,Portogallo,2026,True,personnel_k,30.5
RO,Romania,2014,False,personnel_k,65.1
RO,Romania,2015,False,personnel_k,64.5
RO,Romania,2016,False,personnel_k,63.4
RO,Romania,2017,False,personnel_k,64.0
RO,Romania,2018,False,personnel_k,64.0
RO,Romania,2019,False,personnel_k,64.5
RO,Romania,2020,False,personnel_k,66.4
RO,Romania,2021,False,personnel_k,68.6
RO,Romania,2022,False,personnel_k,66.7
RO,Romania,2023,False,personnel_k,63.9
RO,Romania,2024,False,personnel_k,70.2
RO,Romania,2025,True,personnel_k,69.8
RO,Romania,2026,True,personnel_k,80.3
SE,Svezia,2014,False,personnel_k,14.7
SE,Svezia,2015,False,personnel_k,15.0
SE,Svezia,2016,False,personnel_k,15.0
SE,Svezia,2017,False,personnel_k,15.9
SE,Svezia,2018,False,personnel_k,17.8
SE,Svezia,2019,False,personnel_k,19.1
SE,Svezia,2020,False,personnel_k,20.1
SE,Svezia,2021,False,personnel_k,21.1
SE,Svezia,2022,False,personnel_k,20.9
SE,Svezia,2023,False,personnel_k,22.3
SE,Svezia,2024,False,personnel_k,23.9
SE,Svezia,2025,True,personnel_k,25.7
SE,Svezia,2026,True,personnel_k,26.8
SI,Slovenia,2014,False,personnel_k,6.8
SI,Slovenia,2015,False,personnel_k,6.6
SI,Slovenia,2016,False,personnel_k,6.5
SI,Slovenia,2017,False,personnel_k,6.3
SI,Slovenia,2018,False,personnel_k,6.2
SI,Slovenia,2019,False,personnel_k,6.0
SI,Slovenia,2020,False,personnel_k,6.0
SI,Slovenia,2021,False,personnel_k,6.0
SI,Slovenia,2022,False,personnel_k,5.8
SI,Slovenia,2023,False,personnel_k,5.8
SI,Slovenia,2024,False,personnel_k,5.7
SI,Slovenia,2025,True,personnel_k,5.9
SI,Slovenia,2026,True,personnel_k,5.9
SK,Slovacchia,2014,False,personnel_k,12.4
SK,Slovacchia,2015,False,personnel_k,12.4
SK,Slovacchia,2016,False,personnel_k,12.2
SK,Slovacchia,2017,False,personnel_k,12.2
SK,Slovacchia,2018,False,personnel_k,12.2
SK,Slovacchia,2019,False,personnel_k,12.7
SK,Slovacchia,2020,False,personnel_k,13.1
SK,Slovacchia,2021,False,personnel_k,13.1
SK,Slovacchia,2022,False,personnel_k,13.2
SK,Slovacchia,2023,False,personnel_k,13.0
SK,Slovacchia,2024,False,personnel_k,12.9
SK,Slovacchia,2025,True,personnel_k,13.5
SK,Slovacchia,2026,True,personnel_k,14.1
TR,Turchia,2014,False,personnel_k,426.6
TR,Turchia,2015,False,personnel_k,384.8
TR,Turchia,2016,False,personnel_k,359.3
TR,Turchia,2017,False,personnel_k,416.7
TR,Turchia,2018,False,personnel_k,444.3
TR,Turchia,2019,False,personnel_k,441.8
TR,Turchia,2020,False,personnel_k,433.0
TR,Turchia,2021,False,personnel_k,450.0
TR,Turchia,2022,False,personnel_k,455.9
TR,Turchia,2023,False,personnel_k,373.4
TR,Turchia,2024,False,personnel_k,343.9
TR,Turchia,2025,True,personnel_k,377.1
TR,Turchia,2026,True,personnel_k,395.8
UK,Regno Unito,2014,False,personnel_k,168.7
UK,Regno Unito,2015,False,personnel_k,141.4
UK,Regno Unito,2016,False,personnel_k,139.5
UK,Regno Unito,2017,False,personnel_k,149.4
UK,Regno Unito,2018,False,personnel_k,146.6
UK,Regno Unito,2019,False,personnel_k,144.0
UK,Regno Unito,2020,False,personnel_k,147.3
UK,Regno Unito,2021,False,personnel_k,148.2
UK,Regno Unito,2022,False,personnel_k,143.6
UK,Regno Unito,2023,False,personnel_k,132.5
UK,Regno Unito,2024,False,personnel_k,128.9
UK,Regno Unito,2025,True,personnel_k,126.1
UK,Regno Unito,2026,True,personnel_k,125.9
US,Stati Uniti,2014,False,personnel_k,1338.2
US,Stati Uniti,2015,False,personnel_k,1314.1
US,Stati Uniti,2016,False,personnel_k,1301.4
US,Stati Uniti,2017,False,personnel_k,1305.9
US,Stati Uniti,2018,False,personnel_k,1317.4
US,Stati Uniti,2019,False,personnel_k,1329.2
US,Stati Uniti,2020,False,personnel_k,1346.7
US,Stati Uniti,2021,False,personnel_k,1349.0
US,Stati Uniti,2022,False,personnel_k,1317.0
US,Stati Uniti,2023,False,personnel_k,1286.0
US,Stati Uniti,2024,False,personnel_k,1271.2
US,Stati Uniti,2025,True,personnel_k,1298.1
US,Stati Uniti,2026,True,personnel_k,1321.9
AL,Albania,2014,False,personnel_share_pct,68.05
AL,Albania,2015,False,personnel_share_pct,78.15
AL,Albania,2016,False,personnel_share_pct,68.05
AL,Albania,2017,False,personnel_share_pct,68.2
AL,Albania,2018,False,personnel_share_pct,70.7
AL,Albania,2019,False,personnel_share_pct,62.89
AL,Albania,2020,False,personnel_share_pct,64.41
AL,Albania,2021,False,personnel_share_pct,63.57
AL,Albania,2022,False,personnel_share_pct,60.05
AL,Albania,2023,False,personnel_share_pct,52.25
AL,Albania,2024,False,personnel_share_pct,51.42
AL,Albania,2025,True,personnel_share_pct,54.27
AL,Albania,2026,True,personnel_share_pct,34.07
BE,Belgio,2014,False,personnel_share_pct,77.84
BE,Belgio,2015,False,personnel_share_pct,78.23
BE,Belgio,2016,False,personnel_share_pct,76.8
BE,Belgio,2017,False,personnel_share_pct,75.2
BE,Belgio,2018,False,personnel_share_pct,70.69
BE,Belgio,2019,False,personnel_share_pct,68.38
BE,Belgio,2020,False,personnel_share_pct,63.58
BE,Belgio,2021,False,personnel_share_pct,56.79
BE,Belgio,2022,False,personnel_share_pct,49.89
BE,Belgio,2023,False,personnel_share_pct,50.09
BE,Belgio,2024,False,personnel_share_pct,47.99
BE,Belgio,2025,True,personnel_share_pct,31.94
BE,Belgio,2026,True,personnel_share_pct,32.56
BG,Bulgaria,2014,False,personnel_share_pct,72.84
BG,Bulgaria,2015,False,personnel_share_pct,73.66
BG,Bulgaria,2016,False,personnel_share_pct,65.64
BG,Bulgaria,2017,False,personnel_share_pct,68.33
BG,Bulgaria,2018,False,personnel_share_pct,62.99
BG,Bulgaria,2019,False,personnel_share_pct,29.42
BG,Bulgaria,2020,False,personnel_share_pct,63.79
BG,Bulgaria,2021,False,personnel_share_pct,65.59
BG,Bulgaria,2022,False,personnel_share_pct,57.8
BG,Bulgaria,2023,False,personnel_share_pct,53.14
BG,Bulgaria,2024,False,personnel_share_pct,55.15
BG,Bulgaria,2025,True,personnel_share_pct,55.29
BG,Bulgaria,2026,True,personnel_share_pct,53.53
CA,Canada,2014,False,personnel_share_pct,50.9
CA,Canada,2015,False,personnel_share_pct,53.76
CA,Canada,2016,False,personnel_share_pct,53.11
CA,Canada,2017,False,personnel_share_pct,57.37
CA,Canada,2018,False,personnel_share_pct,51.02
CA,Canada,2019,False,personnel_share_pct,49.54
CA,Canada,2020,False,personnel_share_pct,49.23
CA,Canada,2021,False,personnel_share_pct,49.92
CA,Canada,2022,False,personnel_share_pct,48.44
CA,Canada,2023,False,personnel_share_pct,47.11
CA,Canada,2024,False,personnel_share_pct,44.66
CA,Canada,2025,True,personnel_share_pct,38.31
CA,Canada,2026,True,personnel_share_pct,35.97
CZ,Cechia,2014,False,personnel_share_pct,61.4
CZ,Cechia,2015,False,personnel_share_pct,55.25
CZ,Cechia,2016,False,personnel_share_pct,61.95
CZ,Cechia,2017,False,personnel_share_pct,56.11
CZ,Cechia,2018,False,personnel_share_pct,54.57
CZ,Cechia,2019,False,personnel_share_pct,51.82
CZ,Cechia,2020,False,personnel_share_pct,49.72
CZ,Cechia,2021,False,personnel_share_pct,44.7
CZ,Cechia,2022,False,personnel_share_pct,42.85
CZ,Cechia,2023,False,personnel_share_pct,42.86
CZ,Cechia,2024,False,personnel_share_pct,28.27
CZ,Cechia,2025,True,personnel_share_pct,30.76
CZ,Cechia,2026,True,personnel_share_pct,30.4
DE,Germania,2014,False,personnel_share_pct,50.67
DE,Germania,2015,False,personnel_share_pct,49.86
DE,Germania,2016,False,personnel_share_pct,48.35
DE,Germania,2017,False,personnel_share_pct,48.96
DE,Germania,2018,False,personnel_share_pct,47.99
DE,Germania,2019,False,personnel_share_pct,45.26
DE,Germania,2020,False,personnel_share_pct,42.22
DE,Germania,2021,False,personnel_share_pct,42.28
DE,Germania,2022,False,personnel_share_pct,39.26
DE,Germania,2023,False,personnel_share_pct,35.77
DE,Germania,2024,False,personnel_share_pct,29.38
DE,Germania,2025,True,personnel_share_pct,27.02
DE,Germania,2026,True,personnel_share_pct,22.86
DK,Danimarca,2014,False,personnel_share_pct,51.27
DK,Danimarca,2015,False,personnel_share_pct,52.01
DK,Danimarca,2016,False,personnel_share_pct,49.51
DK,Danimarca,2017,False,personnel_share_pct,47.01
DK,Danimarca,2018,False,personnel_share_pct,49.88
DK,Danimarca,2019,False,personnel_share_pct,48.25
DK,Danimarca,2020,False,personnel_share_pct,46.07
DK,Danimarca,2021,False,personnel_share_pct,48.31
DK,Danimarca,2022,False,personnel_share_pct,40.88
DK,Danimarca,2023,False,personnel_share_pct,29.58
DK,Danimarca,2024,False,personnel_share_pct,28.15
DK,Danimarca,2025,True,personnel_share_pct,19.22
DK,Danimarca,2026,True,personnel_share_pct,17.69
EE,Estonia,2014,False,personnel_share_pct,38.62
EE,Estonia,2015,False,personnel_share_pct,39.56
EE,Estonia,2016,False,personnel_share_pct,38.7
EE,Estonia,2017,False,personnel_share_pct,34.89
EE,Estonia,2018,False,personnel_share_pct,33.83
EE,Estonia,2019,False,personnel_share_pct,34.18
EE,Estonia,2020,False,personnel_share_pct,32.67
EE,Estonia,2021,False,personnel_share_pct,33.61
EE,Estonia,2022,False,personnel_share_pct,29.41
EE,Estonia,2023,False,personnel_share_pct,24.31
EE,Estonia,2024,False,personnel_share_pct,21.98
EE,Estonia,2025,True,personnel_share_pct,20.16
EE,Estonia,2026,True,personnel_share_pct,18.41
EL,Grecia,2014,False,personnel_share_pct,77.18
EL,Grecia,2015,False,personnel_share_pct,72.05
EL,Grecia,2016,False,personnel_share_pct,73.13
EL,Grecia,2017,False,personnel_share_pct,76.56
EL,Grecia,2018,False,personnel_share_pct,78.76
EL,Grecia,2019,False,personnel_share_pct,77.08
EL,Grecia,2020,False,personnel_share_pct,74.58
EL,Grecia,2021,False,personnel_share_pct,53.78
EL,Grecia,2022,False,personnel_share_pct,45.92
EL,Grecia,2023,False,personnel_share_pct,61.59
EL,Grecia,2024,False,personnel_share_pct,61.12
EL,Grecia,2025,True,personnel_share_pct,59.06
EL,Grecia,2026,True,personnel_share_pct,52.22
ES,Spagna,2014,False,personnel_share_pct,67.34
ES,Spagna,2015,False,personnel_share_pct,65.18
ES,Spagna,2016,False,personnel_share_pct,72.61
ES,Spagna,2017,False,personnel_share_pct,61.64
ES,Spagna,2018,False,personnel_share_pct,59.64
ES,Spagna,2019,False,personnel_share_pct,61.86
ES,Spagna,2020,False,personnel_share_pct,62.54
ES,Spagna,2021,False,personnel_share_pct,58.7
ES,Spagna,2022,False,personnel_share_pct,52.7
ES,Spagna,2023,False,personnel_share_pct,49.3
ES,Spagna,2024,False,personnel_share_pct,51.43
ES,Spagna,2025,True,personnel_share_pct,37.7
ES,Spagna,2026,True,personnel_share_pct,38.55
FI,Finlandia,2014,False,personnel_share_pct,40.24
FI,Finlandia,2015,False,personnel_share_pct,37.88
FI,Finlandia,2016,False,personnel_share_pct,38.86
FI,Finlandia,2017,False,personnel_share_pct,40.52
FI,Finlandia,2018,False,personnel_share_pct,38.95
FI,Finlandia,2019,False,personnel_share_pct,34.47
FI,Finlandia,2020,False,personnel_share_pct,33.84
FI,Finlandia,2021,False,personnel_share_pct,35.09
FI,Finlandia,2022,False,personnel_share_pct,28.64
FI,Finlandia,2023,False,personnel_share_pct,23.08
FI,Finlandia,2024,False,personnel_share_pct,24.45
FI,Finlandia,2025,True,personnel_share_pct,19.16
FI,Finlandia,2026,True,personnel_share_pct,19.92
FR,Francia,2014,False,personnel_share_pct,48.59
FR,Francia,2015,False,personnel_share_pct,47.79
FR,Francia,2016,False,personnel_share_pct,47.94
FR,Francia,2017,False,personnel_share_pct,47.98
FR,Francia,2018,False,personnel_share_pct,46.9
FR,Francia,2019,False,personnel_share_pct,45.59
FR,Francia,2020,False,personnel_share_pct,44.01
FR,Francia,2021,False,personnel_share_pct,42.99
FR,Francia,2022,False,personnel_share_pct,42.33
FR,Francia,2023,False,personnel_share_pct,42.21
FR,Francia,2024,False,personnel_share_pct,39.04
FR,Francia,2025,True,personnel_share_pct,37.99
FR,Francia,2026,True,personnel_share_pct,35.25
HR,Croazia,2014,False,personnel_share_pct,76.55
HR,Croazia,2015,False,personnel_share_pct,72.28
HR,Croazia,2016,False,personnel_share_pct,75.4
HR,Croazia,2017,False,personnel_share_pct,71.72
HR,Croazia,2018,False,personnel_share_pct,76.96
HR,Croazia,2019,False,personnel_share_pct,73.71
HR,Croazia,2020,False,personnel_share_pct,76.15
HR,Croazia,2021,False,personnel_share_pct,56.71
HR,Croazia,2022,False,personnel_share_pct,55.38
HR,Croazia,2023,False,personnel_share_pct,58.3
HR,Croazia,2024,False,personnel_share_pct,58.21
HR,Croazia,2025,True,personnel_share_pct,51.56
HR,Croazia,2026,True,personnel_share_pct,54.14
HU,Ungheria,2014,False,personnel_share_pct,49.77
HU,Ungheria,2015,False,personnel_share_pct,48.21
HU,Ungheria,2016,False,personnel_share_pct,49.66
HU,Ungheria,2017,False,personnel_share_pct,37.13
HU,Ungheria,2018,False,personnel_share_pct,42.33
HU,Ungheria,2019,False,personnel_share_pct,35.37
HU,Ungheria,2020,False,personnel_share_pct,27.18
HU,Ungheria,2021,False,personnel_share_pct,38.74
HU,Ungheria,2022,False,personnel_share_pct,31.42
HU,Ungheria,2023,False,personnel_share_pct,22.77
HU,Ungheria,2024,False,personnel_share_pct,21.59
HU,Ungheria,2025,True,personnel_share_pct,25.06
HU,Ungheria,2026,True,personnel_share_pct,31.32
IT,Italia,2014,False,personnel_share_pct,76.41
IT,Italia,2015,False,personnel_share_pct,77.55
IT,Italia,2016,False,personnel_share_pct,70.79
IT,Italia,2017,False,personnel_share_pct,67.58
IT,Italia,2018,False,personnel_share_pct,68.16
IT,Italia,2019,False,personnel_share_pct,70.21
IT,Italia,2020,False,personnel_share_pct,67.52
IT,Italia,2021,False,personnel_share_pct,63.73
IT,Italia,2022,False,personnel_share_pct,63.67
IT,Italia,2023,False,personnel_share_pct,62.35
IT,Italia,2024,False,personnel_share_pct,60.47
IT,Italia,2025,True,personnel_share_pct,61.25
IT,Italia,2026,True,personnel_share_pct,57.1
LT,Lituania,2014,False,personnel_share_pct,57.53
LT,Lituania,2015,False,personnel_share_pct,48.49
LT,Lituania,2016,False,personnel_share_pct,45.5
LT,Lituania,2017,False,personnel_share_pct,40.79
LT,Lituania,2018,False,personnel_share_pct,37.47
LT,Lituania,2019,False,personnel_share_pct,40.02
LT,Lituania,2020,False,personnel_share_pct,41.33
LT,Lituania,2021,False,personnel_share_pct,42.58
LT,Lituania,2022,False,personnel_share_pct,33.21
LT,Lituania,2023,False,personnel_share_pct,32.05
LT,Lituania,2024,False,personnel_share_pct,29.77
LT,Lituania,2025,True,personnel_share_pct,24.69
LT,Lituania,2026,True,personnel_share_pct,21.38
LU,Lussemburgo,2014,False,personnel_share_pct,49.31
LU,Lussemburgo,2015,False,personnel_share_pct,42.77
LU,Lussemburgo,2016,False,personnel_share_pct,45.56
LU,Lussemburgo,2017,False,personnel_share_pct,34.4
LU,Lussemburgo,2018,False,personnel_share_pct,33.42
LU,Lussemburgo,2019,False,personnel_share_pct,30.76
LU,Lussemburgo,2020,False,personnel_share_pct,30.13
LU,Lussemburgo,2021,False,personnel_share_pct,34.58
LU,Lussemburgo,2022,False,personnel_share_pct,28.78
LU,Lussemburgo,2023,False,personnel_share_pct,23.84
LU,Lussemburgo,2024,False,personnel_share_pct,20.59
LU,Lussemburgo,2025,True,personnel_share_pct,14.21
LU,Lussemburgo,2026,True,personnel_share_pct,15.25
LV,Lettonia,2014,False,personnel_share_pct,52.97
LV,Lettonia,2015,False,personnel_share_pct,50.06
LV,Lettonia,2016,False,personnel_share_pct,43.87
LV,Lettonia,2017,False,personnel_share_pct,38.59
LV,Lettonia,2018,False,personnel_share_pct,34.32
LV,Lettonia,2019,False,personnel_share_pct,33.53
LV,Lettonia,2020,False,personnel_share_pct,37.15
LV,Lettonia,2021,False,personnel_share_pct,37.24
LV,Lettonia,2022,False,personnel_share_pct,36.53
LV,Lettonia,2023,False,personnel_share_pct,32.31
LV,Lettonia,2024,False,personnel_share_pct,32.87
LV,Lettonia,2025,True,personnel_share_pct,29.28
LV,Lettonia,2026,True,personnel_share_pct,22.04
ME,Montenegro,2014,False,personnel_share_pct,78.53
ME,Montenegro,2015,False,personnel_share_pct,78.03
ME,Montenegro,2016,False,personnel_share_pct,75.32
ME,Montenegro,2017,False,personnel_share_pct,80.87
ME,Montenegro,2018,False,personnel_share_pct,73.5
ME,Montenegro,2019,False,personnel_share_pct,71.39
ME,Montenegro,2020,False,personnel_share_pct,64.66
ME,Montenegro,2021,False,personnel_share_pct,59.9
ME,Montenegro,2022,False,personnel_share_pct,61.12
ME,Montenegro,2023,False,personnel_share_pct,58.4
ME,Montenegro,2024,False,personnel_share_pct,47.35
ME,Montenegro,2025,True,personnel_share_pct,39.75
ME,Montenegro,2026,True,personnel_share_pct,37.73
MK,Macedonia del Nord,2014,False,personnel_share_pct,72.49
MK,Macedonia del Nord,2015,False,personnel_share_pct,70.95
MK,Macedonia del Nord,2016,False,personnel_share_pct,71.26
MK,Macedonia del Nord,2017,False,personnel_share_pct,75.25
MK,Macedonia del Nord,2018,False,personnel_share_pct,71.53
MK,Macedonia del Nord,2019,False,personnel_share_pct,61.93
MK,Macedonia del Nord,2020,False,personnel_share_pct,63.33
MK,Macedonia del Nord,2021,False,personnel_share_pct,51.03
MK,Macedonia del Nord,2022,False,personnel_share_pct,42.8
MK,Macedonia del Nord,2023,False,personnel_share_pct,47.72
MK,Macedonia del Nord,2024,False,personnel_share_pct,42.92
MK,Macedonia del Nord,2025,True,personnel_share_pct,42.51
MK,Macedonia del Nord,2026,True,personnel_share_pct,41.72
NL,Paesi Bassi,2014,False,personnel_share_pct,56.5
NL,Paesi Bassi,2015,False,personnel_share_pct,55.51
NL,Paesi Bassi,2016,False,personnel_share_pct,51.77
NL,Paesi Bassi,2017,False,personnel_share_pct,52.19
NL,Paesi Bassi,2018,False,personnel_share_pct,51.16
NL,Paesi Bassi,2019,False,personnel_share_pct,49.27
NL,Paesi Bassi,2020,False,personnel_share_pct,48.49
NL,Paesi Bassi,2021,False,personnel_share_pct,47.86
NL,Paesi Bassi,2022,False,personnel_share_pct,47.04
NL,Paesi Bassi,2023,False,personnel_share_pct,30.66
NL,Paesi Bassi,2024,False,personnel_share_pct,40.81
NL,Paesi Bassi,2025,True,personnel_share_pct,33.22
NO,Norvegia,2014,False,personnel_share_pct,40.64
NO,Norvegia,2015,False,personnel_share_pct,39.96
NO,Norvegia,2016,False,personnel_share_pct,38.6
NO,Norvegia,2017,False,personnel_share_pct,37.08
NO,Norvegia,2018,False,personnel_share_pct,36.43
NO,Norvegia,2019,False,personnel_share_pct,34.78
NO,Norvegia,2020,False,personnel_share_pct,34.51
NO,Norvegia,2021,False,personnel_share_pct,34.15
NO,Norvegia,2022,False,personnel_share_pct,34.22
NO,Norvegia,2023,False,personnel_share_pct,33.97
NO,Norvegia,2024,False,personnel_share_pct,29.26
NO,Norvegia,2025,True,personnel_share_pct,21.68
NO,Norvegia,2026,True,personnel_share_pct,20.1
PL,Polonia,2014,False,personnel_share_pct,51.45
PL,Polonia,2015,False,personnel_share_pct,41.96
PL,Polonia,2016,False,personnel_share_pct,47.15
PL,Polonia,2017,False,personnel_share_pct,50.04
PL,Polonia,2018,False,personnel_share_pct,46.14
PL,Polonia,2019,False,personnel_share_pct,46.91
PL,Polonia,2020,False,personnel_share_pct,44.71
PL,Polonia,2021,False,personnel_share_pct,43.55
PL,Polonia,2022,False,personnel_share_pct,42.72
PL,Polonia,2023,False,personnel_share_pct,31.91
PL,Polonia,2024,False,personnel_share_pct,32.23
PL,Polonia,2025,True,personnel_share_pct,29.58
PL,Polonia,2026,True,personnel_share_pct,27.34
PT,Portogallo,2014,False,personnel_share_pct,81.27
PT,Portogallo,2015,False,personnel_share_pct,81.9
PT,Portogallo,2016,False,personnel_share_pct,81.38
PT,Portogallo,2017,False,personnel_share_pct,80.19
PT,Portogallo,2018,False,personnel_share_pct,74.75
PT,Portogallo,2019,False,personnel_share_pct,70.51
PT,Portogallo,2020,False,personnel_share_pct,71.15
PT,Portogallo,2021,False,personnel_share_pct,63.09
PT,Portogallo,2022,False,personnel_share_pct,61.81
PT,Portogallo,2023,False,personnel_share_pct,63.61
PT,Portogallo,2024,False,personnel_share_pct,54.76
PT,Portogallo,2025,True,personnel_share_pct,49.19
RO,Romania,2014,False,personnel_share_pct,71.15
RO,Romania,2015,False,personnel_share_pct,63.3
RO,Romania,2016,False,personnel_share_pct,65.01
RO,Romania,2017,False,personnel_share_pct,54.67
RO,Romania,2018,False,personnel_share_pct,54.48
RO,Romania,2019,False,personnel_share_pct,57.9
RO,Romania,2020,False,personnel_share_pct,59.2
RO,Romania,2021,False,personnel_share_pct,57.79
RO,Romania,2022,False,personnel_share_pct,55.03
RO,Romania,2023,False,personnel_share_pct,59.68
RO,Romania,2024,False,personnel_share_pct,50.39
RO,Romania,2025,True,personnel_share_pct,50.76
RO,Romania,2026,True,personnel_share_pct,44.32
SE,Svezia,2014,False,personnel_share_pct,34.1
SE,Svezia,2015,False,personnel_share_pct,29.92
SE,Svezia,2016,False,personnel_share_pct,32.12
SE,Svezia,2017,False,personnel_share_pct,29.51
SE,Svezia,2018,False,personnel_share_pct,28.17
SE,Svezia,2019,False,personnel_share_pct,29.99
SE,Svezia,2020,False,personnel_share_pct,30.75
SE,Svezia,2021,False,personnel_share_pct,22.66
SE,Svezia,2022,False,personnel_share_pct,21.48
SE,Svezia,2023,False,personnel_share_pct,26.27
SE,Svezia,2024,False,personnel_share_pct,22.76
SE,Svezia,2025,True,personnel_share_pct,21.48
SE,Svezia,2026,True,personnel_share_pct,20.58
SI,Slovenia,2014,False,personnel_share_pct,82.31
SI,Slovenia,2015,False,personnel_share_pct,82.23
SI,Slovenia,2016,False,personnel_share_pct,76.03
SI,Slovenia,2017,False,personnel_share_pct,75.04
SI,Slovenia,2018,False,personnel_share_pct,72.38
SI,Slovenia,2019,False,personnel_share_pct,69.07
SI,Slovenia,2020,False,personnel_share_pct,72.75
SI,Slovenia,2021,False,personnel_share_pct,61.99
SI,Slovenia,2022,False,personnel_share_pct,53.77
SI,Slovenia,2023,False,personnel_share_pct,49.82
SI,Slovenia,2024,False,personnel_share_pct,52.02
SI,Slovenia,2025,True,personnel_share_pct,45.31
SI,Slovenia,2026,True,personnel_share_pct,46.12
SK,Slovacchia,2014,False,personnel_share_pct,69.14
SK,Slovacchia,2015,False,personnel_share_pct,56.24
SK,Slovacchia,2016,False,personnel_share_pct,58.72
SK,Slovacchia,2017,False,personnel_share_pct,58.21
SK,Slovacchia,2018,False,personnel_share_pct,54.74
SK,Slovacchia,2019,False,personnel_share_pct,40.81
SK,Slovacchia,2020,False,personnel_share_pct,42.34
SK,Slovacchia,2021,False,personnel_share_pct,46.61
SK,Slovacchia,2022,False,personnel_share_pct,42.77
SK,Slovacchia,2023,False,personnel_share_pct,43.72
SK,Slovacchia,2024,False,personnel_share_pct,41.88
SK,Slovacchia,2025,True,personnel_share_pct,42.43
SK,Slovacchia,2026,True,personnel_share_pct,43.94
TR,Turchia,2014,False,personnel_share_pct,56.88
TR,Turchia,2015,False,personnel_share_pct,56.82
TR,Turchia,2016,False,personnel_share_pct,57.6
TR,Turchia,2017,False,personnel_share_pct,51.02
TR,Turchia,2018,False,personnel_share_pct,45.18
TR,Turchia,2019,False,personnel_share_pct,48.38
TR,Turchia,2020,False,personnel_share_pct,50.64
TR,Turchia,2021,False,personnel_share_pct,47.88
TR,Turchia,2022,False,personnel_share_pct,45.27
TR,Turchia,2023,False,personnel_share_pct,44.2
TR,Turchia,2024,False,personnel_share_pct,43.2
TR,Turchia,2025,True,personnel_share_pct,36.97
TR,Turchia,2026,True,personnel_share_pct,36.97
UK,Regno Unito,2014,False,personnel_share_pct,36.59
UK,Regno Unito,2015,False,personnel_share_pct,36.8
UK,Regno Unito,2016,False,personnel_share_pct,35.27
UK,Regno Unito,2017,False,personnel_share_pct,34.54
UK,Regno Unito,2018,False,personnel_share_pct,33.75
UK,Regno Unito,2019,False,personnel_share_pct,34.07
UK,Regno Unito,2020,False,personnel_share_pct,33.8
UK,Regno Unito,2021,False,personnel_share_pct,31.49
UK,Regno Unito,2022,False,personnel_share_pct,29.74
UK,Regno Unito,2023,False,personnel_share_pct,30.69
UK,Regno Unito,2024,False,personnel_share_pct,30.37
UK,Regno Unito,2025,True,personnel_share_pct,29.71
UK,Regno Unito,2026,True,personnel_share_pct,27.51
US,Stati Uniti,2014,False,personnel_share_pct,35.45
US,Stati Uniti,2015,False,personnel_share_pct,36.64
US,Stati Uniti,2016,False,personnel_share_pct,45.01
US,Stati Uniti,2017,False,personnel_share_pct,41.53
US,Stati Uniti,2018,False,personnel_share_pct,39.74
US,Stati Uniti,2019,False,personnel_share_pct,38.72
US,Stati Uniti,2020,False,personnel_share_pct,38.47
US,Stati Uniti,2021,False,personnel_share_pct,28.34
US,Stati Uniti,2022,False,personnel_share_pct,29.25
US,Stati Uniti,2023,False,personnel_share_pct,26.96
US,Stati Uniti,2024,False,personnel_share_pct,25.22
US,Stati Uniti,2025,True,personnel_share_pct,27.04
US,Stati Uniti,2026,True,personnel_share_pct,27.22
